run_name,seed,phase,optimizer,lr_scaling,split,epochs,lr,epoch,train_loss,train_acc,test_loss,test_acc,val_loss,val_acc,epoch_seconds
cifar10_resnet18_ef21muonsign,0,other,ef21muonsign,,,75,0.007,0,2.3027898193359375,10.452,2.302789011001587,10.38,,,
cifar10_resnet18_ef21muonsign,0,other,ef21muonsign,,,75,0.007,1,1.2150444607925415,55.92399999999999,0.9208159175872803,69.02000000000001,,,
cifar10_resnet18_ef21muonsign,0,other,ef21muonsign,,,75,0.007,2,0.662051396369934,77.13,0.7695685537338257,75.35,,,
cifar10_resnet18_ef21muonsign,0,other,ef21muonsign,,,75,0.007,3,0.5248906158542633,81.88600000000001,0.5527703594207763,82.23,,,
cifar10_resnet18_ef21muonsign,0,other,ef21muonsign,,,75,0.007,4,0.4453421648788452,84.756,0.489731676197052,83.89,,,
cifar10_resnet18_ef21muonsign,0,other,ef21muonsign,,,75,0.007,5,0.3981556015586853,86.386,0.5044730182647705,83.69,,,
cifar10_resnet18_ef21muonsign,0,other,ef21muonsign,,,75,0.007,6,0.36237139669418333,87.612,0.6263517824172974,80.28999999999999,,,
cifar10_resnet18_ef21muonsign,0,other,ef21muonsign,,,75,0.007,7,0.3391837562084198,88.38000000000001,0.5113694394111633,83.41,,,
cifar10_resnet18_ef21muonsign,0,other,ef21muonsign,,,75,0.007,8,0.32306226247787473,88.984,0.4395336276531219,86.11,,,
cifar10_resnet18_ef21muonsign,0,other,ef21muonsign,,,75,0.007,9,0.3057133804035187,89.458,0.4214064392924309,86.94,,,
cifar10_resnet18_ef21muonsign,0,other,ef21muonsign,,,75,0.007,10,0.2951288208770752,90.012,0.39483705348968506,87.17,,,
cifar10_resnet18_ef21muonsign,0,other,ef21muonsign,,,75,0.007,11,0.2790597758293152,90.58,0.43232916889190676,86.27,,,
cifar10_resnet18_ef21muonsign,0,other,ef21muonsign,,,75,0.007,12,0.26573352596759797,91.026,0.41982790279388427,87.44,,,
cifar10_resnet18_ef21muonsign,0,other,ef21muonsign,,,75,0.007,13,0.2600200323677063,90.93,0.38075911703109744,87.64,,,
cifar10_resnet18_ef21muonsign,0,other,ef21muonsign,,,75,0.007,14,0.24582133525848388,91.594,0.36427140254974366,88.58,,,
cifar10_resnet18_ef21muonsign,0,other,ef21muonsign,,,75,0.007,15,0.24104907992362976,91.822,0.3534733134269714,89.14999999999999,,,
cifar10_resnet18_ef21muonsign,0,other,ef21muonsign,,,75,0.007,16,0.2282311314868927,92.29,0.40159834690093993,87.19,,,
cifar10_resnet18_ef21muonsign,0,other,ef21muonsign,,,75,0.007,17,0.22409304938793181,92.41,0.35733737354278566,88.81,,,
cifar10_resnet18_ef21muonsign,0,other,ef21muonsign,,,75,0.007,18,0.2156730341219902,92.672,0.3464359658718109,89.3,,,
cifar10_resnet18_ef21muonsign,0,other,ef21muonsign,,,75,0.007,19,0.20408875339508056,93.006,0.3460851577758789,89.34,,,
cifar10_resnet18_ef21muonsign,0,other,ef21muonsign,,,75,0.007,20,0.2010583919763565,93.16799999999999,0.3736571614265442,88.23,,,
cifar10_resnet18_ef21muonsign,0,other,ef21muonsign,,,75,0.007,21,0.19156395580768584,93.446,0.333538724565506,89.75999999999999,,,
cifar10_resnet18_ef21muonsign,0,other,ef21muonsign,,,75,0.007,22,0.18845447149276734,93.55,0.3067981495380402,90.52,,,
cifar10_resnet18_ef21muonsign,0,other,ef21muonsign,,,75,0.007,23,0.17963923228263856,93.83200000000001,0.3585475382804871,89.3,,,
cifar10_resnet18_ef21muonsign,0,other,ef21muonsign,,,75,0.007,24,0.1747332726764679,94.048,0.35972493591308596,89.44,,,
cifar10_resnet18_ef21muonsign,0,other,ef21muonsign,,,75,0.007,25,0.16187745501041412,94.44200000000001,0.33848521633148193,90.18,,,
cifar10_resnet18_ef21muonsign,0,other,ef21muonsign,,,75,0.007,26,0.15453374140024184,94.708,0.35890141661167146,89.7,,,
cifar10_resnet18_ef21muonsign,0,other,ef21muonsign,,,75,0.007,27,0.15171132071971893,94.804,0.3533188238620758,89.56,,,
cifar10_resnet18_ef21muonsign,0,other,ef21muonsign,,,75,0.007,28,0.1429088715028763,94.986,0.3783048683166504,89.27000000000001,,,
cifar10_resnet18_ef21muonsign,0,other,ef21muonsign,,,75,0.007,29,0.14008157460689544,95.172,0.34219934425354004,90.13,,,
cifar10_resnet18_ef21muonsign,0,other,ef21muonsign,,,75,0.007,30,0.13000099833011627,95.524,0.45779691858291627,88.01,,,
cifar10_resnet18_ef21muonsign,0,other,ef21muonsign,,,75,0.007,31,0.12714553688049315,95.664,0.36952125883102416,89.29,,,
cifar10_resnet18_ef21muonsign,0,other,ef21muonsign,,,75,0.007,32,0.12013188408851623,95.812,0.3612285901069641,89.96,,,
cifar10_resnet18_ef21muonsign,0,other,ef21muonsign,,,75,0.007,33,0.113073818025589,96.038,0.30901561913490294,91.19,,,
cifar10_resnet18_ef21muonsign,0,other,ef21muonsign,,,75,0.007,34,0.10971287937641144,96.31,0.34092689962387085,90.94,,,
cifar10_resnet18_ef21muonsign,0,other,ef21muonsign,,,75,0.007,35,0.10286922722816468,96.562,0.3054297176837921,91.44,,,
cifar10_resnet18_ef21muonsign,0,other,ef21muonsign,,,75,0.007,36,0.0942953853559494,96.73,0.3604320249080658,91.17,,,
cifar10_resnet18_ef21muonsign,0,other,ef21muonsign,,,75,0.007,37,0.09399621462106705,96.87,0.35409358253479006,91.09,,,
cifar10_resnet18_ef21muonsign,0,other,ef21muonsign,,,75,0.007,38,0.08591434145569801,97.024,0.30627834148406985,91.69,,,
cifar10_resnet18_ef21muonsign,0,other,ef21muonsign,,,75,0.007,39,0.08270348670244217,97.114,0.3245372841835022,91.31,,,
cifar10_resnet18_ef21muonsign,0,other,ef21muonsign,,,75,0.007,40,0.07469144121646881,97.47200000000001,0.3560128035545349,91.22,,,
cifar10_resnet18_ef21muonsign,0,other,ef21muonsign,,,75,0.007,41,0.07367673263788223,97.434,0.3471998122215271,91.28,,,
cifar10_resnet18_ef21muonsign,0,other,ef21muonsign,,,75,0.007,42,0.06657884338378907,97.68,0.3275852288722992,91.64,,,
cifar10_resnet18_ef21muonsign,0,other,ef21muonsign,,,75,0.007,43,0.06228711687684059,97.854,0.33844020681381226,92.13,,,
cifar10_resnet18_ef21muonsign,0,other,ef21muonsign,,,75,0.007,44,0.05847581583619118,98.016,0.3767992100715637,91.44,,,
cifar10_resnet18_ef21muonsign,0,other,ef21muonsign,,,75,0.007,45,0.052885078409314154,98.128,0.3733826166152954,91.73,,,
cifar10_resnet18_ef21muonsign,0,other,ef21muonsign,,,75,0.007,46,0.0520444157230854,98.206,0.35969051666259766,91.92,,,
cifar10_resnet18_ef21muonsign,0,other,ef21muonsign,,,75,0.007,47,0.04827141015052795,98.354,0.40074276208877563,91.73,,,
cifar10_resnet18_ef21muonsign,0,other,ef21muonsign,,,75,0.007,48,0.042283958180248736,98.55000000000001,0.35736555814743043,91.92,,,
cifar10_resnet18_ef21muonsign,0,other,ef21muonsign,,,75,0.007,49,0.03864508520841599,98.712,0.3599007840156555,92.22,,,
cifar10_resnet18_ef21muonsign,0,other,ef21muonsign,,,75,0.007,50,0.03557286640644074,98.744,0.36388591928482056,92.13,,,
cifar10_resnet18_ef21muonsign,0,other,ef21muonsign,,,75,0.007,51,0.03466949414670467,98.858,0.4009882746696472,91.86999999999999,,,
cifar10_resnet18_ef21muonsign,0,other,ef21muonsign,,,75,0.007,52,0.030668882418870926,98.944,0.3445322263717651,92.97999999999999,,,
cifar10_resnet18_ef21muonsign,0,other,ef21muonsign,,,75,0.007,53,0.026984399083554746,99.098,0.36843935651779175,92.74,,,
cifar10_resnet18_ef21muonsign,0,other,ef21muonsign,,,75,0.007,54,0.024112391859441997,99.2,0.3679494848251343,92.71000000000001,,,
cifar10_resnet18_ef21muonsign,0,other,ef21muonsign,,,75,0.007,55,0.021464442420974374,99.268,0.39620145454406736,92.30000000000001,,,
cifar10_resnet18_ef21muonsign,0,other,ef21muonsign,,,75,0.007,56,0.018377829017043115,99.334,0.3700973279953003,92.99,,,
cifar10_resnet18_ef21muonsign,0,other,ef21muonsign,,,75,0.007,57,0.017526311587542295,99.41,0.3760530967235565,92.73,,,
cifar10_resnet18_ef21muonsign,0,other,ef21muonsign,,,75,0.007,58,0.013403256017351524,99.566,0.3785538763999939,93.28999999999999,,,
cifar10_resnet18_ef21muonsign,0,other,ef21muonsign,,,75,0.007,59,0.012314879020154476,99.606,0.3789072611808777,93.42,,,
cifar10_resnet18_ef21muonsign,0,other,ef21muonsign,,,75,0.007,60,0.010857004454359413,99.644,0.3912316975593567,93.15,,,
cifar10_resnet18_ef21muonsign,0,other,ef21muonsign,,,75,0.007,61,0.0092463697007671,99.688,0.3985073989868164,93.22,,,
cifar10_resnet18_ef21muonsign,0,other,ef21muonsign,,,75,0.007,62,0.007803445869870484,99.744,0.40768582105636597,93.42,,,
cifar10_resnet18_ef21muonsign,0,other,ef21muonsign,,,75,0.007,63,0.006590280215535313,99.776,0.39060908145904544,93.51,,,
cifar10_resnet18_ef21muonsign,0,other,ef21muonsign,,,75,0.007,64,0.005570371922608465,99.812,0.40693849353790285,93.38,,,
cifar10_resnet18_ef21muonsign,0,other,ef21muonsign,,,75,0.007,65,0.004864045470794663,99.846,0.40211296262741086,93.38,,,
cifar10_resnet18_ef21muonsign,0,other,ef21muonsign,,,75,0.007,66,0.0032193949717096984,99.902,0.40646897230148316,93.58,,,
cifar10_resnet18_ef21muonsign,0,other,ef21muonsign,,,75,0.007,67,0.0029283374569751323,99.91,0.42202128477096557,93.67,,,
cifar10_resnet18_ef21muonsign,0,other,ef21muonsign,,,75,0.007,68,0.0020895882766041904,99.92999999999999,0.4255620750427246,93.67999999999999,,,
cifar10_resnet18_ef21muonsign,0,other,ef21muonsign,,,75,0.007,69,0.0023275926891015842,99.922,0.43795455923080445,93.73,,,
cifar10_resnet18_ef21muonsign,0,other,ef21muonsign,,,75,0.007,70,0.0019163615780696272,99.938,0.42862313241958616,93.51,,,
cifar10_resnet18_ef21muonsign,0,other,ef21muonsign,,,75,0.007,71,0.0014211875020666048,99.97,0.4398745059967041,93.67,,,
cifar10_resnet18_ef21muonsign,0,other,ef21muonsign,,,75,0.007,72,0.0015138388126716019,99.94800000000001,0.4332691222190857,93.83,,,
cifar10_resnet18_ef21muonsign,0,other,ef21muonsign,,,75,0.007,73,0.0010959380664420314,99.97200000000001,0.44855090198516845,93.78,,,
cifar10_resnet18_ef21muonsign,0,other,ef21muonsign,,,75,0.007,74,0.001388706556353718,99.964,0.44148833570480345,93.8,,,
cifar10_resnet18_ef21muonsign,0,other,ef21muonsign,,,75,0.007,75,0.0009058487100130878,99.976,0.44136172742843627,93.83,,,
cifar10_resnet18_ef21signmuon,0,other,ef21signmuon,,,75,0.008,0,2.3027898193359375,10.452,2.302789011001587,10.38,,,
cifar10_resnet18_ef21signmuon,0,other,ef21signmuon,,,75,0.008,1,1.1481223873901367,58.828,0.745814572095871,73.36,,,
cifar10_resnet18_ef21signmuon,0,other,ef21signmuon,,,75,0.008,2,0.6152616551971436,78.834,0.7055135375022888,77.44,,,
cifar10_resnet18_ef21signmuon,0,other,ef21signmuon,,,75,0.008,3,0.5029770003604889,82.632,0.5058404274940491,83.34,,,
cifar10_resnet18_ef21signmuon,0,other,ef21signmuon,,,75,0.008,4,0.44198114889144896,84.896,0.5098424549102784,83.53,,,
cifar10_resnet18_ef21signmuon,0,other,ef21signmuon,,,75,0.008,5,0.4014093934822083,86.328,0.4898015371322632,83.38,,,
cifar10_resnet18_ef21signmuon,0,other,ef21signmuon,,,75,0.008,6,0.3724829439640045,87.166,0.5313191101074218,82.91,,,
cifar10_resnet18_ef21signmuon,0,other,ef21signmuon,,,75,0.008,7,0.3513682430362701,88.08,0.46404714069366454,85.03,,,
cifar10_resnet18_ef21signmuon,0,other,ef21signmuon,,,75,0.008,8,0.3353137544822693,88.466,0.39214646520614627,87.18,,,
cifar10_resnet18_ef21signmuon,0,other,ef21signmuon,,,75,0.008,9,0.3179309403705597,89.11,0.42973914411067965,86.22,,,
cifar10_resnet18_ef21signmuon,0,other,ef21signmuon,,,75,0.008,10,0.30458340485572816,89.58,0.3948222963809967,87.2,,,
cifar10_resnet18_ef21signmuon,0,other,ef21signmuon,,,75,0.008,11,0.2969084683036804,89.944,0.41026045384407045,86.71,,,
cifar10_resnet18_ef21signmuon,0,other,ef21signmuon,,,75,0.008,12,0.2849664769554138,90.28,0.40802994232177736,87.41,,,
cifar10_resnet18_ef21signmuon,0,other,ef21signmuon,,,75,0.008,13,0.28047411801338196,90.482,0.34662652509212494,88.39,,,
cifar10_resnet18_ef21signmuon,0,other,ef21signmuon,,,75,0.008,14,0.2583067625808716,91.194,0.3218113497018814,89.59,,,
cifar10_resnet18_ef21signmuon,0,other,ef21signmuon,,,75,0.008,15,0.2535534972858429,91.24799999999999,0.3625550985813141,88.64999999999999,,,
cifar10_resnet18_ef21signmuon,0,other,ef21signmuon,,,75,0.008,16,0.24419015424728394,91.608,0.35896934351921084,88.3,,,
cifar10_resnet18_ef21signmuon,0,other,ef21signmuon,,,75,0.008,17,0.23823085982322692,91.968,0.3371695831775665,89.85,,,
cifar10_resnet18_ef21signmuon,0,other,ef21signmuon,,,75,0.008,18,0.22894321123600006,92.194,0.349316662979126,89.1,,,
cifar10_resnet18_ef21signmuon,0,other,ef21signmuon,,,75,0.008,19,0.21767601930618286,92.51599999999999,0.33261465148925784,89.63,,,
cifar10_resnet18_ef21signmuon,0,other,ef21signmuon,,,75,0.008,20,0.21452683484077453,92.72399999999999,0.35913125329017637,88.81,,,
cifar10_resnet18_ef21signmuon,0,other,ef21signmuon,,,75,0.008,21,0.20897782780647278,92.814,0.32819913234710696,89.89,,,
cifar10_resnet18_ef21signmuon,0,other,ef21signmuon,,,75,0.008,22,0.20575478326797486,92.9,0.29286296784877774,90.44,,,
cifar10_resnet18_ef21signmuon,0,other,ef21signmuon,,,75,0.008,23,0.19249203533172607,93.49,0.3742500778198242,88.57000000000001,,,
cifar10_resnet18_ef21signmuon,0,other,ef21signmuon,,,75,0.008,24,0.18495583183288575,93.75,0.3550182246208191,89.16,,,
cifar10_resnet18_ef21signmuon,0,other,ef21signmuon,,,75,0.008,25,0.17973241167545317,93.748,0.31776429290771485,90.07,,,
cifar10_resnet18_ef21signmuon,0,other,ef21signmuon,,,75,0.008,26,0.17232273871421813,94.018,0.30428207371234894,91.12,,,
cifar10_resnet18_ef21signmuon,0,other,ef21signmuon,,,75,0.008,27,0.16232503928661346,94.46600000000001,0.3411303137779236,89.88000000000001,,,
cifar10_resnet18_ef21signmuon,0,other,ef21signmuon,,,75,0.008,28,0.15688217489242554,94.58800000000001,0.36427567834854124,89.25,,,
cifar10_resnet18_ef21signmuon,0,other,ef21signmuon,,,75,0.008,29,0.1530030514717102,94.74000000000001,0.3321900192737579,90.48,,,
cifar10_resnet18_ef21signmuon,0,other,ef21signmuon,,,75,0.008,30,0.14859792793750762,94.98,0.3455718535423279,89.96,,,
cifar10_resnet18_ef21signmuon,0,other,ef21signmuon,,,75,0.008,31,0.13767684779644013,95.30199999999999,0.34090028619766233,90.2,,,
cifar10_resnet18_ef21signmuon,0,other,ef21signmuon,,,75,0.008,32,0.1350423845386505,95.32000000000001,0.2900367755413055,91.29,,,
cifar10_resnet18_ef21signmuon,0,other,ef21signmuon,,,75,0.008,33,0.1252893402671814,95.73,0.2963844253540039,91.23,,,
cifar10_resnet18_ef21signmuon,0,other,ef21signmuon,,,75,0.008,34,0.12392729406833648,95.798,0.3091539448738098,91.09,,,
cifar10_resnet18_ef21signmuon,0,other,ef21signmuon,,,75,0.008,35,0.11447803264141083,95.986,0.31265353517532346,91.46,,,
cifar10_resnet18_ef21signmuon,0,other,ef21signmuon,,,75,0.008,36,0.11082302612543106,96.174,0.3540830704689026,90.75,,,
cifar10_resnet18_ef21signmuon,0,other,ef21signmuon,,,75,0.008,37,0.1053602482175827,96.284,0.32759553570747374,91.25999999999999,,,
cifar10_resnet18_ef21signmuon,0,other,ef21signmuon,,,75,0.008,38,0.10047316837847232,96.66799999999999,0.3083241447448731,91.4,,,
cifar10_resnet18_ef21signmuon,0,other,ef21signmuon,,,75,0.008,39,0.09354850309848785,96.772,0.2948223752975464,91.60000000000001,,,
cifar10_resnet18_ef21signmuon,0,other,ef21signmuon,,,75,0.008,40,0.08781324912250042,96.958,0.3232408908843994,91.39,,,
cifar10_resnet18_ef21signmuon,0,other,ef21signmuon,,,75,0.008,41,0.08172387983560563,97.18,0.3457789969444275,90.91,,,
cifar10_resnet18_ef21signmuon,0,other,ef21signmuon,,,75,0.008,42,0.07705165526390076,97.36200000000001,0.3239782458305359,91.75,,,
cifar10_resnet18_ef21signmuon,0,other,ef21signmuon,,,75,0.008,43,0.07375797656774521,97.48400000000001,0.3582529341697693,91.36,,,
cifar10_resnet18_ef21signmuon,0,other,ef21signmuon,,,75,0.008,44,0.06774838989138603,97.69,0.3220925197601318,92.30000000000001,,,
cifar10_resnet18_ef21signmuon,0,other,ef21signmuon,,,75,0.008,45,0.06215345263242721,97.88,0.3314116250038147,91.88,,,
cifar10_resnet18_ef21signmuon,0,other,ef21signmuon,,,75,0.008,46,0.05952563385248184,97.922,0.32233292760848997,92.16,,,
cifar10_resnet18_ef21signmuon,0,other,ef21signmuon,,,75,0.008,47,0.05600785847663879,98.048,0.3246375557422638,92.73,,,
cifar10_resnet18_ef21signmuon,0,other,ef21signmuon,,,75,0.008,48,0.051403186448812484,98.208,0.3232236210823059,92.60000000000001,,,
cifar10_resnet18_ef21signmuon,0,other,ef21signmuon,,,75,0.008,49,0.044716926085352895,98.454,0.34533152360916136,92.22,,,
cifar10_resnet18_ef21signmuon,0,other,ef21signmuon,,,75,0.008,50,0.03892628357708454,98.682,0.34627546997070313,92.24,,,
cifar10_resnet18_ef21signmuon,0,other,ef21signmuon,,,75,0.008,51,0.037880023657679555,98.706,0.3419917466163635,92.72,,,
cifar10_resnet18_ef21signmuon,0,other,ef21signmuon,,,75,0.008,52,0.03443948374450207,98.87,0.3328265524864197,92.84,,,
cifar10_resnet18_ef21signmuon,0,other,ef21signmuon,,,75,0.008,53,0.03267590350389481,98.908,0.3416765766143799,92.51,,,
cifar10_resnet18_ef21signmuon,0,other,ef21signmuon,,,75,0.008,54,0.02871332380145788,99.034,0.32058985176086424,93.15,,,
cifar10_resnet18_ef21signmuon,0,other,ef21signmuon,,,75,0.008,55,0.02548391664918512,99.16199999999999,0.3514934332847595,92.67999999999999,,,
cifar10_resnet18_ef21signmuon,0,other,ef21signmuon,,,75,0.008,56,0.020526878359764814,99.298,0.35878607139587404,93.14,,,
cifar10_resnet18_ef21signmuon,0,other,ef21signmuon,,,75,0.008,57,0.01989637933373451,99.3,0.3732898119449615,92.89,,,
cifar10_resnet18_ef21signmuon,0,other,ef21signmuon,,,75,0.008,58,0.01700976580750197,99.408,0.3617465015411377,93.38,,,
cifar10_resnet18_ef21signmuon,0,other,ef21signmuon,,,75,0.008,59,0.01444979114048183,99.524,0.36699328660964964,93.22,,,
cifar10_resnet18_ef21signmuon,0,other,ef21signmuon,,,75,0.008,60,0.012155456176064908,99.6,0.36070232629776,93.35,,,
cifar10_resnet18_ef21signmuon,0,other,ef21signmuon,,,75,0.008,61,0.011671997366771101,99.618,0.3734992576599121,93.47999999999999,,,
cifar10_resnet18_ef21signmuon,0,other,ef21signmuon,,,75,0.008,62,0.009399860643185674,99.694,0.3822401207923889,93.43,,,
cifar10_resnet18_ef21signmuon,0,other,ef21signmuon,,,75,0.008,63,0.0080801230872795,99.734,0.3755296902656555,93.51,,,
cifar10_resnet18_ef21signmuon,0,other,ef21signmuon,,,75,0.008,64,0.006477838227674365,99.8,0.3801681640148163,93.56,,,
cifar10_resnet18_ef21signmuon,0,other,ef21signmuon,,,75,0.008,65,0.0055181559991836545,99.82600000000001,0.3780895894050598,93.46,,,
cifar10_resnet18_ef21signmuon,0,other,ef21signmuon,,,75,0.008,66,0.004812985561396927,99.86,0.39565407371520994,93.67999999999999,,,
cifar10_resnet18_ef21signmuon,0,other,ef21signmuon,,,75,0.008,67,0.0042291949813999235,99.866,0.4050600937843323,93.77,,,
cifar10_resnet18_ef21signmuon,0,other,ef21signmuon,,,75,0.008,68,0.002943282725494355,99.914,0.40747453060150146,93.86,,,
cifar10_resnet18_ef21signmuon,0,other,ef21signmuon,,,75,0.008,69,0.002535862130266614,99.92,0.4164451238632202,93.72,,,
cifar10_resnet18_ef21signmuon,0,other,ef21signmuon,,,75,0.008,70,0.002298257815600373,99.934,0.4054228079319,93.84,,,
cifar10_resnet18_ef21signmuon,0,other,ef21signmuon,,,75,0.008,71,0.0017422016257001088,99.954,0.4154965111732483,93.83,,,
cifar10_resnet18_ef21signmuon,0,other,ef21signmuon,,,75,0.008,72,0.0012927696395805106,99.966,0.42332678170204163,93.89999999999999,,,
cifar10_resnet18_ef21signmuon,0,other,ef21signmuon,,,75,0.008,73,0.0017243471355736257,99.936,0.4280906981945038,93.71000000000001,,,
cifar10_resnet18_ef21signmuon,0,other,ef21signmuon,,,75,0.008,74,0.0017349829394463449,99.95,0.4265064804553986,93.89,,,
cifar10_resnet18_ef21signmuon,0,other,ef21signmuon,,,75,0.008,75,0.0010584104322851635,99.978,0.4260794808387756,94.01,,,
cifar10_resnet18_muonusign,0,other,muonusign,,,75,0.001,0,2.3027898193359375,10.452,2.302789011001587,10.38,,,
cifar10_resnet18_muonusign,0,other,muonusign,,,75,0.001,1,1.5427706440734863,43.824000000000005,1.1730711762428283,57.28,,,
cifar10_resnet18_muonusign,0,other,muonusign,,,75,0.001,2,1.0185657278442384,63.483999999999995,0.8681391900062561,69.41000000000001,,,
cifar10_resnet18_muonusign,0,other,muonusign,,,75,0.001,3,0.7857866958045959,72.2,0.7353482135772705,74.39,,,
cifar10_resnet18_muonusign,0,other,muonusign,,,75,0.001,4,0.6346580277633667,77.896,0.626789867591858,78.34,,,
cifar10_resnet18_muonusign,0,other,muonusign,,,75,0.001,5,0.5329745261383056,81.39,0.57295719871521,80.10000000000001,,,
cifar10_resnet18_muonusign,0,other,muonusign,,,75,0.001,6,0.4617912701797485,83.89,0.4889187364578247,83.27,,,
cifar10_resnet18_muonusign,0,other,muonusign,,,75,0.001,7,0.414381026763916,85.60799999999999,0.47090181081295013,84.06,,,
cifar10_resnet18_muonusign,0,other,muonusign,,,75,0.001,8,0.36591223452568056,87.264,0.4469719758033752,85.19,,,
cifar10_resnet18_muonusign,0,other,muonusign,,,75,0.001,9,0.32570558107376096,88.698,0.4413436403632164,85.2,,,
cifar10_resnet18_muonusign,0,other,muonusign,,,75,0.001,10,0.29202227915763856,89.948,0.42355389752388,86.1,,,
cifar10_resnet18_muonusign,0,other,muonusign,,,75,0.001,11,0.2652849563789368,90.8,0.4118948393344879,87.1,,,
cifar10_resnet18_muonusign,0,other,muonusign,,,75,0.001,12,0.23862071514129637,91.674,0.4147951688289642,86.81,,,
cifar10_resnet18_muonusign,0,other,muonusign,,,75,0.001,13,0.22058476172447206,92.31200000000001,0.39154056737422943,87.66000000000001,,,
cifar10_resnet18_muonusign,0,other,muonusign,,,75,0.001,14,0.19730339099884034,93.256,0.39090975894927976,88.4,,,
cifar10_resnet18_muonusign,0,other,muonusign,,,75,0.001,15,0.1802869179058075,93.762,0.39993840769529343,87.92,,,
cifar10_resnet18_muonusign,0,other,muonusign,,,75,0.001,16,0.1616004890537262,94.518,0.4046863965392113,87.77000000000001,,,
cifar10_resnet18_muonusign,0,other,muonusign,,,75,0.001,17,0.15164874726295471,94.726,0.3890392745733261,88.42,,,
cifar10_resnet18_muonusign,0,other,muonusign,,,75,0.001,18,0.13527894935131074,95.356,0.3825621616303921,88.85,,,
cifar10_resnet18_muonusign,0,other,muonusign,,,75,0.001,19,0.12332282957553864,95.73,0.39538662133216856,88.8,,,
cifar10_resnet18_muonusign,0,other,muonusign,,,75,0.001,20,0.11640428162097931,96.004,0.39088523182868956,88.72,,,
cifar10_resnet18_muonusign,0,other,muonusign,,,75,0.001,21,0.10262119299411773,96.464,0.3989154895424843,88.99000000000001,,,
cifar10_resnet18_muonusign,0,other,muonusign,,,75,0.001,22,0.09651222417354584,96.624,0.3903295299291611,89.39,,,
cifar10_resnet18_muonusign,0,other,muonusign,,,75,0.001,23,0.08748102170467377,96.97200000000001,0.40309602160453795,89.36,,,
cifar10_resnet18_muonusign,0,other,muonusign,,,75,0.001,24,0.08345429122686386,97.056,0.41935556740760804,89.2,,,
cifar10_resnet18_muonusign,0,other,muonusign,,,75,0.001,25,0.07475140852332116,97.446,0.4160183575630188,89.49000000000001,,,
cifar10_resnet18_muonusign,0,other,muonusign,,,75,0.001,26,0.06779093850135803,97.61999999999999,0.4162873230457306,89.46,,,
cifar10_resnet18_muonusign,0,other,muonusign,,,75,0.001,27,0.06149890317678452,97.916,0.39444348719120026,89.69,,,
cifar10_resnet18_muonusign,0,other,muonusign,,,75,0.001,28,0.0580716064119339,97.902,0.4404195016384125,89.37,,,
cifar10_resnet18_muonusign,0,other,muonusign,,,75,0.001,29,0.054809018075466155,98.154,0.41365272445678714,90.09,,,
cifar10_resnet18_muonusign,0,other,muonusign,,,75,0.001,30,0.048764011689424513,98.288,0.4105011682987213,89.97,,,
cifar10_resnet18_muonusign,0,other,muonusign,,,75,0.001,31,0.04735183743834496,98.34,0.42737993137836455,89.84,,,
cifar10_resnet18_muonusign,0,other,muonusign,,,75,0.001,32,0.042200610975027086,98.576,0.4099435801506042,90.16,,,
cifar10_resnet18_muonusign,0,other,muonusign,,,75,0.001,33,0.041349986916184425,98.574,0.4325178053021431,90.24,,,
cifar10_resnet18_muonusign,0,other,muonusign,,,75,0.001,34,0.03758876643896103,98.724,0.45797084441185,89.85,,,
cifar10_resnet18_muonusign,0,other,muonusign,,,75,0.001,35,0.033739880323410035,98.892,0.45517894949913024,89.95,,,
cifar10_resnet18_muonusign,0,other,muonusign,,,75,0.001,36,0.03350878981232643,98.868,0.44429703501462936,90.19,,,
cifar10_resnet18_muonusign,0,other,muonusign,,,75,0.001,37,0.02943488700449467,99.018,0.4488190463066101,90.41,,,
cifar10_resnet18_muonusign,0,other,muonusign,,,75,0.001,38,0.028552886751294138,99.0,0.47369046478271487,89.78,,,
cifar10_resnet18_muonusign,0,other,muonusign,,,75,0.001,39,0.025559625681638717,99.168,0.4762557643890381,90.3,,,
cifar10_resnet18_muonusign,0,other,muonusign,,,75,0.001,40,0.02434171847999096,99.156,0.4579574274301529,90.32,,,
cifar10_resnet18_muonusign,0,other,muonusign,,,75,0.001,41,0.02140967527538538,99.316,0.4553290793895721,90.60000000000001,,,
cifar10_resnet18_muonusign,0,other,muonusign,,,75,0.001,42,0.019531052085757256,99.356,0.4514180238723755,90.64,,,
cifar10_resnet18_muonusign,0,other,muonusign,,,75,0.001,43,0.01838566088795662,99.374,0.4434134509563446,91.14999999999999,,,
cifar10_resnet18_muonusign,0,other,muonusign,,,75,0.001,44,0.01667205801561475,99.436,0.45098164563179016,90.5,,,
cifar10_resnet18_muonusign,0,other,muonusign,,,75,0.001,45,0.015051758193336427,99.53999999999999,0.45647749681472777,90.59,,,
cifar10_resnet18_muonusign,0,other,muonusign,,,75,0.001,46,0.013855569396167994,99.55000000000001,0.4556914494514465,90.94,,,
cifar10_resnet18_muonusign,0,other,muonusign,,,75,0.001,47,0.012055187145024538,99.612,0.46742392773628233,91.07,,,
cifar10_resnet18_muonusign,0,other,muonusign,,,75,0.001,48,0.011767470335140825,99.646,0.4667764507770538,91.05,,,
cifar10_resnet18_muonusign,0,other,muonusign,,,75,0.001,49,0.010871187357455491,99.658,0.490110898399353,90.7,,,
cifar10_resnet18_muonusign,0,other,muonusign,,,75,0.001,50,0.009287178007513285,99.72800000000001,0.4604214128255844,90.91,,,
cifar10_resnet18_muonusign,0,other,muonusign,,,75,0.001,51,0.007961867570504546,99.746,0.4702693271636963,91.24,,,
cifar10_resnet18_muonusign,0,other,muonusign,,,75,0.001,52,0.00715988557614386,99.79400000000001,0.46501616792678835,91.14999999999999,,,
cifar10_resnet18_muonusign,0,other,muonusign,,,75,0.001,53,0.0061645749984681605,99.82,0.4646722740650177,91.08000000000001,,,
cifar10_resnet18_muonusign,0,other,muonusign,,,75,0.001,54,0.006790946132689714,99.776,0.47999516158103944,90.96,,,
cifar10_resnet18_muonusign,0,other,muonusign,,,75,0.001,55,0.005676298106983304,99.83,0.4710678036689758,91.01,,,
cifar10_resnet18_muonusign,0,other,muonusign,,,75,0.001,56,0.004853243487738073,99.858,0.4771615015745163,90.96,,,
cifar10_resnet18_muonusign,0,other,muonusign,,,75,0.001,57,0.004085184565447271,99.894,0.468745395731926,91.22,,,
cifar10_resnet18_muonusign,0,other,muonusign,,,75,0.001,58,0.003357147251293063,99.91799999999999,0.46668375487327574,91.25,,,
cifar10_resnet18_muonusign,0,other,muonusign,,,75,0.001,59,0.0033501755492389203,99.91,0.4827267724514008,91.45,,,
cifar10_resnet18_muonusign,0,other,muonusign,,,75,0.001,60,0.003165294382162392,99.914,0.4738697596549988,91.5,,,
cifar10_resnet18_muonusign,0,other,muonusign,,,75,0.001,61,0.0027400942060723903,99.94,0.46536166081428526,91.52,,,
cifar10_resnet18_muonusign,0,other,muonusign,,,75,0.001,62,0.0026873350966349244,99.926,0.46924579281806944,91.64,,,
cifar10_resnet18_muonusign,0,other,muonusign,,,75,0.001,63,0.00254735259052366,99.942,0.464932399225235,91.61,,,
cifar10_resnet18_muonusign,0,other,muonusign,,,75,0.001,64,0.0025044986095651986,99.926,0.46719705300331116,91.53999999999999,,,
cifar10_resnet18_muonusign,0,other,muonusign,,,75,0.001,65,0.0020831364918127656,99.94800000000001,0.46939112949371337,91.74,,,
cifar10_resnet18_muonusign,0,other,muonusign,,,75,0.001,66,0.0014521865157410502,99.97200000000001,0.4707703141212463,91.53999999999999,,,
cifar10_resnet18_muonusign,0,other,muonusign,,,75,0.001,67,0.0015465114820469171,99.968,0.4627480712413788,91.67,,,
cifar10_resnet18_muonusign,0,other,muonusign,,,75,0.001,68,0.0016219176564458758,99.96199999999999,0.46121086888313295,91.8,,,
cifar10_resnet18_muonusign,0,other,muonusign,,,75,0.001,69,0.0012036657724622637,99.97399999999999,0.45959110045433044,91.66,,,
cifar10_resnet18_muonusign,0,other,muonusign,,,75,0.001,70,0.001444002783820033,99.968,0.45621752190589904,91.84,,,
cifar10_resnet18_muonusign,0,other,muonusign,,,75,0.001,71,0.0011892154633626343,99.978,0.4594575430870056,91.8,,,
cifar10_resnet18_muonusign,0,other,muonusign,,,75,0.001,72,0.0011845468948036432,99.968,0.4588424377679825,91.81,,,
cifar10_resnet18_muonusign,0,other,muonusign,,,75,0.001,73,0.0010035952614527196,99.988,0.45781935651302336,91.78,,,
cifar10_resnet18_muonusign,0,other,muonusign,,,75,0.001,74,0.0011243579585570843,99.97,0.46353119802474974,91.84,,,
cifar10_resnet18_muonusign,0,other,muonusign,,,75,0.001,75,0.001189470729273744,99.976,0.45959663686752317,91.79,,,
final_adam_mup_e75_fs0,0,final,adam,mup,full,75,0.00046415888336127773,0,2.302811705932617,10.302,2.3027890270233153,10.38,,,
final_adam_mup_e75_fs0,0,final,adam,mup,full,75,0.00046415888336127773,1,1.3960339832687378,49.058,1.203183559036255,58.540000000000006,,,13.197167053003795
final_adam_mup_e75_fs0,0,final,adam,mup,full,75,0.00046415888336127773,2,0.8956060876846313,68.316,0.9151383341789245,69.43,,,12.660510185000021
final_adam_mup_e75_fs0,0,final,adam,mup,full,75,0.00046415888336127773,3,0.6830427088737487,76.236,0.7693102402687073,74.3,,,12.668904200996622
final_adam_mup_e75_fs0,0,final,adam,mup,full,75,0.00046415888336127773,4,0.5744418974494934,80.086,0.57933964138031,80.5,,,12.676230708995718
final_adam_mup_e75_fs0,0,final,adam,mup,full,75,0.00046415888336127773,5,0.499400267829895,82.69999999999999,0.5246128168106079,81.95,,,12.686620531996596
final_adam_mup_e75_fs0,0,final,adam,mup,full,75,0.00046415888336127773,6,0.4456629591464996,84.574,0.540156474018097,82.19999999999999,,,12.68938765799976
final_adam_mup_e75_fs0,0,final,adam,mup,full,75,0.00046415888336127773,7,0.400277182264328,86.154,0.44944834117889404,85.08,,,12.701442951001809
final_adam_mup_e75_fs0,0,final,adam,mup,full,75,0.00046415888336127773,8,0.35985292331695556,87.562,0.46465915155410764,85.11,,,12.685033133006073
final_adam_mup_e75_fs0,0,final,adam,mup,full,75,0.00046415888336127773,9,0.3275463474178314,88.66199999999999,0.48269326107501986,84.09,,,12.686824071992305
final_adam_mup_e75_fs0,0,final,adam,mup,full,75,0.00046415888336127773,10,0.3072534579372406,89.42,0.40460516629219057,87.0,,,12.684505825003725
final_adam_mup_e75_fs0,0,final,adam,mup,full,75,0.00046415888336127773,11,0.28113294582366943,90.328,0.40934744424819947,86.53999999999999,,,12.678623011001037
final_adam_mup_e75_fs0,0,final,adam,mup,full,75,0.00046415888336127773,12,0.25716515203475954,90.99199999999999,0.42154442462921143,86.55000000000001,,,12.6838845910097
final_adam_mup_e75_fs0,0,final,adam,mup,full,75,0.00046415888336127773,13,0.2391316569328308,91.69800000000001,0.44971378326416017,86.32,,,12.679180445004022
final_adam_mup_e75_fs0,0,final,adam,mup,full,75,0.00046415888336127773,14,0.21896289916992187,92.34,0.34985753593444824,89.02,,,12.671746722000535
final_adam_mup_e75_fs0,0,final,adam,mup,full,75,0.00046415888336127773,15,0.2018540660429001,93.028,0.3439532021522522,89.2,,,12.666606382990722
final_adam_mup_e75_fs0,0,final,adam,mup,full,75,0.00046415888336127773,16,0.18718760053634645,93.388,0.34172440547943117,89.63,,,12.665193697001087
final_adam_mup_e75_fs0,0,final,adam,mup,full,75,0.00046415888336127773,17,0.17854376879215242,93.768,0.3697993706703186,88.81,,,12.665514905005693
final_adam_mup_e75_fs0,0,final,adam,mup,full,75,0.00046415888336127773,18,0.16730284898757936,94.17,0.34703520078659056,89.49000000000001,,,12.665262955997605
final_adam_mup_e75_fs0,0,final,adam,mup,full,75,0.00046415888336127773,19,0.14848638260364533,94.76400000000001,0.3967965931415558,88.29,,,12.664356540000881
final_adam_mup_e75_fs0,0,final,adam,mup,full,75,0.00046415888336127773,20,0.13517293447613715,95.234,0.3531617250442505,90.22,,,12.671287517005112
final_adam_mup_e75_fs0,0,final,adam,mup,full,75,0.00046415888336127773,21,0.1243059177684784,95.582,0.3441146969795227,90.14,,,12.662212687006104
final_adam_mup_e75_fs0,0,final,adam,mup,full,75,0.00046415888336127773,22,0.1184869381570816,95.93,0.3304375105857849,90.5,,,12.666322228003992
final_adam_mup_e75_fs0,0,final,adam,mup,full,75,0.00046415888336127773,23,0.11009459838867187,96.122,0.3438781922340393,90.4,,,12.668663745003869
final_adam_mup_e75_fs0,0,final,adam,mup,full,75,0.00046415888336127773,24,0.10170518397212029,96.396,0.3535381326675415,90.5,,,12.67837315199722
final_adam_mup_e75_fs0,0,final,adam,mup,full,75,0.00046415888336127773,25,0.08999181452512742,96.792,0.3510424233436584,90.75999999999999,,,12.673738012003014
final_adam_mup_e75_fs0,0,final,adam,mup,full,75,0.00046415888336127773,26,0.0845381850028038,96.992,0.35469249153137206,90.78,,,12.663628904003417
final_adam_mup_e75_fs0,0,final,adam,mup,full,75,0.00046415888336127773,27,0.07820997648000717,97.22800000000001,0.33218976173400877,91.56,,,12.659755000000587
final_adam_mup_e75_fs0,0,final,adam,mup,full,75,0.00046415888336127773,28,0.07371932991743088,97.418,0.3799592767715454,90.64,,,12.67265315799159
final_adam_mup_e75_fs0,0,final,adam,mup,full,75,0.00046415888336127773,29,0.06960653711080551,97.552,0.3727484352111816,90.88000000000001,,,12.670106366000255
final_adam_mup_e75_fs0,0,final,adam,mup,full,75,0.00046415888336127773,30,0.06084285476922989,97.82600000000001,0.3906560094833374,91.05,,,12.667924970010063
final_adam_mup_e75_fs0,0,final,adam,mup,full,75,0.00046415888336127773,31,0.05853474973618984,97.98400000000001,0.3590263038635254,91.83,,,12.664905953992275
final_adam_mup_e75_fs0,0,final,adam,mup,full,75,0.00046415888336127773,32,0.052026281230449674,98.14,0.3689492495536804,91.24,,,12.669030170000042
final_adam_mup_e75_fs0,0,final,adam,mup,full,75,0.00046415888336127773,33,0.04938697144150734,98.332,0.37075535202026366,91.61,,,12.66581782999856
final_adam_mup_e75_fs0,0,final,adam,mup,full,75,0.00046415888336127773,34,0.04293634974479675,98.464,0.38189110984802244,91.52,,,12.664862990000984
final_adam_mup_e75_fs0,0,final,adam,mup,full,75,0.00046415888336127773,35,0.04395831032037735,98.508,0.40026152458190917,91.44,,,12.66292044200236
final_adam_mup_e75_fs0,0,final,adam,mup,full,75,0.00046415888336127773,36,0.03938913904130459,98.63199999999999,0.43313640575408935,91.03999999999999,,,12.65603332700266
final_adam_mup_e75_fs0,0,final,adam,mup,full,75,0.00046415888336127773,37,0.03756867994874716,98.676,0.4270889141082764,91.57,,,12.65948968300654
final_adam_mup_e75_fs0,0,final,adam,mup,full,75,0.00046415888336127773,38,0.03366416401743889,98.836,0.37217853784561156,92.41,,,12.664496500001405
final_adam_mup_e75_fs0,0,final,adam,mup,full,75,0.00046415888336127773,39,0.024632111471444368,99.136,0.3966516056060791,92.0,,,12.666323808996822
final_adam_mup_e75_fs0,0,final,adam,mup,full,75,0.00046415888336127773,40,0.02720022650063038,99.05000000000001,0.40583967571258545,92.29,,,12.668202942004427
final_adam_mup_e75_fs0,0,final,adam,mup,full,75,0.00046415888336127773,41,0.026579730647057296,99.016,0.4393880675315857,91.74,,,12.667126425003516
final_adam_mup_e75_fs0,0,final,adam,mup,full,75,0.00046415888336127773,42,0.022888860325552523,99.208,0.39846078643798827,92.29,,,12.660513959999662
final_adam_mup_e75_fs0,0,final,adam,mup,full,75,0.00046415888336127773,43,0.01996204676538706,99.3,0.41615627241134645,91.95,,,12.661529916993459
final_adam_mup_e75_fs0,0,final,adam,mup,full,75,0.00046415888336127773,44,0.018161489235311745,99.39,0.44410059175491334,92.24,,,12.669526343001053
final_adam_mup_e75_fs0,0,final,adam,mup,full,75,0.00046415888336127773,45,0.01750563778474927,99.35000000000001,0.43206483192443845,92.05,,,12.661549932003254
final_adam_mup_e75_fs0,0,final,adam,mup,full,75,0.00046415888336127773,46,0.013625042182393372,99.528,0.4156778709411621,92.35,,,12.66540129200439
final_adam_mup_e75_fs0,0,final,adam,mup,full,75,0.00046415888336127773,47,0.016048064198493958,99.438,0.44264133167266845,92.17,,,12.663037234990043
final_adam_mup_e75_fs0,0,final,adam,mup,full,75,0.00046415888336127773,48,0.012537137036398053,99.588,0.42310573873519897,92.51,,,12.664503377993242
final_adam_mup_e75_fs0,0,final,adam,mup,full,75,0.00046415888336127773,49,0.010606976892091334,99.612,0.4195729320526123,92.39,,,12.664923193005961
final_adam_mup_e75_fs0,0,final,adam,mup,full,75,0.00046415888336127773,50,0.011929343714639544,99.586,0.4429837062835693,92.51,,,12.662301057993318
final_adam_mup_e75_fs0,0,final,adam,mup,full,75,0.00046415888336127773,51,0.009151256709154695,99.70400000000001,0.43117965879440306,92.61,,,12.657149345002836
final_adam_mup_e75_fs0,0,final,adam,mup,full,75,0.00046415888336127773,52,0.008235369944013655,99.746,0.43439937133789064,92.96,,,12.658397853010683
final_adam_mup_e75_fs0,0,final,adam,mup,full,75,0.00046415888336127773,53,0.005689348009596579,99.80799999999999,0.4410671622276306,92.78,,,12.662123942995095
final_adam_mup_e75_fs0,0,final,adam,mup,full,75,0.00046415888336127773,54,0.006775008666631765,99.75,0.4399259759902954,92.66,,,12.66034902400861
final_adam_mup_e75_fs0,0,final,adam,mup,full,75,0.00046415888336127773,55,0.007331693898299709,99.748,0.4775164492607117,92.55,,,12.663874885009136
final_adam_mup_e75_fs0,0,final,adam,mup,full,75,0.00046415888336127773,56,0.005613001279458404,99.822,0.4579184765815735,92.74,,,12.670765425995342
final_adam_mup_e75_fs0,0,final,adam,mup,full,75,0.00046415888336127773,57,0.004536729887519032,99.85000000000001,0.4552401035308838,92.65,,,12.66675108000345
final_adam_mup_e75_fs0,0,final,adam,mup,full,75,0.00046415888336127773,58,0.0041516443038126455,99.85000000000001,0.45306939516067507,92.74,,,12.671089363997453
final_adam_mup_e75_fs0,0,final,adam,mup,full,75,0.00046415888336127773,59,0.004553455842416733,99.858,0.4372817761421204,92.9,,,12.677301318006357
final_adam_mup_e75_fs0,0,final,adam,mup,full,75,0.00046415888336127773,60,0.003243829332049936,99.91,0.4358311347961426,93.22,,,12.667097598008695
final_adam_mup_e75_fs0,0,final,adam,mup,full,75,0.00046415888336127773,61,0.002879600112126209,99.908,0.43232308626174926,93.37,,,12.670019255005172
final_adam_mup_e75_fs0,0,final,adam,mup,full,75,0.00046415888336127773,62,0.0029207122453371996,99.912,0.43449940042495727,93.23,,,12.672422401999938
final_adam_mup_e75_fs0,0,final,adam,mup,full,75,0.00046415888336127773,63,0.0020283986250590534,99.94800000000001,0.44348130559921267,93.2,,,12.671378553000977
final_adam_mup_e75_fs0,0,final,adam,mup,full,75,0.00046415888336127773,64,0.0016287290084594861,99.94800000000001,0.44373838996887205,93.13,,,12.675757071003318
final_adam_mup_e75_fs0,0,final,adam,mup,full,75,0.00046415888336127773,65,0.0014318608838808722,99.96199999999999,0.44999341115951536,93.19,,,12.667484484001761
final_adam_mup_e75_fs0,0,final,adam,mup,full,75,0.00046415888336127773,66,0.0015857158288452775,99.968,0.4451905275821686,93.22,,,12.66920621600002
final_adam_mup_e75_fs0,0,final,adam,mup,full,75,0.00046415888336127773,67,0.0017622012741467916,99.942,0.4394811653137207,93.36,,,12.671279007990961
final_adam_mup_e75_fs0,0,final,adam,mup,full,75,0.00046415888336127773,68,0.0012016601528343745,99.966,0.44318479862213134,93.26,,,12.667154511000263
final_adam_mup_e75_fs0,0,final,adam,mup,full,75,0.00046415888336127773,69,0.0014800253193080425,99.956,0.4498068058013916,93.17999999999999,,,12.67030181500013
final_adam_mup_e75_fs0,0,final,adam,mup,full,75,0.00046415888336127773,70,0.0012077302136318758,99.97,0.43964067516326905,93.36,,,12.67073512999923
final_adam_mup_e75_fs0,0,final,adam,mup,full,75,0.00046415888336127773,71,0.0013093794710224028,99.966,0.44065602807998655,93.39,,,12.663674866998917
final_adam_mup_e75_fs0,0,final,adam,mup,full,75,0.00046415888336127773,72,0.0011628561640251427,99.966,0.443329979801178,93.30000000000001,,,12.680748219994712
final_adam_mup_e75_fs0,0,final,adam,mup,full,75,0.00046415888336127773,73,0.0012386945797805673,99.97200000000001,0.4428929538726807,93.34,,,12.665612069991766
final_adam_mup_e75_fs0,0,final,adam,mup,full,75,0.00046415888336127773,74,0.0008112024097470566,99.984,0.4430085776329041,93.45,,,12.67179187599686
final_adam_mup_e75_fs0,0,final,adam,mup,full,75,0.00046415888336127773,75,0.0011872931069333572,99.968,0.44637933702468874,93.4,,,12.667699804995209
final_adam_scaled_mup_e75_fs0,0,final,adam,mup,full,75,0.5347110336321922,0,2.302811705932617,10.302,2.3027890270233153,10.38,,,
final_adam_scaled_mup_e75_fs0,0,final,adam,mup,full,75,0.5347110336321922,1,1.404365086326599,49.01,1.1960191227912902,59.160000000000004,,,13.214678720003576
final_adam_scaled_mup_e75_fs0,0,final,adam,mup,full,75,0.5347110336321922,2,0.8987813467597962,68.176,0.8474723656654358,71.33,,,12.680631957002333
final_adam_scaled_mup_e75_fs0,0,final,adam,mup,full,75,0.5347110336321922,3,0.689489274969101,75.988,0.7830572919845581,73.83999999999999,,,12.692745794003713
final_adam_scaled_mup_e75_fs0,0,final,adam,mup,full,75,0.5347110336321922,4,0.5780863372993469,79.896,0.6051753172874451,79.83,,,12.702038491988787
final_adam_scaled_mup_e75_fs0,0,final,adam,mup,full,75,0.5347110336321922,5,0.5063310709762573,82.354,0.5399061977863312,81.67999999999999,,,12.701539485002286
final_adam_scaled_mup_e75_fs0,0,final,adam,mup,full,75,0.5347110336321922,6,0.45410317486763,84.098,0.5906567061424255,81.01,,,12.702755774997058
final_adam_scaled_mup_e75_fs0,0,final,adam,mup,full,75,0.5347110336321922,7,0.4119159698009491,85.69200000000001,0.4721747636318207,84.58,,,12.703250798003864
final_adam_scaled_mup_e75_fs0,0,final,adam,mup,full,75,0.5347110336321922,8,0.3752504294967651,87.06,0.4321372288227081,84.97,,,12.710749589008628
final_adam_scaled_mup_e75_fs0,0,final,adam,mup,full,75,0.5347110336321922,9,0.3445380818748474,88.19399999999999,0.44521725058555606,84.78,,,12.69953692398849
final_adam_scaled_mup_e75_fs0,0,final,adam,mup,full,75,0.5347110336321922,10,0.31894114612579344,88.9,0.3804834894657135,87.47,,,12.700365836994024
final_adam_scaled_mup_e75_fs0,0,final,adam,mup,full,75,0.5347110336321922,11,0.2911551528358459,89.922,0.4267461840629578,86.22,,,12.701523391995579
final_adam_scaled_mup_e75_fs0,0,final,adam,mup,full,75,0.5347110336321922,12,0.2716492378234863,90.436,0.43825685119628904,86.25,,,12.692799667987856
final_adam_scaled_mup_e75_fs0,0,final,adam,mup,full,75,0.5347110336321922,13,0.24831258389472963,91.328,0.3736215936183929,88.33,,,12.695139287010534
final_adam_scaled_mup_e75_fs0,0,final,adam,mup,full,75,0.5347110336321922,14,0.22392037168502807,92.23,0.3748903925895691,88.64999999999999,,,12.689665842000977
final_adam_scaled_mup_e75_fs0,0,final,adam,mup,full,75,0.5347110336321922,15,0.2081750417280197,92.72,0.33279427671432493,89.25,,,12.685753313009627
final_adam_scaled_mup_e75_fs0,0,final,adam,mup,full,75,0.5347110336321922,16,0.19230457105636597,93.272,0.36486470413208005,89.14999999999999,,,12.689845139000681
final_adam_scaled_mup_e75_fs0,0,final,adam,mup,full,75,0.5347110336321922,17,0.1770182419681549,93.862,0.36243352937698364,89.29,,,12.686949710987392
final_adam_scaled_mup_e75_fs0,0,final,adam,mup,full,75,0.5347110336321922,18,0.17080622907161713,94.042,0.34141749300956725,89.69,,,12.682359580998309
final_adam_scaled_mup_e75_fs0,0,final,adam,mup,full,75,0.5347110336321922,19,0.14890201058387756,94.736,0.3584402630448341,89.35,,,12.695020796003519
final_adam_scaled_mup_e75_fs0,0,final,adam,mup,full,75,0.5347110336321922,20,0.1375346796900034,95.26599999999999,0.35796906424760816,89.99000000000001,,,12.677781687001698
final_adam_scaled_mup_e75_fs0,0,final,adam,mup,full,75,0.5347110336321922,21,0.12748518122196198,95.572,0.3683749526977539,89.25999999999999,,,12.689945153993904
final_adam_scaled_mup_e75_fs0,0,final,adam,mup,full,75,0.5347110336321922,22,0.1209368118095398,95.772,0.39675340074300763,88.92,,,12.677886135992594
final_adam_scaled_mup_e75_fs0,0,final,adam,mup,full,75,0.5347110336321922,23,0.10945493743419647,96.186,0.36739955686330794,90.01,,,12.690734628995415
final_adam_scaled_mup_e75_fs0,0,final,adam,mup,full,75,0.5347110336321922,24,0.09988975621700287,96.50999999999999,0.34645281369686126,90.06,,,12.672556520003127
final_adam_scaled_mup_e75_fs0,0,final,adam,mup,full,75,0.5347110336321922,25,0.08932802490711213,96.88600000000001,0.3921755686044693,89.8,,,12.678124997997656
final_adam_scaled_mup_e75_fs0,0,final,adam,mup,full,75,0.5347110336321922,26,0.08836134380578994,96.86,0.3611741070270538,90.74,,,12.681546353996964
final_adam_scaled_mup_e75_fs0,0,final,adam,mup,full,75,0.5347110336321922,27,0.08000501502037048,97.25399999999999,0.3506246337890625,91.28,,,12.681859174990677
final_adam_scaled_mup_e75_fs0,0,final,adam,mup,full,75,0.5347110336321922,28,0.07390464042901992,97.426,0.35707671046257017,91.17,,,12.682157577000908
final_adam_scaled_mup_e75_fs0,0,final,adam,mup,full,75,0.5347110336321922,29,0.06889226935625076,97.544,0.43065031957626343,90.09,,,12.680916512006661
final_adam_scaled_mup_e75_fs0,0,final,adam,mup,full,75,0.5347110336321922,30,0.06029215079545975,97.822,0.37790654582977296,90.96,,,12.682364462001715
final_adam_scaled_mup_e75_fs0,0,final,adam,mup,full,75,0.5347110336321922,31,0.05631657355666161,98.03,0.3759289852142334,91.35,,,12.687680294999154
final_adam_scaled_mup_e75_fs0,0,final,adam,mup,full,75,0.5347110336321922,32,0.05446398692131042,98.03,0.39191840896606445,90.93,,,12.683750680997036
final_adam_scaled_mup_e75_fs0,0,final,adam,mup,full,75,0.5347110336321922,33,0.04889106562614441,98.30799999999999,0.3973359479904175,91.28,,,12.681001332995947
final_adam_scaled_mup_e75_fs0,0,final,adam,mup,full,75,0.5347110336321922,34,0.0434943610060215,98.47200000000001,0.3909546549320221,91.46,,,12.68183626300015
final_adam_scaled_mup_e75_fs0,0,final,adam,mup,full,75,0.5347110336321922,35,0.03947234234392643,98.624,0.39676298723220826,91.12,,,12.680476388006355
final_adam_scaled_mup_e75_fs0,0,final,adam,mup,full,75,0.5347110336321922,36,0.03744599645972252,98.682,0.39305634384155275,91.53999999999999,,,12.678048870002385
final_adam_scaled_mup_e75_fs0,0,final,adam,mup,full,75,0.5347110336321922,37,0.03497280692309141,98.756,0.398585143661499,91.43,,,12.682790658000158
final_adam_scaled_mup_e75_fs0,0,final,adam,mup,full,75,0.5347110336321922,38,0.032032624888420104,98.87599999999999,0.39099632272720336,91.75,,,12.684045250993222
final_adam_scaled_mup_e75_fs0,0,final,adam,mup,full,75,0.5347110336321922,39,0.028733941580951213,98.982,0.4042560980796814,91.88,,,12.681630449005752
final_adam_scaled_mup_e75_fs0,0,final,adam,mup,full,75,0.5347110336321922,40,0.027870371567308903,99.036,0.41430358057022093,91.63,,,12.683695729996543
final_adam_scaled_mup_e75_fs0,0,final,adam,mup,full,75,0.5347110336321922,41,0.023151414373219013,99.18599999999999,0.40823966357707975,92.01,,,12.684203841999988
final_adam_scaled_mup_e75_fs0,0,final,adam,mup,full,75,0.5347110336321922,42,0.02311685693591833,99.208,0.41384964663982393,91.85,,,12.693783198992605
final_adam_scaled_mup_e75_fs0,0,final,adam,mup,full,75,0.5347110336321922,43,0.02010213994845748,99.318,0.45142721791267393,91.29,,,12.67795715900138
final_adam_scaled_mup_e75_fs0,0,final,adam,mup,full,75,0.5347110336321922,44,0.018220669571757317,99.396,0.424212349653244,91.91,,,12.67888199200388
final_adam_scaled_mup_e75_fs0,0,final,adam,mup,full,75,0.5347110336321922,45,0.018299099354594946,99.344,0.4140116442680359,92.16,,,12.681100261004758
final_adam_scaled_mup_e75_fs0,0,final,adam,mup,full,75,0.5347110336321922,46,0.016609590795338153,99.422,0.3969815787315369,92.36999999999999,,,12.685912240005564
final_adam_scaled_mup_e75_fs0,0,final,adam,mup,full,75,0.5347110336321922,47,0.013782215826138854,99.564,0.42618456535339355,92.15,,,12.67877337698883
final_adam_scaled_mup_e75_fs0,0,final,adam,mup,full,75,0.5347110336321922,48,0.014670615589618683,99.488,0.4058782135009766,92.32000000000001,,,12.677690766999149
final_adam_scaled_mup_e75_fs0,0,final,adam,mup,full,75,0.5347110336321922,49,0.01089292057607323,99.638,0.4167217658996582,92.24,,,12.674727320991224
final_adam_scaled_mup_e75_fs0,0,final,adam,mup,full,75,0.5347110336321922,50,0.009944312053322793,99.648,0.41566517271995546,92.54,,,12.67265187400335
final_adam_scaled_mup_e75_fs0,0,final,adam,mup,full,75,0.5347110336321922,51,0.00975528097499162,99.678,0.43840294905900956,92.28,,,12.680154867004603
final_adam_scaled_mup_e75_fs0,0,final,adam,mup,full,75,0.5347110336321922,52,0.00773529528092593,99.752,0.42778972301483154,92.55,,,12.676336609001737
final_adam_scaled_mup_e75_fs0,0,final,adam,mup,full,75,0.5347110336321922,53,0.007104999138377607,99.768,0.43701926581263545,92.67,,,12.680845469993073
final_adam_scaled_mup_e75_fs0,0,final,adam,mup,full,75,0.5347110336321922,54,0.006453788239760325,99.78,0.4413408602237701,92.46,,,12.673478730997886
final_adam_scaled_mup_e75_fs0,0,final,adam,mup,full,75,0.5347110336321922,55,0.005457279543713667,99.822,0.4434241320610046,92.54,,,12.680011197997374
final_adam_scaled_mup_e75_fs0,0,final,adam,mup,full,75,0.5347110336321922,56,0.005257843867950141,99.82600000000001,0.44300813302993775,92.94,,,12.676463600000716
final_adam_scaled_mup_e75_fs0,0,final,adam,mup,full,75,0.5347110336321922,57,0.004513066620836034,99.848,0.43879083132743835,92.7,,,12.67718651999894
final_adam_scaled_mup_e75_fs0,0,final,adam,mup,full,75,0.5347110336321922,58,0.0048639228804036976,99.824,0.43652757787704466,92.81,,,12.680580230007763
final_adam_scaled_mup_e75_fs0,0,final,adam,mup,full,75,0.5347110336321922,59,0.0034596743976697325,99.882,0.4363630168914795,92.94,,,12.672917768009938
final_adam_scaled_mup_e75_fs0,0,final,adam,mup,full,75,0.5347110336321922,60,0.003588582532666624,99.88,0.45096105227470396,92.82000000000001,,,12.680107381995185
final_adam_scaled_mup_e75_fs0,0,final,adam,mup,full,75,0.5347110336321922,61,0.0021878725281357764,99.944,0.4358708345413208,93.14,,,12.672497446008492
final_adam_scaled_mup_e75_fs0,0,final,adam,mup,full,75,0.5347110336321922,62,0.002315789825713728,99.92999999999999,0.44233415207862853,92.94,,,12.673980566003593
final_adam_scaled_mup_e75_fs0,0,final,adam,mup,full,75,0.5347110336321922,63,0.0025231511411210523,99.936,0.45041482458114623,92.82000000000001,,,12.6735819500027
final_adam_scaled_mup_e75_fs0,0,final,adam,mup,full,75,0.5347110336321922,64,0.0022338518277928232,99.924,0.45044591083526614,92.83,,,12.680571250995854
final_adam_scaled_mup_e75_fs0,0,final,adam,mup,full,75,0.5347110336321922,65,0.0018335773264383896,99.952,0.4497584129810333,93.08,,,12.681162635999499
final_adam_scaled_mup_e75_fs0,0,final,adam,mup,full,75,0.5347110336321922,66,0.0016340434422483668,99.94800000000001,0.44761459522247316,92.97999999999999,,,12.680102254991652
final_adam_scaled_mup_e75_fs0,0,final,adam,mup,full,75,0.5347110336321922,67,0.001662963713305071,99.95,0.44277567279338836,93.03,,,12.676890884002205
final_adam_scaled_mup_e75_fs0,0,final,adam,mup,full,75,0.5347110336321922,68,0.0011289713570615276,99.968,0.44290599279403686,92.94,,,12.679813679002109
final_adam_scaled_mup_e75_fs0,0,final,adam,mup,full,75,0.5347110336321922,69,0.001800587618998252,99.94,0.44191126008033754,93.04,,,12.67737368599046
final_adam_scaled_mup_e75_fs0,0,final,adam,mup,full,75,0.5347110336321922,70,0.001140132755289087,99.97399999999999,0.4391998272895813,93.10000000000001,,,12.684264850002364
final_adam_scaled_mup_e75_fs0,0,final,adam,mup,full,75,0.5347110336321922,71,0.0014103383838536684,99.96199999999999,0.43559468994140627,93.08,,,12.673038897002698
final_adam_scaled_mup_e75_fs0,0,final,adam,mup,full,75,0.5347110336321922,72,0.0009234189715934917,99.976,0.4406486285686493,93.11,,,12.680097421005485
final_adam_scaled_mup_e75_fs0,0,final,adam,mup,full,75,0.5347110336321922,73,0.0009982117842398293,99.976,0.4395951716899872,93.05,,,12.67820927099092
final_adam_scaled_mup_e75_fs0,0,final,adam,mup,full,75,0.5347110336321922,74,0.0009461179990204983,99.97399999999999,0.4388483652114868,93.15,,,12.678704261998064
final_adam_scaled_mup_e75_fs0,0,final,adam,mup,full,75,0.5347110336321922,75,0.0009051770183467307,99.976,0.4408911114692688,93.17,,,12.674866075991304
final_ef21muonsign_mup_e75_fs0,0,final,ef21muonsign,mup,full,75,0.015081042830223186,0,2.302811705932617,10.302,2.3027890270233153,10.38,,,
final_ef21muonsign_mup_e75_fs0,0,final,ef21muonsign,mup,full,75,0.015081042830223186,1,1.1965234621620178,57.098000000000006,0.8694848010063171,70.72,,,15.90439107400016
final_ef21muonsign_mup_e75_fs0,0,final,ef21muonsign,mup,full,75,0.015081042830223186,2,0.6305938314819336,78.24799999999999,0.5870584003448487,80.33,,,15.27013556098973
final_ef21muonsign_mup_e75_fs0,0,final,ef21muonsign,mup,full,75,0.015081042830223186,3,0.46291281372070314,84.096,0.4886652452468872,83.61,,,15.283571173989912
final_ef21muonsign_mup_e75_fs0,0,final,ef21muonsign,mup,full,75,0.015081042830223186,4,0.37928467098236085,87.03800000000001,0.4862868326663971,84.49,,,15.311412014998496
final_ef21muonsign_mup_e75_fs0,0,final,ef21muonsign,mup,full,75,0.015081042830223186,5,0.31325536246299746,89.25800000000001,0.5157942532539368,83.67999999999999,,,15.311195393005619
final_ef21muonsign_mup_e75_fs0,0,final,ef21muonsign,mup,full,75,0.015081042830223186,6,0.26905089673995974,90.634,0.358173206615448,87.98,,,15.307151831002557
final_ef21muonsign_mup_e75_fs0,0,final,ef21muonsign,mup,full,75,0.015081042830223186,7,0.23288410331726075,91.994,0.37689190311431886,88.46000000000001,,,15.307386403990677
final_ef21muonsign_mup_e75_fs0,0,final,ef21muonsign,mup,full,75,0.015081042830223186,8,0.20335286402702332,92.85600000000001,0.3959560561656952,87.89,,,15.311387562993332
final_ef21muonsign_mup_e75_fs0,0,final,ef21muonsign,mup,full,75,0.015081042830223186,9,0.1786223492193222,93.694,0.37080118465423584,88.44,,,15.30127359800099
final_ef21muonsign_mup_e75_fs0,0,final,ef21muonsign,mup,full,75,0.015081042830223186,10,0.16298685103416444,94.39,0.2938904408454895,91.10000000000001,,,15.304075662992545
final_ef21muonsign_mup_e75_fs0,0,final,ef21muonsign,mup,full,75,0.015081042830223186,11,0.1415655222415924,95.136,0.33213531851768496,90.32,,,15.298039641987998
final_ef21muonsign_mup_e75_fs0,0,final,ef21muonsign,mup,full,75,0.015081042830223186,12,0.12824320006370543,95.536,0.3199322730064392,91.06,,,15.295205677000922
final_ef21muonsign_mup_e75_fs0,0,final,ef21muonsign,mup,full,75,0.015081042830223186,13,0.11056308123588562,96.13199999999999,0.3137648135662079,90.89,,,15.289250732996152
final_ef21muonsign_mup_e75_fs0,0,final,ef21muonsign,mup,full,75,0.015081042830223186,14,0.10093491219520569,96.45,0.3200804557800293,91.14,,,15.287827213003766
final_ef21muonsign_mup_e75_fs0,0,final,ef21muonsign,mup,full,75,0.015081042830223186,15,0.09181354105234146,96.748,0.30057404699325563,91.62,,,15.28094136499567
final_ef21muonsign_mup_e75_fs0,0,final,ef21muonsign,mup,full,75,0.015081042830223186,16,0.08113287441790104,97.19200000000001,0.3340215313434601,91.35,,,15.268191601004219
final_ef21muonsign_mup_e75_fs0,0,final,ef21muonsign,mup,full,75,0.015081042830223186,17,0.07531933500766755,97.354,0.34724116287231444,91.64,,,15.268313876003958
final_ef21muonsign_mup_e75_fs0,0,final,ef21muonsign,mup,full,75,0.015081042830223186,18,0.06997263005018234,97.59400000000001,0.32809912099838257,91.58,,,15.263849271999788
final_ef21muonsign_mup_e75_fs0,0,final,ef21muonsign,mup,full,75,0.015081042830223186,19,0.06330808888435364,97.89999999999999,0.2978550805091858,92.34,,,15.27024477100349
final_ef21muonsign_mup_e75_fs0,0,final,ef21muonsign,mup,full,75,0.015081042830223186,20,0.05898910952448845,97.92,0.3406870427131653,91.72,,,15.271071019989904
final_ef21muonsign_mup_e75_fs0,0,final,ef21muonsign,mup,full,75,0.015081042830223186,21,0.0536169058907032,98.178,0.3356917200088501,92.0,,,15.28290149300301
final_ef21muonsign_mup_e75_fs0,0,final,ef21muonsign,mup,full,75,0.015081042830223186,22,0.0494521865427494,98.312,0.32073684883117676,92.10000000000001,,,15.27312946699385
final_ef21muonsign_mup_e75_fs0,0,final,ef21muonsign,mup,full,75,0.015081042830223186,23,0.04564302326381207,98.378,0.3264490237236023,92.25999999999999,,,15.263520790002076
final_ef21muonsign_mup_e75_fs0,0,final,ef21muonsign,mup,full,75,0.015081042830223186,24,0.04188852090358734,98.598,0.33706187291145323,92.4,,,15.282051964008133
final_ef21muonsign_mup_e75_fs0,0,final,ef21muonsign,mup,full,75,0.015081042830223186,25,0.04146697158366442,98.554,0.34976705980300904,92.25,,,15.261642340003164
final_ef21muonsign_mup_e75_fs0,0,final,ef21muonsign,mup,full,75,0.015081042830223186,26,0.03581402127087116,98.712,0.34714321851730345,92.38,,,15.258755485992879
final_ef21muonsign_mup_e75_fs0,0,final,ef21muonsign,mup,full,75,0.015081042830223186,27,0.0333040712878108,98.87599999999999,0.3680861110687256,92.30000000000001,,,15.267933961993549
final_ef21muonsign_mup_e75_fs0,0,final,ef21muonsign,mup,full,75,0.015081042830223186,28,0.03071356120467186,98.92,0.3841194388389587,92.2,,,15.257723920003627
final_ef21muonsign_mup_e75_fs0,0,final,ef21muonsign,mup,full,75,0.015081042830223186,29,0.02933154378011823,99.00999999999999,0.37017801885604856,92.2,,,15.261729817997548
final_ef21muonsign_mup_e75_fs0,0,final,ef21muonsign,mup,full,75,0.015081042830223186,30,0.025711337992995978,99.122,0.3464662676811218,92.73,,,15.248180404989398
final_ef21muonsign_mup_e75_fs0,0,final,ef21muonsign,mup,full,75,0.015081042830223186,31,0.024640145765393973,99.176,0.367573850440979,92.43,,,15.267589192008018
final_ef21muonsign_mup_e75_fs0,0,final,ef21muonsign,mup,full,75,0.015081042830223186,32,0.022180005353987217,99.268,0.37780522861480714,92.63,,,15.255141375004314
final_ef21muonsign_mup_e75_fs0,0,final,ef21muonsign,mup,full,75,0.015081042830223186,33,0.022014201724752783,99.222,0.38618175888061523,92.47,,,15.259688539998024
final_ef21muonsign_mup_e75_fs0,0,final,ef21muonsign,mup,full,75,0.015081042830223186,34,0.018693194567002355,99.388,0.35127343764305113,93.17999999999999,,,15.252754768996965
final_ef21muonsign_mup_e75_fs0,0,final,ef21muonsign,mup,full,75,0.015081042830223186,35,0.018199254016950727,99.366,0.36270059299468993,92.92,,,15.254990453002392
final_ef21muonsign_mup_e75_fs0,0,final,ef21muonsign,mup,full,75,0.015081042830223186,36,0.018000733246598392,99.376,0.3658143273353577,93.10000000000001,,,15.254976496988093
final_ef21muonsign_mup_e75_fs0,0,final,ef21muonsign,mup,full,75,0.015081042830223186,37,0.015636970375180245,99.482,0.3824372717857361,92.97999999999999,,,15.25687680899864
final_ef21muonsign_mup_e75_fs0,0,final,ef21muonsign,mup,full,75,0.015081042830223186,38,0.0138102569424361,99.528,0.38562968606948855,92.95,,,15.255114351006341
final_ef21muonsign_mup_e75_fs0,0,final,ef21muonsign,mup,full,75,0.015081042830223186,39,0.013798215850554407,99.466,0.3590319625258446,93.27,,,15.248982457007514
final_ef21muonsign_mup_e75_fs0,0,final,ef21muonsign,mup,full,75,0.015081042830223186,40,0.011071918460763991,99.646,0.38592925324440003,93.0,,,15.25592418400629
final_ef21muonsign_mup_e75_fs0,0,final,ef21muonsign,mup,full,75,0.015081042830223186,41,0.009847145002875477,99.684,0.38231640610694884,93.17999999999999,,,15.257983553005033
final_ef21muonsign_mup_e75_fs0,0,final,ef21muonsign,mup,full,75,0.015081042830223186,42,0.009105491191018373,99.694,0.3795160130739212,93.49,,,15.26185245999659
final_ef21muonsign_mup_e75_fs0,0,final,ef21muonsign,mup,full,75,0.015081042830223186,43,0.00991631858875975,99.67,0.3811626923084259,93.22,,,15.252174524997827
final_ef21muonsign_mup_e75_fs0,0,final,ef21muonsign,mup,full,75,0.015081042830223186,44,0.007969651375329121,99.71799999999999,0.37847511668205264,93.61,,,15.252480463008396
final_ef21muonsign_mup_e75_fs0,0,final,ef21muonsign,mup,full,75,0.015081042830223186,45,0.007855801786631346,99.734,0.39589416208267214,93.32000000000001,,,15.248455804001424
final_ef21muonsign_mup_e75_fs0,0,final,ef21muonsign,mup,full,75,0.015081042830223186,46,0.006645859946301207,99.774,0.3876374207496643,93.23,,,15.249386929004686
final_ef21muonsign_mup_e75_fs0,0,final,ef21muonsign,mup,full,75,0.015081042830223186,47,0.006213620273303241,99.79,0.3969175935268402,93.33,,,15.248411225999007
final_ef21muonsign_mup_e75_fs0,0,final,ef21muonsign,mup,full,75,0.015081042830223186,48,0.005083466922746738,99.836,0.38191798391342163,93.56,,,15.250013570999727
final_ef21muonsign_mup_e75_fs0,0,final,ef21muonsign,mup,full,75,0.015081042830223186,49,0.0046761102763097735,99.82799999999999,0.3965231291770935,93.34,,,15.254256315005478
final_ef21muonsign_mup_e75_fs0,0,final,ef21muonsign,mup,full,75,0.015081042830223186,50,0.00435530811354518,99.856,0.3799204760551453,93.77,,,15.254020820008009
final_ef21muonsign_mup_e75_fs0,0,final,ef21muonsign,mup,full,75,0.015081042830223186,51,0.0034749915093975144,99.896,0.3963985587716103,93.65,,,15.253604893994634
final_ef21muonsign_mup_e75_fs0,0,final,ef21muonsign,mup,full,75,0.015081042830223186,52,0.003339877171148546,99.892,0.38739201803207396,93.64,,,15.251675210005487
final_ef21muonsign_mup_e75_fs0,0,final,ef21muonsign,mup,full,75,0.015081042830223186,53,0.002804226437099278,99.898,0.38985507905483247,93.47999999999999,,,15.246970766005688
final_ef21muonsign_mup_e75_fs0,0,final,ef21muonsign,mup,full,75,0.015081042830223186,54,0.002738517339627724,99.912,0.3874362265408039,93.65,,,15.246859029008192
final_ef21muonsign_mup_e75_fs0,0,final,ef21muonsign,mup,full,75,0.015081042830223186,55,0.0024470039334974717,99.928,0.3921343408703804,93.82000000000001,,,15.25185428900295
final_ef21muonsign_mup_e75_fs0,0,final,ef21muonsign,mup,full,75,0.015081042830223186,56,0.0019020214674470481,99.924,0.37398034782409667,93.83,,,15.249937232001685
final_ef21muonsign_mup_e75_fs0,0,final,ef21muonsign,mup,full,75,0.015081042830223186,57,0.0014665478457283462,99.952,0.3872500588417053,93.71000000000001,,,15.253237741999328
final_ef21muonsign_mup_e75_fs0,0,final,ef21muonsign,mup,full,75,0.015081042830223186,58,0.0012615335393964778,99.96000000000001,0.37773586487770083,93.95,,,15.256738882002537
final_ef21muonsign_mup_e75_fs0,0,final,ef21muonsign,mup,full,75,0.015081042830223186,59,0.0010500932887001545,99.97399999999999,0.3940551050662994,93.76,,,15.256738292999216
final_ef21muonsign_mup_e75_fs0,0,final,ef21muonsign,mup,full,75,0.015081042830223186,60,0.0011519309405976673,99.958,0.3885544863820076,93.91000000000001,,,15.253208755995729
final_ef21muonsign_mup_e75_fs0,0,final,ef21muonsign,mup,full,75,0.015081042830223186,61,0.000780703721785394,99.97399999999999,0.38234621101021765,93.89,,,15.253500585997244
final_ef21muonsign_mup_e75_fs0,0,final,ef21muonsign,mup,full,75,0.015081042830223186,62,0.0006475147069455124,99.98,0.3787971375644207,93.84,,,15.249171528994339
final_ef21muonsign_mup_e75_fs0,0,final,ef21muonsign,mup,full,75,0.015081042830223186,63,0.00048031560200237437,99.992,0.38394116840362547,93.8,,,15.260382701002527
final_ef21muonsign_mup_e75_fs0,0,final,ef21muonsign,mup,full,75,0.015081042830223186,64,0.0005979877952847165,99.988,0.3833527472615242,93.96,,,15.247334337997017
final_ef21muonsign_mup_e75_fs0,0,final,ef21muonsign,mup,full,75,0.015081042830223186,65,0.0004705458229163196,99.988,0.38686745277643203,94.0,,,15.249842846009415
final_ef21muonsign_mup_e75_fs0,0,final,ef21muonsign,mup,full,75,0.015081042830223186,66,0.0004487839253956918,99.982,0.38113972656726836,94.08,,,15.248465585988015
final_ef21muonsign_mup_e75_fs0,0,final,ef21muonsign,mup,full,75,0.015081042830223186,67,0.00035372697557555514,99.988,0.3751534741997719,94.19,,,15.255193560005864
final_ef21muonsign_mup_e75_fs0,0,final,ef21muonsign,mup,full,75,0.015081042830223186,68,0.00032974780218908564,99.992,0.37650387678146363,94.11,,,15.249716221005656
final_ef21muonsign_mup_e75_fs0,0,final,ef21muonsign,mup,full,75,0.015081042830223186,69,0.0004095099952255259,99.98599999999999,0.3823769255399704,94.17,,,15.256263186005526
final_ef21muonsign_mup_e75_fs0,0,final,ef21muonsign,mup,full,75,0.015081042830223186,70,0.0002766663342315587,99.988,0.3736061303436756,94.24,,,15.252530375000788
final_ef21muonsign_mup_e75_fs0,0,final,ef21muonsign,mup,full,75,0.015081042830223186,71,0.00032904760357472694,99.984,0.37269141240119935,94.28999999999999,,,15.254161153003224
final_ef21muonsign_mup_e75_fs0,0,final,ef21muonsign,mup,full,75,0.015081042830223186,72,0.0002605732743158296,99.994,0.37778664416074753,94.34,,,15.257370327992248
final_ef21muonsign_mup_e75_fs0,0,final,ef21muonsign,mup,full,75,0.015081042830223186,73,0.0002831886238246807,99.994,0.3759354047715664,94.21000000000001,,,15.253075417000218
final_ef21muonsign_mup_e75_fs0,0,final,ef21muonsign,mup,full,75,0.015081042830223186,74,0.00015880774927471065,99.998,0.37438442517519,94.19999999999999,,,15.250634426003671
final_ef21muonsign_mup_e75_fs0,0,final,ef21muonsign,mup,full,75,0.015081042830223186,75,0.00024756821670744104,99.994,0.37752192606925966,94.24,,,15.256903358997079
final_ef21muonsign_unit-gain_e75_fs0,0,final,ef21muonsign,unit-gain,full,75,0.003249112183528945,0,2.302811705932617,10.302,2.3027890270233153,10.38,,,
final_ef21muonsign_unit-gain_e75_fs0,0,final,ef21muonsign,unit-gain,full,75,0.003249112183528945,1,1.2849132794570923,53.592,0.884980084514618,70.21,,,16.000604278000537
final_ef21muonsign_unit-gain_e75_fs0,0,final,ef21muonsign,unit-gain,full,75,0.003249112183528945,2,0.6908936170578003,75.914,0.6116220898628235,78.59,,,15.3695366259999
final_ef21muonsign_unit-gain_e75_fs0,0,final,ef21muonsign,unit-gain,full,75,0.003249112183528945,3,0.5065263658809662,82.568,0.46336648859977725,84.15,,,15.377590846001112
final_ef21muonsign_unit-gain_e75_fs0,0,final,ef21muonsign,unit-gain,full,75,0.003249112183528945,4,0.41696772302627566,85.652,0.4802385682106018,84.3,,,15.394488190002448
final_ef21muonsign_unit-gain_e75_fs0,0,final,ef21muonsign,unit-gain,full,75,0.003249112183528945,5,0.35584650752067565,87.7,0.4681737690448761,84.78999999999999,,,15.395723888999783
final_ef21muonsign_unit-gain_e75_fs0,0,final,ef21muonsign,unit-gain,full,75,0.003249112183528945,6,0.316287872505188,89.102,0.46255988039970397,84.8,,,15.396293129000696
final_ef21muonsign_unit-gain_e75_fs0,0,final,ef21muonsign,unit-gain,full,75,0.003249112183528945,7,0.2805599580574036,90.36999999999999,0.3600540151119232,88.37,,,15.38481231899641
final_ef21muonsign_unit-gain_e75_fs0,0,final,ef21muonsign,unit-gain,full,75,0.003249112183528945,8,0.25081060239315034,91.458,0.4381204424381256,86.86,,,15.380417979999038
final_ef21muonsign_unit-gain_e75_fs0,0,final,ef21muonsign,unit-gain,full,75,0.003249112183528945,9,0.22782389743804932,92.134,0.43981155395507815,86.41,,,15.382664352000575
final_ef21muonsign_unit-gain_e75_fs0,0,final,ef21muonsign,unit-gain,full,75,0.003249112183528945,10,0.21508875046253204,92.642,0.34567362189292905,88.89,,,15.379936703000567
final_ef21muonsign_unit-gain_e75_fs0,0,final,ef21muonsign,unit-gain,full,75,0.003249112183528945,11,0.1981305045223236,93.158,0.36417946128845213,88.66000000000001,,,15.379555281004286
final_ef21muonsign_unit-gain_e75_fs0,0,final,ef21muonsign,unit-gain,full,75,0.003249112183528945,12,0.1850700513935089,93.554,0.37606504764556886,88.98,,,15.366220937001344
final_ef21muonsign_unit-gain_e75_fs0,0,final,ef21muonsign,unit-gain,full,75,0.003249112183528945,13,0.17471887053489685,93.986,0.37232063932418824,89.02,,,15.380175208003493
final_ef21muonsign_unit-gain_e75_fs0,0,final,ef21muonsign,unit-gain,full,75,0.003249112183528945,14,0.16014900564193726,94.542,0.34929673800468447,89.81,,,15.367134025000269
final_ef21muonsign_unit-gain_e75_fs0,0,final,ef21muonsign,unit-gain,full,75,0.003249112183528945,15,0.15213315604686736,94.744,0.3369716431617737,90.29,,,15.359535666997544
final_ef21muonsign_unit-gain_e75_fs0,0,final,ef21muonsign,unit-gain,full,75,0.003249112183528945,16,0.1443587286567688,95.072,0.3708411431312561,90.01,,,15.363010583001596
final_ef21muonsign_unit-gain_e75_fs0,0,final,ef21muonsign,unit-gain,full,75,0.003249112183528945,17,0.1376701321029663,95.308,0.34801801216602324,90.42999999999999,,,15.36531593100517
final_ef21muonsign_unit-gain_e75_fs0,0,final,ef21muonsign,unit-gain,full,75,0.003249112183528945,18,0.12998452537059785,95.55399999999999,0.34652196831703186,89.98,,,15.359084563999204
final_ef21muonsign_unit-gain_e75_fs0,0,final,ef21muonsign,unit-gain,full,75,0.003249112183528945,19,0.1236997715139389,95.75,0.32975229568481446,90.53999999999999,,,15.357944076997228
final_ef21muonsign_unit-gain_e75_fs0,0,final,ef21muonsign,unit-gain,full,75,0.003249112183528945,20,0.11992676995515823,95.856,0.36969266262054445,90.53999999999999,,,15.351552791005815
final_ef21muonsign_unit-gain_e75_fs0,0,final,ef21muonsign,unit-gain,full,75,0.003249112183528945,21,0.10949472739219665,96.196,0.32928229937553405,90.73,,,15.359388246004528
final_ef21muonsign_unit-gain_e75_fs0,0,final,ef21muonsign,unit-gain,full,75,0.003249112183528945,22,0.10771606462240219,96.308,0.3227695393562317,90.96,,,15.364633434001007
final_ef21muonsign_unit-gain_e75_fs0,0,final,ef21muonsign,unit-gain,full,75,0.003249112183528945,23,0.099296478972435,96.54,0.329467634344101,91.16,,,15.358959183999104
final_ef21muonsign_unit-gain_e75_fs0,0,final,ef21muonsign,unit-gain,full,75,0.003249112183528945,24,0.0963349418091774,96.73,0.3560734079360962,90.66,,,15.359031905994925
final_ef21muonsign_unit-gain_e75_fs0,0,final,ef21muonsign,unit-gain,full,75,0.003249112183528945,25,0.09041401495933532,96.894,0.3760449387550354,90.64,,,15.353723508000257
final_ef21muonsign_unit-gain_e75_fs0,0,final,ef21muonsign,unit-gain,full,75,0.003249112183528945,26,0.08726129531860352,97.00800000000001,0.3733551481723785,90.75999999999999,,,15.354717120993882
final_ef21muonsign_unit-gain_e75_fs0,0,final,ef21muonsign,unit-gain,full,75,0.003249112183528945,27,0.08313348370194436,97.08,0.33898745653629303,91.36,,,15.354851025003882
final_ef21muonsign_unit-gain_e75_fs0,0,final,ef21muonsign,unit-gain,full,75,0.003249112183528945,28,0.07617262909412384,97.45,0.34704851546287535,91.42,,,15.35551483299787
final_ef21muonsign_unit-gain_e75_fs0,0,final,ef21muonsign,unit-gain,full,75,0.003249112183528945,29,0.07342850279092789,97.442,0.3883600866317749,90.47,,,15.356505895004375
final_ef21muonsign_unit-gain_e75_fs0,0,final,ef21muonsign,unit-gain,full,75,0.003249112183528945,30,0.07111218305706977,97.562,0.364290553188324,91.10000000000001,,,15.351399450002646
final_ef21muonsign_unit-gain_e75_fs0,0,final,ef21muonsign,unit-gain,full,75,0.003249112183528945,31,0.06644616212368011,97.684,0.3281962219178677,91.85,,,15.353115794001496
final_ef21muonsign_unit-gain_e75_fs0,0,final,ef21muonsign,unit-gain,full,75,0.003249112183528945,32,0.06283015169620514,97.82,0.3352764764308929,91.82000000000001,,,15.34969558299781
final_ef21muonsign_unit-gain_e75_fs0,0,final,ef21muonsign,unit-gain,full,75,0.003249112183528945,33,0.06274309664845466,97.904,0.3705325464487076,91.61,,,15.350627703002829
final_ef21muonsign_unit-gain_e75_fs0,0,final,ef21muonsign,unit-gain,full,75,0.003249112183528945,34,0.05541411657094956,98.112,0.40227204790115356,91.66,,,15.343293005003943
final_ef21muonsign_unit-gain_e75_fs0,0,final,ef21muonsign,unit-gain,full,75,0.003249112183528945,35,0.05661041058540344,98.068,0.3509353180885315,92.05,,,15.351075888997002
final_ef21muonsign_unit-gain_e75_fs0,0,final,ef21muonsign,unit-gain,full,75,0.003249112183528945,36,0.0515847594922781,98.252,0.3573547184109688,91.79,,,15.3443348159999
final_ef21muonsign_unit-gain_e75_fs0,0,final,ef21muonsign,unit-gain,full,75,0.003249112183528945,37,0.04836145883083343,98.35199999999999,0.40177413792610167,91.4,,,15.350239740997495
final_ef21muonsign_unit-gain_e75_fs0,0,final,ef21muonsign,unit-gain,full,75,0.003249112183528945,38,0.04605006173312664,98.46000000000001,0.3755729680776596,91.9,,,15.34317108400137
final_ef21muonsign_unit-gain_e75_fs0,0,final,ef21muonsign,unit-gain,full,75,0.003249112183528945,39,0.044009861532747746,98.516,0.36151385021209714,92.0,,,15.344574456998089
final_ef21muonsign_unit-gain_e75_fs0,0,final,ef21muonsign,unit-gain,full,75,0.003249112183528945,40,0.040921709882616994,98.61,0.376254781627655,92.06,,,15.342764753004303
final_ef21muonsign_unit-gain_e75_fs0,0,final,ef21muonsign,unit-gain,full,75,0.003249112183528945,41,0.03847962496161461,98.696,0.3599210988998413,92.01,,,15.344431805999193
final_ef21muonsign_unit-gain_e75_fs0,0,final,ef21muonsign,unit-gain,full,75,0.003249112183528945,42,0.031681202842891214,98.914,0.39528530683517454,92.32000000000001,,,15.3547207599986
final_ef21muonsign_unit-gain_e75_fs0,0,final,ef21muonsign,unit-gain,full,75,0.003249112183528945,43,0.031987267651557925,98.938,0.3918753872871399,92.17999999999999,,,15.341767810001329
final_ef21muonsign_unit-gain_e75_fs0,0,final,ef21muonsign,unit-gain,full,75,0.003249112183528945,44,0.03234038144528866,98.874,0.3462600151538849,92.47,,,15.340201881001121
final_ef21muonsign_unit-gain_e75_fs0,0,final,ef21muonsign,unit-gain,full,75,0.003249112183528945,45,0.02749248198390007,99.09599999999999,0.3843626444816589,92.4,,,15.34609167099552
final_ef21muonsign_unit-gain_e75_fs0,0,final,ef21muonsign,unit-gain,full,75,0.003249112183528945,46,0.024922027948647736,99.128,0.36375199308395384,92.69,,,15.332658901003015
final_ef21muonsign_unit-gain_e75_fs0,0,final,ef21muonsign,unit-gain,full,75,0.003249112183528945,47,0.02487147879049182,99.11999999999999,0.3840036813735962,92.52,,,15.341982436999388
final_ef21muonsign_unit-gain_e75_fs0,0,final,ef21muonsign,unit-gain,full,75,0.003249112183528945,48,0.02101155045673251,99.266,0.36475173811912537,92.72,,,15.340346846998727
final_ef21muonsign_unit-gain_e75_fs0,0,final,ef21muonsign,unit-gain,full,75,0.003249112183528945,49,0.019781095496192575,99.318,0.3697366983890533,92.66,,,15.333466266994947
final_ef21muonsign_unit-gain_e75_fs0,0,final,ef21muonsign,unit-gain,full,75,0.003249112183528945,50,0.019184203873574734,99.33999999999999,0.35512564129829405,93.01,,,15.337814892998722
final_ef21muonsign_unit-gain_e75_fs0,0,final,ef21muonsign,unit-gain,full,75,0.003249112183528945,51,0.016929972999840975,99.41,0.39366529779434206,92.66,,,15.351364572998136
final_ef21muonsign_unit-gain_e75_fs0,0,final,ef21muonsign,unit-gain,full,75,0.003249112183528945,52,0.013691487585753202,99.56,0.3982359817504883,92.63,,,15.33465282900579
final_ef21muonsign_unit-gain_e75_fs0,0,final,ef21muonsign,unit-gain,full,75,0.003249112183528945,53,0.012992392909266055,99.592,0.3892177076339722,92.91,,,15.322139308002079
final_ef21muonsign_unit-gain_e75_fs0,0,final,ef21muonsign,unit-gain,full,75,0.003249112183528945,54,0.010636857051961124,99.63,0.39996219987869264,92.78999999999999,,,15.33896866899886
final_ef21muonsign_unit-gain_e75_fs0,0,final,ef21muonsign,unit-gain,full,75,0.003249112183528945,55,0.010284614797644318,99.648,0.414154984664917,92.80000000000001,,,15.338219590994413
final_ef21muonsign_unit-gain_e75_fs0,0,final,ef21muonsign,unit-gain,full,75,0.003249112183528945,56,0.009973753087352962,99.66199999999999,0.3980166830062866,93.03,,,15.333265270004631
final_ef21muonsign_unit-gain_e75_fs0,0,final,ef21muonsign,unit-gain,full,75,0.003249112183528945,57,0.007741201236881315,99.734,0.39581797790527345,93.24,,,15.336151370000152
final_ef21muonsign_unit-gain_e75_fs0,0,final,ef21muonsign,unit-gain,full,75,0.003249112183528945,58,0.0076963730510231105,99.738,0.40543739347457886,93.14,,,15.33769322999433
final_ef21muonsign_unit-gain_e75_fs0,0,final,ef21muonsign,unit-gain,full,75,0.003249112183528945,59,0.006544466379731893,99.772,0.4011911956787109,93.24,,,15.331756962004874
final_ef21muonsign_unit-gain_e75_fs0,0,final,ef21muonsign,unit-gain,full,75,0.003249112183528945,60,0.00610220832276158,99.8,0.4193644939422607,93.39,,,15.347638573002769
final_ef21muonsign_unit-gain_e75_fs0,0,final,ef21muonsign,unit-gain,full,75,0.003249112183528945,61,0.0055461555942799895,99.83,0.388359988117218,93.62,,,15.345932903001085
final_ef21muonsign_unit-gain_e75_fs0,0,final,ef21muonsign,unit-gain,full,75,0.003249112183528945,62,0.004335870134793222,99.862,0.4149198066711426,93.38,,,15.33894431799854
final_ef21muonsign_unit-gain_e75_fs0,0,final,ef21muonsign,unit-gain,full,75,0.003249112183528945,63,0.0038008311182586474,99.884,0.41548947229385375,93.43,,,15.341427254003065
final_ef21muonsign_unit-gain_e75_fs0,0,final,ef21muonsign,unit-gain,full,75,0.003249112183528945,64,0.0024906219872203655,99.926,0.42273683280944824,93.44,,,15.332260183997278
final_ef21muonsign_unit-gain_e75_fs0,0,final,ef21muonsign,unit-gain,full,75,0.003249112183528945,65,0.0026256936231954025,99.922,0.42493118171691896,93.53,,,15.337506842995936
final_ef21muonsign_unit-gain_e75_fs0,0,final,ef21muonsign,unit-gain,full,75,0.003249112183528945,66,0.0016987192919082007,99.954,0.421502626991272,93.51,,,15.34620947199437
final_ef21muonsign_unit-gain_e75_fs0,0,final,ef21muonsign,unit-gain,full,75,0.003249112183528945,67,0.0018714744824700755,99.942,0.40995193395614626,93.58999999999999,,,15.351580273003492
final_ef21muonsign_unit-gain_e75_fs0,0,final,ef21muonsign,unit-gain,full,75,0.003249112183528945,68,0.0014219838000228628,99.954,0.40742462472915647,93.73,,,15.343928098001925
final_ef21muonsign_unit-gain_e75_fs0,0,final,ef21muonsign,unit-gain,full,75,0.003249112183528945,69,0.0016169166738842615,99.944,0.4199656015396118,93.61,,,15.349095951998606
final_ef21muonsign_unit-gain_e75_fs0,0,final,ef21muonsign,unit-gain,full,75,0.003249112183528945,70,0.0019990424551535398,99.938,0.410211141872406,93.7,,,15.343109657995228
final_ef21muonsign_unit-gain_e75_fs0,0,final,ef21muonsign,unit-gain,full,75,0.003249112183528945,71,0.0009143472264724551,99.982,0.4135326298713684,93.78999999999999,,,15.344950022001285
final_ef21muonsign_unit-gain_e75_fs0,0,final,ef21muonsign,unit-gain,full,75,0.003249112183528945,72,0.0007738142310036347,99.97200000000001,0.4176390730857849,93.78,,,15.34037480000552
final_ef21muonsign_unit-gain_e75_fs0,0,final,ef21muonsign,unit-gain,full,75,0.003249112183528945,73,0.0008544472801568918,99.978,0.4189719117164612,93.83,,,15.350959034993139
final_ef21muonsign_unit-gain_e75_fs0,0,final,ef21muonsign,unit-gain,full,75,0.003249112183528945,74,0.0008335363069549203,99.976,0.4127735546112061,93.71000000000001,,,15.353616143002
final_ef21muonsign_unit-gain_e75_fs0,0,final,ef21muonsign,unit-gain,full,75,0.003249112183528945,75,0.0010250387696234976,99.966,0.4159723998069763,93.71000000000001,,,15.34872097599873
final_ef21muonusign_mup_e75_fs0,0,final,ef21muonusign,mup,full,75,0.017235477520255074,0,2.302811705932617,10.302,2.3027890270233153,10.38,,,
final_ef21muonusign_mup_e75_fs0,0,final,ef21muonusign,mup,full,75,0.017235477520255074,1,1.1964583128356934,57.292,0.8258051968574524,72.57000000000001,,,15.459004609001568
final_ef21muonusign_mup_e75_fs0,0,final,ef21muonusign,mup,full,75,0.017235477520255074,2,0.6332139895534515,78.11399999999999,0.5376486848831177,81.67,,,14.827360705006868
final_ef21muonusign_mup_e75_fs0,0,final,ef21muonusign,mup,full,75,0.017235477520255074,3,0.469509899892807,83.976,0.468125227689743,84.17,,,14.834408423004788
final_ef21muonusign_mup_e75_fs0,0,final,ef21muonusign,mup,full,75,0.017235477520255074,4,0.3811182403564453,86.912,0.40404704465866087,86.6,,,14.838520629986306
final_ef21muonusign_mup_e75_fs0,0,final,ef21muonusign,mup,full,75,0.017235477520255074,5,0.31527861510276795,89.218,0.3999549810409546,86.33999999999999,,,14.85066918299708
final_ef21muonusign_mup_e75_fs0,0,final,ef21muonusign,mup,full,75,0.017235477520255074,6,0.2765186927032471,90.586,0.4039404226779938,87.05000000000001,,,14.840060809001443
final_ef21muonusign_mup_e75_fs0,0,final,ef21muonusign,mup,full,75,0.017235477520255074,7,0.2374603808259964,91.776,0.3361482074737549,88.85,,,14.843680257006781
final_ef21muonusign_mup_e75_fs0,0,final,ef21muonusign,mup,full,75,0.017235477520255074,8,0.2078661827993393,92.85,0.3793726082801819,88.73,,,14.851810022999416
final_ef21muonusign_mup_e75_fs0,0,final,ef21muonusign,mup,full,75,0.017235477520255074,9,0.18085941653251647,93.72399999999999,0.4069750611305237,87.72999999999999,,,14.842459727995447
final_ef21muonusign_mup_e75_fs0,0,final,ef21muonusign,mup,full,75,0.017235477520255074,10,0.164517107834816,94.228,0.32500814871788025,90.18,,,14.835505921000731
final_ef21muonusign_mup_e75_fs0,0,final,ef21muonusign,mup,full,75,0.017235477520255074,11,0.1425806425476074,95.04,0.32025826587677003,90.66,,,14.843179156989208
final_ef21muonusign_mup_e75_fs0,0,final,ef21muonusign,mup,full,75,0.017235477520255074,12,0.12775216019153596,95.47,0.32537371807098386,90.66,,,14.833367393002845
final_ef21muonusign_mup_e75_fs0,0,final,ef21muonusign,mup,full,75,0.017235477520255074,13,0.11151229031801224,96.14,0.30904173259735107,91.25,,,14.836092741010361
final_ef21muonusign_mup_e75_fs0,0,final,ef21muonusign,mup,full,75,0.017235477520255074,14,0.1041568008852005,96.404,0.32511077127456667,91.08000000000001,,,14.83217119400797
final_ef21muonusign_mup_e75_fs0,0,final,ef21muonusign,mup,full,75,0.017235477520255074,15,0.09404737166643143,96.712,0.3208861855506897,91.08000000000001,,,14.831268473004457
final_ef21muonusign_mup_e75_fs0,0,final,ef21muonusign,mup,full,75,0.017235477520255074,16,0.0854338520026207,97.048,0.3170153835058212,91.77,,,14.829444283997873
final_ef21muonusign_mup_e75_fs0,0,final,ef21muonusign,mup,full,75,0.017235477520255074,17,0.0781147213125229,97.28,0.33369505026340485,91.47999999999999,,,14.832099952996941
final_ef21muonusign_mup_e75_fs0,0,final,ef21muonusign,mup,full,75,0.017235477520255074,18,0.07086701667666435,97.562,0.33871041269302365,91.67999999999999,,,14.826117506003357
final_ef21muonusign_mup_e75_fs0,0,final,ef21muonusign,mup,full,75,0.017235477520255074,19,0.06524585451841354,97.694,0.3622245234966278,91.13,,,14.830621134009562
final_ef21muonusign_mup_e75_fs0,0,final,ef21muonusign,mup,full,75,0.017235477520255074,20,0.060464394996762275,97.918,0.36987602682113646,91.38,,,14.82432173799316
final_ef21muonusign_mup_e75_fs0,0,final,ef21muonusign,mup,full,75,0.017235477520255074,21,0.053716140336990355,98.084,0.3284943080425262,92.2,,,14.82166715899075
final_ef21muonusign_mup_e75_fs0,0,final,ef21muonusign,mup,full,75,0.017235477520255074,22,0.051310522264242174,98.22999999999999,0.34990636281967163,91.75,,,14.821319469003356
final_ef21muonusign_mup_e75_fs0,0,final,ef21muonusign,mup,full,75,0.017235477520255074,23,0.04544177124202251,98.438,0.36084048480987546,91.78,,,14.829566853994038
final_ef21muonusign_mup_e75_fs0,0,final,ef21muonusign,mup,full,75,0.017235477520255074,24,0.04348177727639675,98.554,0.3488817952156067,92.09,,,14.826728075990104
final_ef21muonusign_mup_e75_fs0,0,final,ef21muonusign,mup,full,75,0.017235477520255074,25,0.03901615287840366,98.662,0.3681289309978485,91.8,,,14.824651836999692
final_ef21muonusign_mup_e75_fs0,0,final,ef21muonusign,mup,full,75,0.017235477520255074,26,0.034776890488266946,98.74199999999999,0.35614376764297484,92.63,,,14.820972847999656
final_ef21muonusign_mup_e75_fs0,0,final,ef21muonusign,mup,full,75,0.017235477520255074,27,0.03399242567479611,98.818,0.36197391333580015,92.44,,,14.821057649009163
final_ef21muonusign_mup_e75_fs0,0,final,ef21muonusign,mup,full,75,0.017235477520255074,28,0.033874760786741974,98.822,0.38994101123809816,92.15,,,14.82516414699785
final_ef21muonusign_mup_e75_fs0,0,final,ef21muonusign,mup,full,75,0.017235477520255074,29,0.0275532919177413,99.044,0.37176361150741577,92.53,,,14.834020601992961
final_ef21muonusign_mup_e75_fs0,0,final,ef21muonusign,mup,full,75,0.017235477520255074,30,0.02642533776894212,99.098,0.3722707730293274,92.30000000000001,,,14.830566582997562
final_ef21muonusign_mup_e75_fs0,0,final,ef21muonusign,mup,full,75,0.017235477520255074,31,0.02353762268155813,99.148,0.37602712349891665,92.36,,,14.82906321399787
final_ef21muonusign_mup_e75_fs0,0,final,ef21muonusign,mup,full,75,0.017235477520255074,32,0.024579539140630515,99.17200000000001,0.36873388357162473,92.69,,,14.835700431009172
final_ef21muonusign_mup_e75_fs0,0,final,ef21muonusign,mup,full,75,0.017235477520255074,33,0.020494891560599207,99.29,0.3873763090610504,92.42,,,14.829022274992894
final_ef21muonusign_mup_e75_fs0,0,final,ef21muonusign,mup,full,75,0.017235477520255074,34,0.019727673478871582,99.29400000000001,0.38782189226150515,92.97999999999999,,,14.823313608008903
final_ef21muonusign_mup_e75_fs0,0,final,ef21muonusign,mup,full,75,0.017235477520255074,35,0.018566152436137198,99.394,0.3876751965522766,92.72,,,14.830503154997132
final_ef21muonusign_mup_e75_fs0,0,final,ef21muonusign,mup,full,75,0.017235477520255074,36,0.017380478099808097,99.404,0.3787331576347351,92.97999999999999,,,14.831255614000838
final_ef21muonusign_mup_e75_fs0,0,final,ef21muonusign,mup,full,75,0.017235477520255074,37,0.01649011445492506,99.46199999999999,0.3644221851348877,93.43,,,14.818345050996868
final_ef21muonusign_mup_e75_fs0,0,final,ef21muonusign,mup,full,75,0.017235477520255074,38,0.013767913388609887,99.542,0.3673624952316284,93.26,,,14.821963098002016
final_ef21muonusign_mup_e75_fs0,0,final,ef21muonusign,mup,full,75,0.017235477520255074,39,0.01185759452048689,99.59,0.38926597948074343,93.0,,,14.8302834740025
final_ef21muonusign_mup_e75_fs0,0,final,ef21muonusign,mup,full,75,0.017235477520255074,40,0.011540565967075526,99.58,0.3918314461708069,93.17999999999999,,,14.83801281999331
final_ef21muonusign_mup_e75_fs0,0,final,ef21muonusign,mup,full,75,0.017235477520255074,41,0.01192955934047699,99.6,0.3982198496341705,93.12,,,14.826652896008454
final_ef21muonusign_mup_e75_fs0,0,final,ef21muonusign,mup,full,75,0.017235477520255074,42,0.009993652177862824,99.66000000000001,0.3812931662082672,93.28,,,14.82163036800921
final_ef21muonusign_mup_e75_fs0,0,final,ef21muonusign,mup,full,75,0.017235477520255074,43,0.0093966578858532,99.668,0.40395821442604063,93.2,,,14.82321782699728
final_ef21muonusign_mup_e75_fs0,0,final,ef21muonusign,mup,full,75,0.017235477520255074,44,0.0073739012587443,99.76,0.3894905589103699,93.42,,,14.818602269995608
final_ef21muonusign_mup_e75_fs0,0,final,ef21muonusign,mup,full,75,0.017235477520255074,45,0.007512055063247681,99.748,0.40090854477882387,93.39,,,14.810395973996492
final_ef21muonusign_mup_e75_fs0,0,final,ef21muonusign,mup,full,75,0.017235477520255074,46,0.007306034516459331,99.766,0.3914241152763367,93.49,,,14.814212123004836
final_ef21muonusign_mup_e75_fs0,0,final,ef21muonusign,mup,full,75,0.017235477520255074,47,0.005054008854599669,99.848,0.4207393677711487,93.41000000000001,,,14.821093848993769
final_ef21muonusign_mup_e75_fs0,0,final,ef21muonusign,mup,full,75,0.017235477520255074,48,0.005678484068177641,99.818,0.3961451181411743,93.47999999999999,,,14.827574214999913
final_ef21muonusign_mup_e75_fs0,0,final,ef21muonusign,mup,full,75,0.017235477520255074,49,0.005021900944458321,99.83800000000001,0.4022942461490631,93.47,,,14.828733545000432
final_ef21muonusign_mup_e75_fs0,0,final,ef21muonusign,mup,full,75,0.017235477520255074,50,0.004172987807625905,99.856,0.4048802160739899,93.51,,,14.820128908002516
final_ef21muonusign_mup_e75_fs0,0,final,ef21muonusign,mup,full,75,0.017235477520255074,51,0.004348179532072972,99.874,0.4043440381526947,93.45,,,14.814237942991895
final_ef21muonusign_mup_e75_fs0,0,final,ef21muonusign,mup,full,75,0.017235477520255074,52,0.003592757911097724,99.884,0.41020303745269776,93.5,,,14.808943725001882
final_ef21muonusign_mup_e75_fs0,0,final,ef21muonusign,mup,full,75,0.017235477520255074,53,0.0029600065776892006,99.91799999999999,0.4121992175579071,93.55,,,14.825231477007037
final_ef21muonusign_mup_e75_fs0,0,final,ef21muonusign,mup,full,75,0.017235477520255074,54,0.002723539207719732,99.912,0.39967586951255796,93.58999999999999,,,14.823327548001544
final_ef21muonusign_mup_e75_fs0,0,final,ef21muonusign,mup,full,75,0.017235477520255074,55,0.0021330733096390033,99.924,0.4114252328634262,93.66,,,14.82900161499856
final_ef21muonusign_mup_e75_fs0,0,final,ef21muonusign,mup,full,75,0.017235477520255074,56,0.0024959176311211196,99.926,0.4189395395755768,93.58999999999999,,,14.82063005999953
final_ef21muonusign_mup_e75_fs0,0,final,ef21muonusign,mup,full,75,0.017235477520255074,57,0.001553122074851417,99.952,0.41300917189121245,93.82000000000001,,,14.82517001699307
final_ef21muonusign_mup_e75_fs0,0,final,ef21muonusign,mup,full,75,0.017235477520255074,58,0.0017836221908777952,99.952,0.400236945104599,93.89999999999999,,,14.829940613999497
final_ef21muonusign_mup_e75_fs0,0,final,ef21muonusign,mup,full,75,0.017235477520255074,59,0.0012821278227865697,99.952,0.39616750555038455,93.94,,,14.828684535998036
final_ef21muonusign_mup_e75_fs0,0,final,ef21muonusign,mup,full,75,0.017235477520255074,60,0.0008504235756333219,99.97,0.40435504915714265,93.94,,,14.8202667489968
final_ef21muonusign_mup_e75_fs0,0,final,ef21muonusign,mup,full,75,0.017235477520255074,61,0.0007627789641532581,99.97200000000001,0.40635204582214357,93.75,,,14.82664323100471
final_ef21muonusign_mup_e75_fs0,0,final,ef21muonusign,mup,full,75,0.017235477520255074,62,0.0006994800973695237,99.976,0.40434668350219727,93.94,,,14.814119182003196
final_ef21muonusign_mup_e75_fs0,0,final,ef21muonusign,mup,full,75,0.017235477520255074,63,0.0006412432082821033,99.978,0.40943207120895386,93.85,,,14.8179814920004
final_ef21muonusign_mup_e75_fs0,0,final,ef21muonusign,mup,full,75,0.017235477520255074,64,0.00037976826946949587,99.98599999999999,0.41504837522506716,93.91000000000001,,,14.821138878993224
final_ef21muonusign_mup_e75_fs0,0,final,ef21muonusign,mup,full,75,0.017235477520255074,65,0.0005761413593048929,99.982,0.4163982020378113,93.97999999999999,,,14.821336724999128
final_ef21muonusign_mup_e75_fs0,0,final,ef21muonusign,mup,full,75,0.017235477520255074,66,0.000336483088893001,99.998,0.41240979356765745,94.01,,,14.820127778002643
final_ef21muonusign_mup_e75_fs0,0,final,ef21muonusign,mup,full,75,0.017235477520255074,67,0.00026014615396095905,99.996,0.403040150308609,94.02000000000001,,,14.816226508992258
final_ef21muonusign_mup_e75_fs0,0,final,ef21muonusign,mup,full,75,0.017235477520255074,68,0.0002491099511727225,99.994,0.40554656496047975,94.01,,,14.810959338996327
final_ef21muonusign_mup_e75_fs0,0,final,ef21muonusign,mup,full,75,0.017235477520255074,69,0.000507685376983718,99.98,0.4063909676551819,94.08,,,14.810589962013182
final_ef21muonusign_mup_e75_fs0,0,final,ef21muonusign,mup,full,75,0.017235477520255074,70,0.00042502846684408724,99.98599999999999,0.4057932909011841,94.07,,,14.811964300999534
final_ef21muonusign_mup_e75_fs0,0,final,ef21muonusign,mup,full,75,0.017235477520255074,71,0.00024993159792109507,99.996,0.4017825238227844,94.08,,,14.811916298000142
final_ef21muonusign_mup_e75_fs0,0,final,ef21muonusign,mup,full,75,0.017235477520255074,72,0.0002640948408921395,99.996,0.4071662265777588,94.12,,,14.815666939000948
final_ef21muonusign_mup_e75_fs0,0,final,ef21muonusign,mup,full,75,0.017235477520255074,73,0.0001943215027046972,99.996,0.40845171003341674,93.92,,,14.799132172003738
final_ef21muonusign_mup_e75_fs0,0,final,ef21muonusign,mup,full,75,0.017235477520255074,74,0.0002825883316528052,99.992,0.4053377180099487,94.08,,,14.812347432001843
final_ef21muonusign_mup_e75_fs0,0,final,ef21muonusign,mup,full,75,0.017235477520255074,75,0.000341459144531691,99.99,0.4075172036170959,94.04,,,14.81974036199972
final_ef21muonusign_unit-gain_e75_fs0,0,final,ef21muonusign,unit-gain,full,75,0.003713271066890223,0,2.302811705932617,10.302,2.3027890270233153,10.38,,,
final_ef21muonusign_unit-gain_e75_fs0,0,final,ef21muonusign,unit-gain,full,75,0.003713271066890223,1,1.2490861512374878,54.900000000000006,0.9006390090942383,69.85,,,15.56828553899686
final_ef21muonusign_unit-gain_e75_fs0,0,final,ef21muonusign,unit-gain,full,75,0.003713271066890223,2,0.6704249790382385,76.98,0.5587953444957733,80.86,,,14.918607999003143
final_ef21muonusign_unit-gain_e75_fs0,0,final,ef21muonusign,unit-gain,full,75,0.003713271066890223,3,0.49544646481513976,83.032,0.4835141753196716,83.37,,,14.930663762999757
final_ef21muonusign_unit-gain_e75_fs0,0,final,ef21muonusign,unit-gain,full,75,0.003713271066890223,4,0.4096499547767639,85.912,0.4737324948787689,84.03,,,14.93716162200144
final_ef21muonusign_unit-gain_e75_fs0,0,final,ef21muonusign,unit-gain,full,75,0.003713271066890223,5,0.35434539018630984,87.764,0.4337109600067139,85.54,,,14.947889877999842
final_ef21muonusign_unit-gain_e75_fs0,0,final,ef21muonusign,unit-gain,full,75,0.003713271066890223,6,0.31584251858711243,89.066,0.38569606618881225,87.11,,,14.949100309997448
final_ef21muonusign_unit-gain_e75_fs0,0,final,ef21muonusign,unit-gain,full,75,0.003713271066890223,7,0.2832824333667755,90.29,0.39405568623542786,87.03999999999999,,,14.94206669000414
final_ef21muonusign_unit-gain_e75_fs0,0,final,ef21muonusign,unit-gain,full,75,0.003713271066890223,8,0.2570195464897156,91.232,0.45375222663879394,86.39,,,14.94529790100205
final_ef21muonusign_unit-gain_e75_fs0,0,final,ef21muonusign,unit-gain,full,75,0.003713271066890223,9,0.23507207230091096,91.864,0.5131186288833618,84.38,,,14.938399990001926
final_ef21muonusign_unit-gain_e75_fs0,0,final,ef21muonusign,unit-gain,full,75,0.003713271066890223,10,0.22339105502605439,92.274,0.33310179562568665,89.34,,,14.945076857999084
final_ef21muonusign_unit-gain_e75_fs0,0,final,ef21muonusign,unit-gain,full,75,0.003713271066890223,11,0.2067820967578888,92.926,0.32400462040901185,89.53,,,14.9355421989967
final_ef21muonusign_unit-gain_e75_fs0,0,final,ef21muonusign,unit-gain,full,75,0.003713271066890223,12,0.19205945501327515,93.408,0.32015235805511477,90.18,,,14.934309263000614
final_ef21muonusign_unit-gain_e75_fs0,0,final,ef21muonusign,unit-gain,full,75,0.003713271066890223,13,0.181550261220932,93.674,0.3429768202781677,89.59,,,14.932067807996646
final_ef21muonusign_unit-gain_e75_fs0,0,final,ef21muonusign,unit-gain,full,75,0.003713271066890223,14,0.1695595544052124,94.216,0.34724481658935547,89.42999999999999,,,14.929991302997223
final_ef21muonusign_unit-gain_e75_fs0,0,final,ef21muonusign,unit-gain,full,75,0.003713271066890223,15,0.1606435974597931,94.38,0.3117212998867035,90.56,,,14.92865477700252
final_ef21muonusign_unit-gain_e75_fs0,0,final,ef21muonusign,unit-gain,full,75,0.003713271066890223,16,0.15372756062746049,94.64200000000001,0.33257592101097105,90.3,,,14.926802611000312
final_ef21muonusign_unit-gain_e75_fs0,0,final,ef21muonusign,unit-gain,full,75,0.003713271066890223,17,0.14649777947902679,94.94200000000001,0.3387880697250366,90.77,,,14.924446347002231
final_ef21muonusign_unit-gain_e75_fs0,0,final,ef21muonusign,unit-gain,full,75,0.003713271066890223,18,0.14220164410591127,95.11,0.3434450245857239,89.91,,,14.923603618997731
final_ef21muonusign_unit-gain_e75_fs0,0,final,ef21muonusign,unit-gain,full,75,0.003713271066890223,19,0.13145641695022584,95.37400000000001,0.33272797861099246,90.48,,,14.92611007999949
final_ef21muonusign_unit-gain_e75_fs0,0,final,ef21muonusign,unit-gain,full,75,0.003713271066890223,20,0.1265064402484894,95.56400000000001,0.33722519445419313,90.69,,,14.9273317019979
final_ef21muonusign_unit-gain_e75_fs0,0,final,ef21muonusign,unit-gain,full,75,0.003713271066890223,21,0.11949414619445801,95.89999999999999,0.3182545931339264,91.11,,,14.927222743004677
final_ef21muonusign_unit-gain_e75_fs0,0,final,ef21muonusign,unit-gain,full,75,0.003713271066890223,22,0.11598556827783585,96.084,0.3328918706893921,90.48,,,14.92345187900355
final_ef21muonusign_unit-gain_e75_fs0,0,final,ef21muonusign,unit-gain,full,75,0.003713271066890223,23,0.10928833587169647,96.184,0.3409221455574036,90.71000000000001,,,14.927420929001528
final_ef21muonusign_unit-gain_e75_fs0,0,final,ef21muonusign,unit-gain,full,75,0.003713271066890223,24,0.1035424044919014,96.514,0.3274534798622131,91.23,,,14.921548135003832
final_ef21muonusign_unit-gain_e75_fs0,0,final,ef21muonusign,unit-gain,full,75,0.003713271066890223,25,0.10071078431606292,96.52199999999999,0.3368150227546692,91.06,,,14.925882745003037
final_ef21muonusign_unit-gain_e75_fs0,0,final,ef21muonusign,unit-gain,full,75,0.003713271066890223,26,0.0959307756781578,96.674,0.3367620095729828,91.42,,,14.922301638005592
final_ef21muonusign_unit-gain_e75_fs0,0,final,ef21muonusign,unit-gain,full,75,0.003713271066890223,27,0.09102066692352295,96.904,0.31947274243831636,91.69,,,14.918842902996403
final_ef21muonusign_unit-gain_e75_fs0,0,final,ef21muonusign,unit-gain,full,75,0.003713271066890223,28,0.08514692839860916,97.02,0.35881808385849,91.21000000000001,,,14.918217136000749
final_ef21muonusign_unit-gain_e75_fs0,0,final,ef21muonusign,unit-gain,full,75,0.003713271066890223,29,0.08188809196710586,97.14,0.34647082567214965,91.22,,,14.91300639200199
final_ef21muonusign_unit-gain_e75_fs0,0,final,ef21muonusign,unit-gain,full,75,0.003713271066890223,30,0.07866022696137429,97.276,0.35347423815727236,91.34,,,14.92079666799691
final_ef21muonusign_unit-gain_e75_fs0,0,final,ef21muonusign,unit-gain,full,75,0.003713271066890223,31,0.07293520374536515,97.518,0.3238389763355255,91.61,,,14.930003311004839
final_ef21muonusign_unit-gain_e75_fs0,0,final,ef21muonusign,unit-gain,full,75,0.003713271066890223,32,0.0704604504954815,97.516,0.36148199634552003,91.55,,,14.922914669004967
final_ef21muonusign_unit-gain_e75_fs0,0,final,ef21muonusign,unit-gain,full,75,0.003713271066890223,33,0.0675544905090332,97.68599999999999,0.3472865424633026,91.67,,,14.930147515005956
final_ef21muonusign_unit-gain_e75_fs0,0,final,ef21muonusign,unit-gain,full,75,0.003713271066890223,34,0.06078300588488579,97.928,0.34550142097473147,91.85,,,14.917628786002751
final_ef21muonusign_unit-gain_e75_fs0,0,final,ef21muonusign,unit-gain,full,75,0.003713271066890223,35,0.06097758052110672,97.936,0.32622607192993164,91.73,,,14.926272831005917
final_ef21muonusign_unit-gain_e75_fs0,0,final,ef21muonusign,unit-gain,full,75,0.003713271066890223,36,0.055892614743113515,98.114,0.33503305587768556,92.28,,,14.926247791998321
final_ef21muonusign_unit-gain_e75_fs0,0,final,ef21muonusign,unit-gain,full,75,0.003713271066890223,37,0.05238867834150791,98.176,0.3487616075515747,92.02,,,14.92273198699695
final_ef21muonusign_unit-gain_e75_fs0,0,final,ef21muonusign,unit-gain,full,75,0.003713271066890223,38,0.048421943207383154,98.29599999999999,0.34818384494781496,92.47,,,14.916908662999049
final_ef21muonusign_unit-gain_e75_fs0,0,final,ef21muonusign,unit-gain,full,75,0.003713271066890223,39,0.04509475515961647,98.432,0.3728845726966858,92.03,,,14.91363628700492
final_ef21muonusign_unit-gain_e75_fs0,0,final,ef21muonusign,unit-gain,full,75,0.003713271066890223,40,0.04465627050042152,98.488,0.3575080785751343,92.32000000000001,,,14.922592941002222
final_ef21muonusign_unit-gain_e75_fs0,0,final,ef21muonusign,unit-gain,full,75,0.003713271066890223,41,0.04369025794327259,98.516,0.3646921954154968,92.21000000000001,,,14.915908707997005
final_ef21muonusign_unit-gain_e75_fs0,0,final,ef21muonusign,unit-gain,full,75,0.003713271066890223,42,0.0384649868363142,98.72,0.3600820324420929,92.22,,,14.915468068997143
final_ef21muonusign_unit-gain_e75_fs0,0,final,ef21muonusign,unit-gain,full,75,0.003713271066890223,43,0.034935179748535154,98.786,0.3785524124145508,92.45,,,14.914984080998693
final_ef21muonusign_unit-gain_e75_fs0,0,final,ef21muonusign,unit-gain,full,75,0.003713271066890223,44,0.033667434434592726,98.87,0.3572247100830078,92.46,,,14.921612097001343
final_ef21muonusign_unit-gain_e75_fs0,0,final,ef21muonusign,unit-gain,full,75,0.003713271066890223,45,0.030360250260531903,98.97,0.41335638122558593,92.07,,,14.92235120699479
final_ef21muonusign_unit-gain_e75_fs0,0,final,ef21muonusign,unit-gain,full,75,0.003713271066890223,46,0.028887579780444504,99.02,0.3604837314605713,92.58999999999999,,,14.914543185004732
final_ef21muonusign_unit-gain_e75_fs0,0,final,ef21muonusign,unit-gain,full,75,0.003713271066890223,47,0.027041396422684192,99.098,0.35310115633010863,93.04,,,14.917719552999188
final_ef21muonusign_unit-gain_e75_fs0,0,final,ef21muonusign,unit-gain,full,75,0.003713271066890223,48,0.02298929206430912,99.188,0.38597290835380554,92.71000000000001,,,14.918921231997956
final_ef21muonusign_unit-gain_e75_fs0,0,final,ef21muonusign,unit-gain,full,75,0.003713271066890223,49,0.022509131153598427,99.224,0.3762571273803711,92.84,,,14.925117589002184
final_ef21muonusign_unit-gain_e75_fs0,0,final,ef21muonusign,unit-gain,full,75,0.003713271066890223,50,0.02075414273917675,99.256,0.36385770511627197,92.67999999999999,,,14.9134587189983
final_ef21muonusign_unit-gain_e75_fs0,0,final,ef21muonusign,unit-gain,full,75,0.003713271066890223,51,0.01991055050380528,99.304,0.36525213088989256,92.99,,,14.924153261003084
final_ef21muonusign_unit-gain_e75_fs0,0,final,ef21muonusign,unit-gain,full,75,0.003713271066890223,52,0.017048817830979824,99.414,0.362192165184021,93.13,,,14.920728817000054
final_ef21muonusign_unit-gain_e75_fs0,0,final,ef21muonusign,unit-gain,full,75,0.003713271066890223,53,0.014389117884114384,99.48,0.3821373552322388,92.93,,,14.909552444994915
final_ef21muonusign_unit-gain_e75_fs0,0,final,ef21muonusign,unit-gain,full,75,0.003713271066890223,54,0.013784916944392026,99.512,0.3762980665206909,93.2,,,14.914319422001427
final_ef21muonusign_unit-gain_e75_fs0,0,final,ef21muonusign,unit-gain,full,75,0.003713271066890223,55,0.010809343651225791,99.646,0.3776235692977905,93.4,,,14.917848759003391
final_ef21muonusign_unit-gain_e75_fs0,0,final,ef21muonusign,unit-gain,full,75,0.003713271066890223,56,0.012193578709773719,99.59,0.38364454135894777,93.0,,,14.92350236600032
final_ef21muonusign_unit-gain_e75_fs0,0,final,ef21muonusign,unit-gain,full,75,0.003713271066890223,57,0.009716421256233006,99.67,0.3681527376174927,93.58,,,14.9119965639984
final_ef21muonusign_unit-gain_e75_fs0,0,final,ef21muonusign,unit-gain,full,75,0.003713271066890223,58,0.00860299977243878,99.734,0.37531897764205935,93.2,,,14.921375630998227
final_ef21muonusign_unit-gain_e75_fs0,0,final,ef21muonusign,unit-gain,full,75,0.003713271066890223,59,0.006245257886666805,99.778,0.3700902293205261,93.41000000000001,,,14.92108000999724
final_ef21muonusign_unit-gain_e75_fs0,0,final,ef21muonusign,unit-gain,full,75,0.003713271066890223,60,0.005680583911724389,99.82799999999999,0.39816953792572024,93.38,,,14.92182030800177
final_ef21muonusign_unit-gain_e75_fs0,0,final,ef21muonusign,unit-gain,full,75,0.003713271066890223,61,0.004545747506710468,99.846,0.4115988000869751,93.21000000000001,,,14.916420597000979
final_ef21muonusign_unit-gain_e75_fs0,0,final,ef21muonusign,unit-gain,full,75,0.003713271066890223,62,0.0036771278609801085,99.864,0.40239887619018555,93.35,,,14.917001576002804
final_ef21muonusign_unit-gain_e75_fs0,0,final,ef21muonusign,unit-gain,full,75,0.003713271066890223,63,0.003900669758566655,99.86,0.3978383068561554,93.61,,,14.92290668199712
final_ef21muonusign_unit-gain_e75_fs0,0,final,ef21muonusign,unit-gain,full,75,0.003713271066890223,64,0.0027062262292136437,99.92,0.4035483700275421,93.63,,,14.929882987999008
final_ef21muonusign_unit-gain_e75_fs0,0,final,ef21muonusign,unit-gain,full,75,0.003713271066890223,65,0.002800342541565187,99.908,0.40945678844451905,93.45,,,14.919464995000453
final_ef21muonusign_unit-gain_e75_fs0,0,final,ef21muonusign,unit-gain,full,75,0.003713271066890223,66,0.0030723675406188703,99.91799999999999,0.3941469979286194,93.74,,,14.912544561993855
final_ef21muonusign_unit-gain_e75_fs0,0,final,ef21muonusign,unit-gain,full,75,0.003713271066890223,67,0.0019190715869283304,99.958,0.3865381074905396,93.78999999999999,,,14.91979239799548
final_ef21muonusign_unit-gain_e75_fs0,0,final,ef21muonusign,unit-gain,full,75,0.003713271066890223,68,0.0016243146186042576,99.958,0.40346175470352175,93.61,,,14.92231118199561
final_ef21muonusign_unit-gain_e75_fs0,0,final,ef21muonusign,unit-gain,full,75,0.003713271066890223,69,0.0017223688423028216,99.94800000000001,0.40474973554611204,93.78999999999999,,,14.922644694001065
final_ef21muonusign_unit-gain_e75_fs0,0,final,ef21muonusign,unit-gain,full,75,0.003713271066890223,70,0.0015180176918511278,99.942,0.3953613083839416,93.83,,,14.916312367997307
final_ef21muonusign_unit-gain_e75_fs0,0,final,ef21muonusign,unit-gain,full,75,0.003713271066890223,71,0.0012629870137257967,99.97,0.397440385723114,93.73,,,14.913554655002372
final_ef21muonusign_unit-gain_e75_fs0,0,final,ef21muonusign,unit-gain,full,75,0.003713271066890223,72,0.0010285289730201474,99.968,0.3965767608642578,93.81,,,14.91914817399811
final_ef21muonusign_unit-gain_e75_fs0,0,final,ef21muonusign,unit-gain,full,75,0.003713271066890223,73,0.0009595690899190959,99.978,0.39990330562591553,93.73,,,14.915590880998934
final_ef21muonusign_unit-gain_e75_fs0,0,final,ef21muonusign,unit-gain,full,75,0.003713271066890223,74,0.0011136280252854339,99.97200000000001,0.3953916868209839,93.62,,,14.918140934001713
final_ef21muonusign_unit-gain_e75_fs0,0,final,ef21muonusign,unit-gain,full,75,0.003713271066890223,75,0.0010479073246160988,99.964,0.39949643745422364,93.71000000000001,,,14.914988903001358
final_ef21signmuon_mup_e75_fs0,0,final,ef21signmuon,mup,full,75,0.017235477520255074,0,2.3028117224121094,10.302,2.3027890270233153,10.38,,,
final_ef21signmuon_mup_e75_fs0,0,final,ef21signmuon,mup,full,75,0.017235477520255074,1,1.1210578490066527,59.992000000000004,0.7054408361434936,76.35,,,15.46560762298759
final_ef21signmuon_mup_e75_fs0,0,final,ef21signmuon,mup,full,75,0.017235477520255074,2,0.5756161113834382,80.062,0.5398282683849335,81.89,,,14.830843274001381
final_ef21signmuon_mup_e75_fs0,0,final,ef21signmuon,mup,full,75,0.017235477520255074,3,0.4243658960771561,85.58200000000001,0.4389356038093567,84.71,,,14.839630242000567
final_ef21signmuon_mup_e75_fs0,0,final,ef21signmuon,mup,full,75,0.017235477520255074,4,0.3475323582839966,88.088,0.40751195893287656,86.31,,,14.857319328992162
final_ef21signmuon_mup_e75_fs0,0,final,ef21signmuon,mup,full,75,0.017235477520255074,5,0.28622194767951964,90.104,0.37619686441421507,87.72999999999999,,,14.860684977000346
final_ef21signmuon_mup_e75_fs0,0,final,ef21signmuon,mup,full,75,0.017235477520255074,6,0.2491798332977295,91.39,0.33654297137260436,89.11,,,14.852872065996053
final_ef21signmuon_mup_e75_fs0,0,final,ef21signmuon,mup,full,75,0.017235477520255074,7,0.2130330304145813,92.74,0.307170779132843,89.99000000000001,,,14.85604070800764
final_ef21signmuon_mup_e75_fs0,0,final,ef21signmuon,mup,full,75,0.017235477520255074,8,0.18681522875785828,93.606,0.32644354577064516,89.88000000000001,,,14.855111141005182
final_ef21signmuon_mup_e75_fs0,0,final,ef21signmuon,mup,full,75,0.017235477520255074,9,0.16619248198270797,94.19999999999999,0.3526978827476501,89.25999999999999,,,14.850248325994471
final_ef21signmuon_mup_e75_fs0,0,final,ef21signmuon,mup,full,75,0.017235477520255074,10,0.1479338870239258,94.856,0.3060334874629974,90.47,,,14.849795198999345
final_ef21signmuon_mup_e75_fs0,0,final,ef21signmuon,mup,full,75,0.017235477520255074,11,0.13027146342515947,95.41199999999999,0.29760187755823136,91.17,,,14.846198897997965
final_ef21signmuon_mup_e75_fs0,0,final,ef21signmuon,mup,full,75,0.017235477520255074,12,0.11669069952011109,96.032,0.2952786729812622,91.56,,,14.84073702400201
final_ef21signmuon_mup_e75_fs0,0,final,ef21signmuon,mup,full,75,0.017235477520255074,13,0.10214224073648452,96.464,0.28545518779754636,91.95,,,14.8392660140089
final_ef21signmuon_mup_e75_fs0,0,final,ef21signmuon,mup,full,75,0.017235477520255074,14,0.0915913037610054,96.884,0.2935009765625,91.69,,,14.84046832700551
final_ef21signmuon_mup_e75_fs0,0,final,ef21signmuon,mup,full,75,0.017235477520255074,15,0.08533569267988204,97.06,0.30262508683204653,91.86,,,14.829095333989244
final_ef21signmuon_mup_e75_fs0,0,final,ef21signmuon,mup,full,75,0.017235477520255074,16,0.07685814587593079,97.336,0.30278668451309204,92.13,,,14.834960041000159
final_ef21signmuon_mup_e75_fs0,0,final,ef21signmuon,mup,full,75,0.017235477520255074,17,0.06901858565330506,97.624,0.32130412616729737,92.17999999999999,,,14.841985895007383
final_ef21signmuon_mup_e75_fs0,0,final,ef21signmuon,mup,full,75,0.017235477520255074,18,0.06450041333913803,97.70400000000001,0.3214365443706512,92.2,,,14.823813069990138
final_ef21signmuon_mup_e75_fs0,0,final,ef21signmuon,mup,full,75,0.017235477520255074,19,0.05936222046256066,97.964,0.3004695053100586,92.34,,,14.814229391995468
final_ef21signmuon_mup_e75_fs0,0,final,ef21signmuon,mup,full,75,0.017235477520255074,20,0.0526673553109169,98.21,0.3360997617721558,92.2,,,14.8187685800076
final_ef21signmuon_mup_e75_fs0,0,final,ef21signmuon,mup,full,75,0.017235477520255074,21,0.046615781142711636,98.37,0.3093814318656921,93.02,,,14.835497000007308
final_ef21signmuon_mup_e75_fs0,0,final,ef21signmuon,mup,full,75,0.017235477520255074,22,0.04717395869359374,98.358,0.32634885478019715,92.15,,,14.826419347999035
final_ef21signmuon_mup_e75_fs0,0,final,ef21signmuon,mup,full,75,0.017235477520255074,23,0.04400887961268425,98.432,0.33389255187511446,92.52,,,14.83103551500244
final_ef21signmuon_mup_e75_fs0,0,final,ef21signmuon,mup,full,75,0.017235477520255074,24,0.0386917970585078,98.7,0.3336221711158752,92.44,,,14.83392071101116
final_ef21signmuon_mup_e75_fs0,0,final,ef21signmuon,mup,full,75,0.017235477520255074,25,0.036836829730272296,98.736,0.3420871792793274,92.71000000000001,,,14.817389150004601
final_ef21signmuon_mup_e75_fs0,0,final,ef21signmuon,mup,full,75,0.017235477520255074,26,0.03221163739413023,98.902,0.3576157835006714,92.75999999999999,,,14.825802022998687
final_ef21signmuon_mup_e75_fs0,0,final,ef21signmuon,mup,full,75,0.017235477520255074,27,0.03052835170030594,98.892,0.3362501687049866,93.06,,,14.82411966699874
final_ef21signmuon_mup_e75_fs0,0,final,ef21signmuon,mup,full,75,0.017235477520255074,28,0.029386822475492954,98.992,0.36367523288726805,92.81,,,14.814135294000152
final_ef21signmuon_mup_e75_fs0,0,final,ef21signmuon,mup,full,75,0.017235477520255074,29,0.02753668248578906,99.10600000000001,0.3365455620288849,93.08999999999999,,,14.815207670006203
final_ef21signmuon_mup_e75_fs0,0,final,ef21signmuon,mup,full,75,0.017235477520255074,30,0.024189355643242597,99.214,0.33201693892478945,93.28,,,14.819110593001824
final_ef21signmuon_mup_e75_fs0,0,final,ef21signmuon,mup,full,75,0.017235477520255074,31,0.023095658432245255,99.21,0.3316731324195862,93.28999999999999,,,14.813991565999459
final_ef21signmuon_mup_e75_fs0,0,final,ef21signmuon,mup,full,75,0.017235477520255074,32,0.022034334303736688,99.274,0.3597802161216736,93.0,,,14.814459321001777
final_ef21signmuon_mup_e75_fs0,0,final,ef21signmuon,mup,full,75,0.017235477520255074,33,0.020184862511530517,99.30600000000001,0.34970516457557677,93.41000000000001,,,14.807709843997145
final_ef21signmuon_mup_e75_fs0,0,final,ef21signmuon,mup,full,75,0.017235477520255074,34,0.015439463961347938,99.456,0.3673145872592926,93.28999999999999,,,14.813857118002488
final_ef21signmuon_mup_e75_fs0,0,final,ef21signmuon,mup,full,75,0.017235477520255074,35,0.01686362382121384,99.42999999999999,0.3766474007606506,93.21000000000001,,,14.81778911400761
final_ef21signmuon_mup_e75_fs0,0,final,ef21signmuon,mup,full,75,0.017235477520255074,36,0.015538272529542447,99.466,0.3622985517978668,93.17999999999999,,,14.804939523994108
final_ef21signmuon_mup_e75_fs0,0,final,ef21signmuon,mup,full,75,0.017235477520255074,37,0.013958803643882274,99.55000000000001,0.3836813124656677,93.22,,,14.811107194997021
final_ef21signmuon_mup_e75_fs0,0,final,ef21signmuon,mup,full,75,0.017235477520255074,38,0.013438134480491281,99.49799999999999,0.36604523544311524,93.43,,,14.80978598400543
final_ef21signmuon_mup_e75_fs0,0,final,ef21signmuon,mup,full,75,0.017235477520255074,39,0.011467649669647216,99.61,0.35538159964084626,93.26,,,14.816345280996757
final_ef21signmuon_mup_e75_fs0,0,final,ef21signmuon,mup,full,75,0.017235477520255074,40,0.00993369928235188,99.648,0.3623187642097473,93.44,,,14.807956071992521
final_ef21signmuon_mup_e75_fs0,0,final,ef21signmuon,mup,full,75,0.017235477520255074,41,0.010387658228166402,99.632,0.35834254579544067,93.5,,,14.807176542992238
final_ef21signmuon_mup_e75_fs0,0,final,ef21signmuon,mup,full,75,0.017235477520255074,42,0.009126326277274638,99.68599999999999,0.36102147636413573,93.46,,,14.805387047003023
final_ef21signmuon_mup_e75_fs0,0,final,ef21signmuon,mup,full,75,0.017235477520255074,43,0.007846207150258125,99.726,0.3741100688934326,93.53,,,14.819018615991808
final_ef21signmuon_mup_e75_fs0,0,final,ef21signmuon,mup,full,75,0.017235477520255074,44,0.007839652829403057,99.724,0.37280083818435666,93.5,,,14.807969834000687
final_ef21signmuon_mup_e75_fs0,0,final,ef21signmuon,mup,full,75,0.017235477520255074,45,0.006820910673956387,99.758,0.3744849912405014,93.31,,,14.820582358006504
final_ef21signmuon_mup_e75_fs0,0,final,ef21signmuon,mup,full,75,0.017235477520255074,46,0.006120934812899213,99.78399999999999,0.36437723779678344,93.78,,,14.812136392996763
final_ef21signmuon_mup_e75_fs0,0,final,ef21signmuon,mup,full,75,0.017235477520255074,47,0.005883722584675998,99.832,0.3787169738292694,93.60000000000001,,,14.814959882001858
final_ef21signmuon_mup_e75_fs0,0,final,ef21signmuon,mup,full,75,0.017235477520255074,48,0.005423826313824393,99.834,0.36739589955806734,93.61,,,14.80592696700478
final_ef21signmuon_mup_e75_fs0,0,final,ef21signmuon,mup,full,75,0.017235477520255074,49,0.003562919755559415,99.886,0.3904077483654022,93.57,,,14.804433426994365
final_ef21signmuon_mup_e75_fs0,0,final,ef21signmuon,mup,full,75,0.017235477520255074,50,0.004414237119166646,99.834,0.3724506991147995,93.83,,,14.802262313009123
final_ef21signmuon_mup_e75_fs0,0,final,ef21signmuon,mup,full,75,0.017235477520255074,51,0.0033785660780360923,99.888,0.37474460963010786,93.88,,,14.804068437006208
final_ef21signmuon_mup_e75_fs0,0,final,ef21signmuon,mup,full,75,0.017235477520255074,52,0.0029813500614464285,99.898,0.37157299065589905,93.92,,,14.803668191991164
final_ef21signmuon_mup_e75_fs0,0,final,ef21signmuon,mup,full,75,0.017235477520255074,53,0.0026039685910032133,99.90599999999999,0.3833847153186798,93.89,,,14.80023990299378
final_ef21signmuon_mup_e75_fs0,0,final,ef21signmuon,mup,full,75,0.017235477520255074,54,0.0023158921110478696,99.91600000000001,0.37272516458034516,94.08,,,14.813533383014146
final_ef21signmuon_mup_e75_fs0,0,final,ef21signmuon,mup,full,75,0.017235477520255074,55,0.001552302252719819,99.94800000000001,0.37426728639602663,94.24,,,14.812946802994702
final_ef21signmuon_mup_e75_fs0,0,final,ef21signmuon,mup,full,75,0.017235477520255074,56,0.0018771001860967953,99.942,0.3768469379425049,94.26,,,14.81078634399455
final_ef21signmuon_mup_e75_fs0,0,final,ef21signmuon,mup,full,75,0.017235477520255074,57,0.0012281001362763346,99.968,0.3795015076637268,94.16,,,14.824837775988271
final_ef21signmuon_mup_e75_fs0,0,final,ef21signmuon,mup,full,75,0.017235477520255074,58,0.0011022495258896379,99.97,0.37436067314147947,94.33,,,14.820637668992276
final_ef21signmuon_mup_e75_fs0,0,final,ef21signmuon,mup,full,75,0.017235477520255074,59,0.0009934388174815104,99.97200000000001,0.3828850172519684,94.36,,,14.821178508995217
final_ef21signmuon_mup_e75_fs0,0,final,ef21signmuon,mup,full,75,0.017235477520255074,60,0.0009852236509870272,99.956,0.3839714845895767,94.38,,,14.827047066006344
final_ef21signmuon_mup_e75_fs0,0,final,ef21signmuon,mup,full,75,0.017235477520255074,61,0.0007080930806693505,99.97399999999999,0.37491470112800596,94.34,,,14.82811721500184
final_ef21signmuon_mup_e75_fs0,0,final,ef21signmuon,mup,full,75,0.017235477520255074,62,0.0007459782715444454,99.976,0.3845442955493927,94.28,,,14.822597268997924
final_ef21signmuon_mup_e75_fs0,0,final,ef21signmuon,mup,full,75,0.017235477520255074,63,0.0005217885243828641,99.982,0.37588845024108886,94.42,,,14.82507573699695
final_ef21signmuon_mup_e75_fs0,0,final,ef21signmuon,mup,full,75,0.017235477520255074,64,0.0004850191896137403,99.982,0.3789060161113739,94.45,,,14.83070918401063
final_ef21signmuon_mup_e75_fs0,0,final,ef21signmuon,mup,full,75,0.017235477520255074,65,0.0004421745559273404,99.98599999999999,0.3877639425754547,94.33,,,14.831102352996822
final_ef21signmuon_mup_e75_fs0,0,final,ef21signmuon,mup,full,75,0.017235477520255074,66,0.0003377434416698816,99.992,0.3800603422641754,94.46,,,14.831783722998807
final_ef21signmuon_mup_e75_fs0,0,final,ef21signmuon,mup,full,75,0.017235477520255074,67,0.00028977985707810146,99.99,0.3785003339767456,94.52000000000001,,,14.832456702002673
final_ef21signmuon_mup_e75_fs0,0,final,ef21signmuon,mup,full,75,0.017235477520255074,68,0.0002447286938854086,99.996,0.3797881838798523,94.58,,,14.832071053009713
final_ef21signmuon_mup_e75_fs0,0,final,ef21signmuon,mup,full,75,0.017235477520255074,69,0.00031944056268883286,99.99,0.38488694877624513,94.48,,,14.822915887998533
final_ef21signmuon_mup_e75_fs0,0,final,ef21signmuon,mup,full,75,0.017235477520255074,70,0.0001649147404571704,99.996,0.382510085439682,94.45,,,14.81923963999725
final_ef21signmuon_mup_e75_fs0,0,final,ef21signmuon,mup,full,75,0.017235477520255074,71,0.00030213224257226104,99.994,0.3788229329586029,94.61,,,14.82331627800886
final_ef21signmuon_mup_e75_fs0,0,final,ef21signmuon,mup,full,75,0.017235477520255074,72,0.00036980698661296627,99.988,0.38146572432518006,94.58,,,14.832237841997994
final_ef21signmuon_mup_e75_fs0,0,final,ef21signmuon,mup,full,75,0.017235477520255074,73,0.00015928964890539647,99.996,0.383376106929779,94.5,,,14.815431670998805
final_ef21signmuon_mup_e75_fs0,0,final,ef21signmuon,mup,full,75,0.017235477520255074,74,0.0001446461813051428,99.996,0.38111756801605223,94.49,,,14.820405439008027
final_ef21signmuon_mup_e75_fs0,0,final,ef21signmuon,mup,full,75,0.017235477520255074,75,0.0002056225066796469,99.996,0.38333799452781675,94.54,,,14.826531297003385
final_ef21signmuon_unit-gain_e75_fs0,0,final,ef21signmuon,unit-gain,full,75,0.003713271066890223,0,2.302811705932617,10.302,2.3027890270233153,10.38,,,
final_ef21signmuon_unit-gain_e75_fs0,0,final,ef21signmuon,unit-gain,full,75,0.003713271066890223,1,1.2037629793930054,56.708000000000006,0.782810352897644,73.59,,,15.549572197000089
final_ef21signmuon_unit-gain_e75_fs0,0,final,ef21signmuon,unit-gain,full,75,0.003713271066890223,2,0.6254423741149903,78.386,0.5396522550106049,81.81,,,14.895168178998574
final_ef21signmuon_unit-gain_e75_fs0,0,final,ef21signmuon,unit-gain,full,75,0.003713271066890223,3,0.464167350692749,84.078,0.47560731868743894,83.88,,,14.916967355995439
final_ef21signmuon_unit-gain_e75_fs0,0,final,ef21signmuon,unit-gain,full,75,0.003713271066890223,4,0.38951954200744626,86.61999999999999,0.4031934135437012,86.71,,,14.920751886005746
final_ef21signmuon_unit-gain_e75_fs0,0,final,ef21signmuon,unit-gain,full,75,0.003713271066890223,5,0.3355114669418335,88.342,0.3905727519035339,86.53,,,14.924485946001369
final_ef21signmuon_unit-gain_e75_fs0,0,final,ef21signmuon,unit-gain,full,75,0.003713271066890223,6,0.29675598192214964,89.912,0.3924429242610931,87.31,,,14.921216180002375
final_ef21signmuon_unit-gain_e75_fs0,0,final,ef21signmuon,unit-gain,full,75,0.003713271066890223,7,0.2714227081108093,90.644,0.36946803402900696,87.97,,,14.926139128001523
final_ef21signmuon_unit-gain_e75_fs0,0,final,ef21signmuon,unit-gain,full,75,0.003713271066890223,8,0.24535842432498933,91.636,0.35835837688446043,88.75,,,14.931485585999326
final_ef21signmuon_unit-gain_e75_fs0,0,final,ef21signmuon,unit-gain,full,75,0.003713271066890223,9,0.23178595324516296,92.05600000000001,0.4180709710597992,87.17,,,14.925888992002001
final_ef21signmuon_unit-gain_e75_fs0,0,final,ef21signmuon,unit-gain,full,75,0.003713271066890223,10,0.2170392246580124,92.476,0.3825392927646637,88.53999999999999,,,14.92008248699858
final_ef21signmuon_unit-gain_e75_fs0,0,final,ef21signmuon,unit-gain,full,75,0.003713271066890223,11,0.19679194787025453,93.176,0.33591240282058715,89.5,,,14.916884521000611
final_ef21signmuon_unit-gain_e75_fs0,0,final,ef21signmuon,unit-gain,full,75,0.003713271066890223,12,0.1869840482521057,93.612,0.3218731312274933,89.98,,,14.919972597999731
final_ef21signmuon_unit-gain_e75_fs0,0,final,ef21signmuon,unit-gain,full,75,0.003713271066890223,13,0.1775671310043335,93.918,0.4115225908279419,88.22,,,14.9042852019993
final_ef21signmuon_unit-gain_e75_fs0,0,final,ef21signmuon,unit-gain,full,75,0.003713271066890223,14,0.1654715646839142,94.202,0.3347424304008484,89.98,,,14.897185566995176
final_ef21signmuon_unit-gain_e75_fs0,0,final,ef21signmuon,unit-gain,full,75,0.003713271066890223,15,0.1564139678668976,94.494,0.3764401759624481,88.66000000000001,,,14.891467630994157
final_ef21signmuon_unit-gain_e75_fs0,0,final,ef21signmuon,unit-gain,full,75,0.003713271066890223,16,0.14895633722066878,94.846,0.3272581166744232,90.42999999999999,,,14.90403384000092
final_ef21signmuon_unit-gain_e75_fs0,0,final,ef21signmuon,unit-gain,full,75,0.003713271066890223,17,0.1449766194820404,95.05799999999999,0.3236831355571747,90.72,,,14.896617195001454
final_ef21signmuon_unit-gain_e75_fs0,0,final,ef21signmuon,unit-gain,full,75,0.003713271066890223,18,0.13888824991703033,95.204,0.30093871030807495,91.19,,,14.896630684001138
final_ef21signmuon_unit-gain_e75_fs0,0,final,ef21signmuon,unit-gain,full,75,0.003713271066890223,19,0.1293992932367325,95.474,0.324001250743866,91.11,,,14.901365537996753
final_ef21signmuon_unit-gain_e75_fs0,0,final,ef21signmuon,unit-gain,full,75,0.003713271066890223,20,0.12254019216299057,95.614,0.3201905924797058,91.17,,,14.89174205299787
final_ef21signmuon_unit-gain_e75_fs0,0,final,ef21signmuon,unit-gain,full,75,0.003713271066890223,21,0.11692642447471618,96.002,0.28310290575027464,91.99000000000001,,,14.888244322995888
final_ef21signmuon_unit-gain_e75_fs0,0,final,ef21signmuon,unit-gain,full,75,0.003713271066890223,22,0.11647565699100494,95.986,0.3350727502822876,90.93,,,14.884172284997476
final_ef21signmuon_unit-gain_e75_fs0,0,final,ef21signmuon,unit-gain,full,75,0.003713271066890223,23,0.11211167222976684,96.17999999999999,0.33083655490875247,90.71000000000001,,,14.890443426003912
final_ef21signmuon_unit-gain_e75_fs0,0,final,ef21signmuon,unit-gain,full,75,0.003713271066890223,24,0.10226160738945007,96.45,0.31424820194244385,91.53999999999999,,,14.890173300998867
final_ef21signmuon_unit-gain_e75_fs0,0,final,ef21signmuon,unit-gain,full,75,0.003713271066890223,25,0.09770359589099883,96.584,0.3222823112487793,91.4,,,14.88776272800169
final_ef21signmuon_unit-gain_e75_fs0,0,final,ef21signmuon,unit-gain,full,75,0.003713271066890223,26,0.09282036897182465,96.83800000000001,0.3112878643989563,91.75,,,14.88156086699746
final_ef21signmuon_unit-gain_e75_fs0,0,final,ef21signmuon,unit-gain,full,75,0.003713271066890223,27,0.09042647043943405,96.80199999999999,0.31681892366409303,91.86999999999999,,,14.888658243995451
final_ef21signmuon_unit-gain_e75_fs0,0,final,ef21signmuon,unit-gain,full,75,0.003713271066890223,28,0.08579317683696747,97.036,0.3316648435592651,91.91,,,14.881640691004577
final_ef21signmuon_unit-gain_e75_fs0,0,final,ef21signmuon,unit-gain,full,75,0.003713271066890223,29,0.08168652366161347,97.264,0.323927024269104,91.56,,,14.891519664000953
final_ef21signmuon_unit-gain_e75_fs0,0,final,ef21signmuon,unit-gain,full,75,0.003713271066890223,30,0.07682416767835618,97.344,0.3367230089187622,91.28,,,14.875602190004429
final_ef21signmuon_unit-gain_e75_fs0,0,final,ef21signmuon,unit-gain,full,75,0.003713271066890223,31,0.07355836917161941,97.436,0.33356028456687925,92.09,,,14.878598035997129
final_ef21signmuon_unit-gain_e75_fs0,0,final,ef21signmuon,unit-gain,full,75,0.003713271066890223,32,0.06934125069141388,97.652,0.3508016868591309,91.69,,,14.890472125996894
final_ef21signmuon_unit-gain_e75_fs0,0,final,ef21signmuon,unit-gain,full,75,0.003713271066890223,33,0.06559922448158265,97.724,0.360891624546051,91.41,,,14.87447013900237
final_ef21signmuon_unit-gain_e75_fs0,0,final,ef21signmuon,unit-gain,full,75,0.003713271066890223,34,0.06265003699421882,97.824,0.3595647117137909,91.73,,,14.877029684001172
final_ef21signmuon_unit-gain_e75_fs0,0,final,ef21signmuon,unit-gain,full,75,0.003713271066890223,35,0.06094956041812897,97.86,0.33231079168319705,91.95,,,14.879304590001993
final_ef21signmuon_unit-gain_e75_fs0,0,final,ef21signmuon,unit-gain,full,75,0.003713271066890223,36,0.055049770311713216,98.13199999999999,0.3383724531650543,92.09,,,14.87007766500028
final_ef21signmuon_unit-gain_e75_fs0,0,final,ef21signmuon,unit-gain,full,75,0.003713271066890223,37,0.05170365464389324,98.22800000000001,0.34581538276225327,91.88,,,14.872646360003273
final_ef21signmuon_unit-gain_e75_fs0,0,final,ef21signmuon,unit-gain,full,75,0.003713271066890223,38,0.05029977756381035,98.32600000000001,0.3979295024752617,91.58,,,14.875451442996564
final_ef21signmuon_unit-gain_e75_fs0,0,final,ef21signmuon,unit-gain,full,75,0.003713271066890223,39,0.04543416073024273,98.424,0.3478948606491089,92.04,,,14.876853156994912
final_ef21signmuon_unit-gain_e75_fs0,0,final,ef21signmuon,unit-gain,full,75,0.003713271066890223,40,0.04411207455277443,98.55000000000001,0.3283275119304657,92.57,,,14.876692422003543
final_ef21signmuon_unit-gain_e75_fs0,0,final,ef21signmuon,unit-gain,full,75,0.003713271066890223,41,0.0416642949321866,98.572,0.3969195116996765,91.58,,,14.873119479998422
final_ef21signmuon_unit-gain_e75_fs0,0,final,ef21signmuon,unit-gain,full,75,0.003713271066890223,42,0.038453082922697064,98.60600000000001,0.34617747983932495,92.51,,,14.867424108997511
final_ef21signmuon_unit-gain_e75_fs0,0,final,ef21signmuon,unit-gain,full,75,0.003713271066890223,43,0.03592372317612171,98.79400000000001,0.34675002164840696,92.60000000000001,,,14.872752599003434
final_ef21signmuon_unit-gain_e75_fs0,0,final,ef21signmuon,unit-gain,full,75,0.003713271066890223,44,0.03349902274288237,98.86200000000001,0.3577933614730835,92.38,,,14.876335729000857
final_ef21signmuon_unit-gain_e75_fs0,0,final,ef21signmuon,unit-gain,full,75,0.003713271066890223,45,0.03221657052636147,98.92999999999999,0.37839192419052126,92.81,,,14.879569998003717
final_ef21signmuon_unit-gain_e75_fs0,0,final,ef21signmuon,unit-gain,full,75,0.003713271066890223,46,0.028746439750045538,98.992,0.3599019292831421,92.27,,,14.866567321994808
final_ef21signmuon_unit-gain_e75_fs0,0,final,ef21signmuon,unit-gain,full,75,0.003713271066890223,47,0.027507288043498994,99.054,0.348476709318161,92.97,,,14.872909577999962
final_ef21signmuon_unit-gain_e75_fs0,0,final,ef21signmuon,unit-gain,full,75,0.003713271066890223,48,0.02291281726330519,99.214,0.37637564554214475,92.47,,,14.87412809899979
final_ef21signmuon_unit-gain_e75_fs0,0,final,ef21signmuon,unit-gain,full,75,0.003713271066890223,49,0.022026159373521804,99.264,0.3811166609287262,92.65,,,14.876664727002208
final_ef21signmuon_unit-gain_e75_fs0,0,final,ef21signmuon,unit-gain,full,75,0.003713271066890223,50,0.019671772462576627,99.3,0.377549951004982,93.06,,,14.877267509000376
final_ef21signmuon_unit-gain_e75_fs0,0,final,ef21signmuon,unit-gain,full,75,0.003713271066890223,51,0.019268803095370532,99.324,0.39190391556620596,92.31,,,14.869671273998392
final_ef21signmuon_unit-gain_e75_fs0,0,final,ef21signmuon,unit-gain,full,75,0.003713271066890223,52,0.017339432354420422,99.392,0.3802832320213318,92.96,,,14.879766067002492
final_ef21signmuon_unit-gain_e75_fs0,0,final,ef21signmuon,unit-gain,full,75,0.003713271066890223,53,0.015410061573237181,99.466,0.38539513783454893,92.99,,,14.874299002003681
final_ef21signmuon_unit-gain_e75_fs0,0,final,ef21signmuon,unit-gain,full,75,0.003713271066890223,54,0.01499803477831185,99.51,0.3830750611543655,93.13,,,14.873093702000915
final_ef21signmuon_unit-gain_e75_fs0,0,final,ef21signmuon,unit-gain,full,75,0.003713271066890223,55,0.01251347739756573,99.604,0.4060185448408127,92.67999999999999,,,14.871368362000794
final_ef21signmuon_unit-gain_e75_fs0,0,final,ef21signmuon,unit-gain,full,75,0.003713271066890223,56,0.011122678904011845,99.632,0.3720176170349121,93.17999999999999,,,14.872979259998829
final_ef21signmuon_unit-gain_e75_fs0,0,final,ef21signmuon,unit-gain,full,75,0.003713271066890223,57,0.009176103334911168,99.71,0.3788573281288147,93.17,,,14.86733950299822
final_ef21signmuon_unit-gain_e75_fs0,0,final,ef21signmuon,unit-gain,full,75,0.003713271066890223,58,0.007649784717466682,99.758,0.3979155948221684,93.13,,,14.869882049002626
final_ef21signmuon_unit-gain_e75_fs0,0,final,ef21signmuon,unit-gain,full,75,0.003713271066890223,59,0.007860096970647573,99.722,0.3964825707674027,93.37,,,14.869235657999525
final_ef21signmuon_unit-gain_e75_fs0,0,final,ef21signmuon,unit-gain,full,75,0.003713271066890223,60,0.006490152304116636,99.8,0.42015641961097716,93.17999999999999,,,14.872745601998759
final_ef21signmuon_unit-gain_e75_fs0,0,final,ef21signmuon,unit-gain,full,75,0.003713271066890223,61,0.006032500205743126,99.804,0.39637926597595213,93.45,,,14.87521200899937
final_ef21signmuon_unit-gain_e75_fs0,0,final,ef21signmuon,unit-gain,full,75,0.003713271066890223,62,0.004950208281390369,99.842,0.3996265782356262,93.54,,,14.87663534499734
final_ef21signmuon_unit-gain_e75_fs0,0,final,ef21signmuon,unit-gain,full,75,0.003713271066890223,63,0.004008586516319774,99.878,0.41656564960479736,93.56,,,14.886389124003472
final_ef21signmuon_unit-gain_e75_fs0,0,final,ef21signmuon,unit-gain,full,75,0.003713271066890223,64,0.0031385510418284685,99.912,0.4104637829959393,93.44,,,14.878681847003463
final_ef21signmuon_unit-gain_e75_fs0,0,final,ef21signmuon,unit-gain,full,75,0.003713271066890223,65,0.002661720983197447,99.908,0.422877388381958,93.47999999999999,,,14.878901364005287
final_ef21signmuon_unit-gain_e75_fs0,0,final,ef21signmuon,unit-gain,full,75,0.003713271066890223,66,0.0026830718463566154,99.92,0.41389950675964354,93.61,,,14.889189381996403
final_ef21signmuon_unit-gain_e75_fs0,0,final,ef21signmuon,unit-gain,full,75,0.003713271066890223,67,0.0023188059795694427,99.91600000000001,0.41762992956638334,93.44,,,14.875560748994758
final_ef21signmuon_unit-gain_e75_fs0,0,final,ef21signmuon,unit-gain,full,75,0.003713271066890223,68,0.0021680507729179227,99.932,0.4163549594402313,93.60000000000001,,,14.873820966000494
final_ef21signmuon_unit-gain_e75_fs0,0,final,ef21signmuon,unit-gain,full,75,0.003713271066890223,69,0.0016587324609886856,99.964,0.4151486919403076,93.39,,,14.881554974999744
final_ef21signmuon_unit-gain_e75_fs0,0,final,ef21signmuon,unit-gain,full,75,0.003713271066890223,70,0.0014103605302236975,99.958,0.4079037800312042,93.66,,,14.88415344999521
final_ef21signmuon_unit-gain_e75_fs0,0,final,ef21signmuon,unit-gain,full,75,0.003713271066890223,71,0.0015880464914743788,99.956,0.40989676051139834,93.5,,,14.88267043599626
final_ef21signmuon_unit-gain_e75_fs0,0,final,ef21signmuon,unit-gain,full,75,0.003713271066890223,72,0.0011968624671455472,99.97,0.4109477874517441,93.49,,,14.888456396998663
final_ef21signmuon_unit-gain_e75_fs0,0,final,ef21signmuon,unit-gain,full,75,0.003713271066890223,73,0.0010575097732804717,99.97,0.41428142366409304,93.53,,,14.885629134005285
final_ef21signmuon_unit-gain_e75_fs0,0,final,ef21signmuon,unit-gain,full,75,0.003713271066890223,74,0.0010707888193568216,99.964,0.4116134365797043,93.51,,,14.882512301999668
final_ef21signmuon_unit-gain_e75_fs0,0,final,ef21signmuon,unit-gain,full,75,0.003713271066890223,75,0.0010250434555020183,99.968,0.41585480952262877,93.49,,,14.877945490996353
final_muon_mup_e75_fs0,0,final,muon,mup,full,75,0.03231652035047826,0,2.302811705932617,10.302,2.302789026641846,10.38,,,
final_muon_mup_e75_fs0,0,final,muon,mup,full,75,0.03231652035047826,1,1.0828898802185059,61.414,0.7042864331245422,76.67,,,15.022877989002154
final_muon_mup_e75_fs0,0,final,muon,mup,full,75,0.03231652035047826,2,0.5545341013336181,80.884,0.4855310972213745,83.69,,,14.369560270002694
final_muon_mup_e75_fs0,0,final,muon,mup,full,75,0.03231652035047826,3,0.41183671024799345,85.688,0.42311947827339175,85.5,,,14.389657353996881
final_muon_mup_e75_fs0,0,final,muon,mup,full,75,0.03231652035047826,4,0.3390307925415039,88.34,0.4013416350364685,86.86,,,14.396337164987926
final_muon_mup_e75_fs0,0,final,muon,mup,full,75,0.03231652035047826,5,0.280582656211853,90.276,0.3621963593006134,87.87,,,14.39438899999368
final_muon_mup_e75_fs0,0,final,muon,mup,full,75,0.03231652035047826,6,0.24235272624015808,91.63799999999999,0.35291994428634643,88.36,,,14.398988623011974
final_muon_mup_e75_fs0,0,final,muon,mup,full,75,0.03231652035047826,7,0.21197139724731445,92.786,0.308377498626709,89.9,,,14.395259990997147
final_muon_mup_e75_fs0,0,final,muon,mup,full,75,0.03231652035047826,8,0.18104099997520448,93.794,0.3757491481304169,89.05999999999999,,,14.39957471199159
final_muon_mup_e75_fs0,0,final,muon,mup,full,75,0.03231652035047826,9,0.1606002477836609,94.428,0.3431444870233536,89.42999999999999,,,14.390789442011737
final_muon_mup_e75_fs0,0,final,muon,mup,full,75,0.03231652035047826,10,0.14354364549636842,95.106,0.3030820895195007,90.62,,,14.389527015999192
final_muon_mup_e75_fs0,0,final,muon,mup,full,75,0.03231652035047826,11,0.12839611847400664,95.494,0.27771345194578173,91.60000000000001,,,14.379814315994736
final_muon_mup_e75_fs0,0,final,muon,mup,full,75,0.03231652035047826,12,0.11099093171596527,96.146,0.3066619468688965,91.34,,,14.383408446999965
final_muon_mup_e75_fs0,0,final,muon,mup,full,75,0.03231652035047826,13,0.09866861618995666,96.49799999999999,0.30255546264648436,91.72,,,14.381205092999153
final_muon_mup_e75_fs0,0,final,muon,mup,full,75,0.03231652035047826,14,0.09109637530088424,96.794,0.33316409935951236,91.08000000000001,,,14.379771196006914
final_muon_mup_e75_fs0,0,final,muon,mup,full,75,0.03231652035047826,15,0.0850010018658638,97.092,0.29723291492462156,91.91,,,14.377574261990958
final_muon_mup_e75_fs0,0,final,muon,mup,full,75,0.03231652035047826,16,0.07669559226393699,97.294,0.33329336811304094,91.7,,,14.375117706993478
final_muon_mup_e75_fs0,0,final,muon,mup,full,75,0.03231652035047826,17,0.07075253753304482,97.508,0.28968747547864915,92.69,,,14.371960220989422
final_muon_mup_e75_fs0,0,final,muon,mup,full,75,0.03231652035047826,18,0.06131488363265991,97.88799999999999,0.29476618690490725,92.45,,,14.378328402002808
final_muon_mup_e75_fs0,0,final,muon,mup,full,75,0.03231652035047826,19,0.05797286690890789,98.016,0.338913986825943,91.94,,,14.370702458996675
final_muon_mup_e75_fs0,0,final,muon,mup,full,75,0.03231652035047826,20,0.051803964630961416,98.21,0.3018945425987244,92.75999999999999,,,14.377875887992559
final_muon_mup_e75_fs0,0,final,muon,mup,full,75,0.03231652035047826,21,0.04546298120141029,98.476,0.31458902893066404,92.55,,,14.375289803007036
final_muon_mup_e75_fs0,0,final,muon,mup,full,75,0.03231652035047826,22,0.046339972201287744,98.434,0.3207515421390533,92.29,,,14.371171026999946
final_muon_mup_e75_fs0,0,final,muon,mup,full,75,0.03231652035047826,23,0.04176575075030327,98.502,0.3179723379611969,92.97,,,14.37171053000202
final_muon_mup_e75_fs0,0,final,muon,mup,full,75,0.03231652035047826,24,0.03845525040328503,98.63,0.32070550589561464,92.61,,,14.382908457002486
final_muon_mup_e75_fs0,0,final,muon,mup,full,75,0.03231652035047826,25,0.03678804184094071,98.726,0.3383701903343201,92.60000000000001,,,14.37596025300445
final_muon_mup_e75_fs0,0,final,muon,mup,full,75,0.03231652035047826,26,0.034099964003562924,98.80600000000001,0.3273138487815857,92.81,,,14.372816018003505
final_muon_mup_e75_fs0,0,final,muon,mup,full,75,0.03231652035047826,27,0.029953059776425362,98.944,0.33365266704559327,92.97999999999999,,,14.373682678997284
final_muon_mup_e75_fs0,0,final,muon,mup,full,75,0.03231652035047826,28,0.029435991754233837,98.98,0.3156373963356018,93.01,,,14.376971599005628
final_muon_mup_e75_fs0,0,final,muon,mup,full,75,0.03231652035047826,29,0.026844046763032675,99.084,0.30610796818733216,93.28,,,14.376428121991921
final_muon_mup_e75_fs0,0,final,muon,mup,full,75,0.03231652035047826,30,0.02530840989947319,99.10600000000001,0.3221567907333374,93.36,,,14.370505197002785
final_muon_mup_e75_fs0,0,final,muon,mup,full,75,0.03231652035047826,31,0.022809109805077315,99.224,0.33203556685447694,93.14,,,14.373905567990732
final_muon_mup_e75_fs0,0,final,muon,mup,full,75,0.03231652035047826,32,0.022733660287056118,99.248,0.3593071380198002,93.04,,,14.374082952999743
final_muon_mup_e75_fs0,0,final,muon,mup,full,75,0.03231652035047826,33,0.020871465646475552,99.248,0.3354330202102661,93.36,,,14.385493337991647
final_muon_mup_e75_fs0,0,final,muon,mup,full,75,0.03231652035047826,34,0.01779942173343152,99.386,0.3404778920412064,93.19,,,14.361153612000635
final_muon_mup_e75_fs0,0,final,muon,mup,full,75,0.03231652035047826,35,0.017627070152908562,99.378,0.34977127075195313,93.34,,,14.370677031998639
final_muon_mup_e75_fs0,0,final,muon,mup,full,75,0.03231652035047826,36,0.015654981610029935,99.452,0.36148033294677734,93.02,,,14.373659687000327
final_muon_mup_e75_fs0,0,final,muon,mup,full,75,0.03231652035047826,37,0.0158442671700567,99.47,0.31722845702171326,93.97,,,14.36311865800235
final_muon_mup_e75_fs0,0,final,muon,mup,full,75,0.03231652035047826,38,0.012579476684331894,99.564,0.3403030460834503,93.67999999999999,,,14.373751655992237
final_muon_mup_e75_fs0,0,final,muon,mup,full,75,0.03231652035047826,39,0.01170624336399138,99.598,0.3460542241454124,93.33,,,14.373013100994285
final_muon_mup_e75_fs0,0,final,muon,mup,full,75,0.03231652035047826,40,0.010185641697868704,99.63,0.34501554746627805,93.78,,,14.375677830990753
final_muon_mup_e75_fs0,0,final,muon,mup,full,75,0.03231652035047826,41,0.010528405294753612,99.654,0.36132885859012603,93.35,,,14.369734327992774
final_muon_mup_e75_fs0,0,final,muon,mup,full,75,0.03231652035047826,42,0.009655852662771941,99.668,0.3482214437961578,93.45,,,14.373257156999898
final_muon_mup_e75_fs0,0,final,muon,mup,full,75,0.03231652035047826,43,0.008140427701566368,99.708,0.34900912322998046,93.76,,,14.37360964799882
final_muon_mup_e75_fs0,0,final,muon,mup,full,75,0.03231652035047826,44,0.007379579118900001,99.752,0.34848982410430906,93.81,,,14.378999305001344
final_muon_mup_e75_fs0,0,final,muon,mup,full,75,0.03231652035047826,45,0.006492603178247809,99.798,0.3527294567346573,93.89,,,14.372985338006401
final_muon_mup_e75_fs0,0,final,muon,mup,full,75,0.03231652035047826,46,0.005597064255345612,99.788,0.3530523158311844,93.86,,,14.368830089006224
final_muon_mup_e75_fs0,0,final,muon,mup,full,75,0.03231652035047826,47,0.004555888619115576,99.864,0.36478701450265943,94.08999999999999,,,14.368808468003408
final_muon_mup_e75_fs0,0,final,muon,mup,full,75,0.03231652035047826,48,0.004656744704535231,99.82600000000001,0.36729315123558043,93.78,,,14.373283463006373
final_muon_mup_e75_fs0,0,final,muon,mup,full,75,0.03231652035047826,49,0.004423041804532986,99.834,0.3633118284702301,93.92,,,14.385027893004008
final_muon_mup_e75_fs0,0,final,muon,mup,full,75,0.03231652035047826,50,0.004266612170825247,99.866,0.3702643322467804,93.73,,,14.363132183003472
final_muon_mup_e75_fs0,0,final,muon,mup,full,75,0.03231652035047826,51,0.004101354118445888,99.856,0.35647564454078673,93.84,,,14.364475648006191
final_muon_mup_e75_fs0,0,final,muon,mup,full,75,0.03231652035047826,52,0.002728819197085686,99.912,0.36868557715415956,93.8,,,14.371020849997876
final_muon_mup_e75_fs0,0,final,muon,mup,full,75,0.03231652035047826,53,0.0028084184256219305,99.90400000000001,0.36999213199615477,93.93,,,14.361473860990372
final_muon_mup_e75_fs0,0,final,muon,mup,full,75,0.03231652035047826,54,0.0017909771787328645,99.942,0.3651326380610466,94.04,,,14.366144211991923
final_muon_mup_e75_fs0,0,final,muon,mup,full,75,0.03231652035047826,55,0.0022882682069274595,99.92,0.3728827820539474,93.96,,,14.375898152007721
final_muon_mup_e75_fs0,0,final,muon,mup,full,75,0.03231652035047826,56,0.0015973673771106406,99.952,0.37295574378967283,94.24,,,14.367744000992388
final_muon_mup_e75_fs0,0,final,muon,mup,full,75,0.03231652035047826,57,0.001043900078869774,99.966,0.3687692367553711,94.24,,,14.374708208997617
final_muon_mup_e75_fs0,0,final,muon,mup,full,75,0.03231652035047826,58,0.0014900816665339516,99.954,0.3742337995052338,94.19,,,14.369140416005393
final_muon_mup_e75_fs0,0,final,muon,mup,full,75,0.03231652035047826,59,0.0010288908233468828,99.97200000000001,0.3702601140022278,94.16,,,14.370343657996273
final_muon_mup_e75_fs0,0,final,muon,mup,full,75,0.03231652035047826,60,0.0004814101883448893,99.98599999999999,0.3684623213768005,94.11,,,14.370404240005882
final_muon_mup_e75_fs0,0,final,muon,mup,full,75,0.03231652035047826,61,0.0006387260392279132,99.976,0.36336489863395693,94.22,,,14.377507908007829
final_muon_mup_e75_fs0,0,final,muon,mup,full,75,0.03231652035047826,62,0.0005861553255762556,99.98,0.3642064306259155,94.37,,,14.37643257000309
final_muon_mup_e75_fs0,0,final,muon,mup,full,75,0.03231652035047826,63,0.0008314527175912917,99.976,0.36890029110908507,94.24,,,14.375460301002022
final_muon_mup_e75_fs0,0,final,muon,mup,full,75,0.03231652035047826,64,0.0005773488283040934,99.988,0.35910052947998045,94.51,,,14.37449731399829
final_muon_mup_e75_fs0,0,final,muon,mup,full,75,0.03231652035047826,65,0.0005262009494076483,99.982,0.36886857886314395,94.44,,,14.38375265900686
final_muon_mup_e75_fs0,0,final,muon,mup,full,75,0.03231652035047826,66,0.000389424229679571,99.988,0.36382752323150636,94.42,,,14.373044373991434
final_muon_mup_e75_fs0,0,final,muon,mup,full,75,0.03231652035047826,67,0.00022935670333215966,99.998,0.35638900909423826,94.43,,,14.378543890998117
final_muon_mup_e75_fs0,0,final,muon,mup,full,75,0.03231652035047826,68,0.00033967374669708077,99.99,0.36238812136650084,94.44,,,14.376299922005273
final_muon_mup_e75_fs0,0,final,muon,mup,full,75,0.03231652035047826,69,0.00020628230176327633,99.996,0.36172564368247984,94.48,,,14.378414259001147
final_muon_mup_e75_fs0,0,final,muon,mup,full,75,0.03231652035047826,70,0.0002269110274281411,99.992,0.3624849160671234,94.48,,,14.379274678998627
final_muon_mup_e75_fs0,0,final,muon,mup,full,75,0.03231652035047826,71,0.00025705483166486376,99.994,0.3591216598033905,94.47,,,14.374171520001255
final_muon_mup_e75_fs0,0,final,muon,mup,full,75,0.03231652035047826,72,0.00015610198434587802,99.996,0.36340452671051027,94.49,,,14.379910864998237
final_muon_mup_e75_fs0,0,final,muon,mup,full,75,0.03231652035047826,73,0.00015062074127003143,99.996,0.3634280348777771,94.45,,,14.372175677010091
final_muon_mup_e75_fs0,0,final,muon,mup,full,75,0.03231652035047826,74,0.00022778470603734605,99.992,0.36204350056648255,94.44,,,14.376193942996906
final_muon_mup_e75_fs0,0,final,muon,mup,full,75,0.03231652035047826,75,0.00017206533000819037,99.996,0.36457791619300844,94.45,,,14.37876275900635
final_muon_unit-gain_e75_fs0,0,final,muon,unit-gain,full,75,0.006962383250419168,0,2.302811705932617,10.302,2.3027890270233153,10.38,,,
final_muon_unit-gain_e75_fs0,0,final,muon,unit-gain,full,75,0.006962383250419168,1,1.102550139579773,60.57599999999999,0.737586939907074,75.44999999999999,,,15.14285241199832
final_muon_unit-gain_e75_fs0,0,final,muon,unit-gain,full,75,0.006962383250419168,2,0.591746862707138,79.716,0.5710009698390961,81.24,,,14.493247655998857
final_muon_unit-gain_e75_fs0,0,final,muon,unit-gain,full,75,0.006962383250419168,3,0.4691991208267212,83.944,0.48595061326026917,83.07,,,14.505144507995283
final_muon_unit-gain_e75_fs0,0,final,muon,unit-gain,full,75,0.006962383250419168,4,0.4111152463531494,85.92,0.4424827227592468,85.03,,,14.521663813000487
final_muon_unit-gain_e75_fs0,0,final,muon,unit-gain,full,75,0.006962383250419168,5,0.3686812038612366,87.386,0.4638783573150635,85.09,,,14.521673499999451
final_muon_unit-gain_e75_fs0,0,final,muon,unit-gain,full,75,0.006962383250419168,6,0.3450915962314606,88.28399999999999,0.3928289286136627,86.8,,,14.508688918998814
final_muon_unit-gain_e75_fs0,0,final,muon,unit-gain,full,75,0.006962383250419168,7,0.3209619157409668,89.036,0.36056414022445676,87.92,,,14.510411752002256
final_muon_unit-gain_e75_fs0,0,final,muon,unit-gain,full,75,0.006962383250419168,8,0.30375969066619873,89.716,0.4443023220062256,86.18,,,14.513706439000089
final_muon_unit-gain_e75_fs0,0,final,muon,unit-gain,full,75,0.006962383250419168,9,0.2902062976551056,90.026,0.40541555253267286,87.11,,,14.512049228003889
final_muon_unit-gain_e75_fs0,0,final,muon,unit-gain,full,75,0.006962383250419168,10,0.275885587310791,90.556,0.37010609107017517,88.28,,,14.50531680900167
final_muon_unit-gain_e75_fs0,0,final,muon,unit-gain,full,75,0.006962383250419168,11,0.2648286251926422,90.924,0.3228498844146728,89.41,,,14.495653284000582
final_muon_unit-gain_e75_fs0,0,final,muon,unit-gain,full,75,0.006962383250419168,12,0.2523743543624878,91.362,0.3394083906173706,89.03999999999999,,,14.489675700999214
final_muon_unit-gain_e75_fs0,0,final,muon,unit-gain,full,75,0.006962383250419168,13,0.24386882830619813,91.684,0.3481001497268677,88.82,,,14.496879411999544
final_muon_unit-gain_e75_fs0,0,final,muon,unit-gain,full,75,0.006962383250419168,14,0.2326418398284912,91.934,0.35794485301971435,88.6,,,14.501056954999513
final_muon_unit-gain_e75_fs0,0,final,muon,unit-gain,full,75,0.006962383250419168,15,0.22193689282417298,92.298,0.3409743127346039,89.38000000000001,,,14.496243840003444
final_muon_unit-gain_e75_fs0,0,final,muon,unit-gain,full,75,0.006962383250419168,16,0.21574992531776427,92.536,0.31259942684173586,90.25999999999999,,,14.482454357996176
final_muon_unit-gain_e75_fs0,0,final,muon,unit-gain,full,75,0.006962383250419168,17,0.21095789210796356,92.74799999999999,0.36025414043664933,89.05,,,14.482193585994537
final_muon_unit-gain_e75_fs0,0,final,muon,unit-gain,full,75,0.006962383250419168,18,0.20229005681037904,93.144,0.30927407608032226,90.4,,,14.482648888995755
final_muon_unit-gain_e75_fs0,0,final,muon,unit-gain,full,75,0.006962383250419168,19,0.1912796145915985,93.318,0.3379590624809265,89.55,,,14.478482003003592
final_muon_unit-gain_e75_fs0,0,final,muon,unit-gain,full,75,0.006962383250419168,20,0.18477593141317367,93.73599999999999,0.3102648582458496,90.39,,,14.479101780001656
final_muon_unit-gain_e75_fs0,0,final,muon,unit-gain,full,75,0.006962383250419168,21,0.17651486862182617,93.872,0.3164796158790588,90.10000000000001,,,14.48079716799839
final_muon_unit-gain_e75_fs0,0,final,muon,unit-gain,full,75,0.006962383250419168,22,0.17614740322351455,93.89999999999999,0.32095657148361206,90.09,,,14.479254358004255
final_muon_unit-gain_e75_fs0,0,final,muon,unit-gain,full,75,0.006962383250419168,23,0.16761379238128662,94.28,0.290580020904541,90.78,,,14.480483080995327
final_muon_unit-gain_e75_fs0,0,final,muon,unit-gain,full,75,0.006962383250419168,24,0.15702644566059112,94.65599999999999,0.357567019867897,89.11,,,14.483293434997904
final_muon_unit-gain_e75_fs0,0,final,muon,unit-gain,full,75,0.006962383250419168,25,0.15528505303382872,94.716,0.3020861219882965,90.7,,,14.478111310003442
final_muon_unit-gain_e75_fs0,0,final,muon,unit-gain,full,75,0.006962383250419168,26,0.1477980197238922,94.824,0.3391495701789856,90.02,,,14.478094767000584
final_muon_unit-gain_e75_fs0,0,final,muon,unit-gain,full,75,0.006962383250419168,27,0.13911123519897461,95.186,0.3238804048418999,90.60000000000001,,,14.486624496006698
final_muon_unit-gain_e75_fs0,0,final,muon,unit-gain,full,75,0.006962383250419168,28,0.13510247248649598,95.282,0.3023081617832184,91.27,,,14.477370176995464
final_muon_unit-gain_e75_fs0,0,final,muon,unit-gain,full,75,0.006962383250419168,29,0.13115679598808289,95.50800000000001,0.3079780903816223,90.9,,,14.477097488001164
final_muon_unit-gain_e75_fs0,0,final,muon,unit-gain,full,75,0.006962383250419168,30,0.12393265627384185,95.746,0.3360196947574616,90.32,,,14.472121791994141
final_muon_unit-gain_e75_fs0,0,final,muon,unit-gain,full,75,0.006962383250419168,31,0.12057288339138031,95.758,0.2836336177825928,92.17,,,14.476870067999698
final_muon_unit-gain_e75_fs0,0,final,muon,unit-gain,full,75,0.006962383250419168,32,0.111722371134758,96.15599999999999,0.3402775494098663,90.98,,,14.482104673996218
final_muon_unit-gain_e75_fs0,0,final,muon,unit-gain,full,75,0.006962383250419168,33,0.10901376336097718,96.172,0.29796737232208254,91.5,,,14.47664954100037
final_muon_unit-gain_e75_fs0,0,final,muon,unit-gain,full,75,0.006962383250419168,34,0.10282601459741593,96.38600000000001,0.29856058607399466,91.89,,,14.47580998000194
final_muon_unit-gain_e75_fs0,0,final,muon,unit-gain,full,75,0.006962383250419168,35,0.10077860317230225,96.542,0.30164415731430055,91.45,,,14.47851034100313
final_muon_unit-gain_e75_fs0,0,final,muon,unit-gain,full,75,0.006962383250419168,36,0.09285006177902222,96.75,0.3151535178184509,91.91,,,14.481407482999202
final_muon_unit-gain_e75_fs0,0,final,muon,unit-gain,full,75,0.006962383250419168,37,0.08794749580860138,96.99,0.3178531980514526,91.62,,,14.477896716001851
final_muon_unit-gain_e75_fs0,0,final,muon,unit-gain,full,75,0.006962383250419168,38,0.07955914457440376,97.226,0.3400449294090271,91.44,,,14.473801910004113
final_muon_unit-gain_e75_fs0,0,final,muon,unit-gain,full,75,0.006962383250419168,39,0.0775919301199913,97.396,0.3157063776016235,91.94,,,14.471823004998441
final_muon_unit-gain_e75_fs0,0,final,muon,unit-gain,full,75,0.006962383250419168,40,0.07799613823890686,97.342,0.3011511285305023,92.04,,,14.487992080998083
final_muon_unit-gain_e75_fs0,0,final,muon,unit-gain,full,75,0.006962383250419168,41,0.06912912774324417,97.57000000000001,0.3311346182823181,91.64999999999999,,,14.474616649000382
final_muon_unit-gain_e75_fs0,0,final,muon,unit-gain,full,75,0.006962383250419168,42,0.06606359223842621,97.72999999999999,0.3375104543685913,91.91,,,14.47542271999555
final_muon_unit-gain_e75_fs0,0,final,muon,unit-gain,full,75,0.006962383250419168,43,0.058478561879396436,98.012,0.33505962047576904,92.30000000000001,,,14.473098488997493
final_muon_unit-gain_e75_fs0,0,final,muon,unit-gain,full,75,0.006962383250419168,44,0.05524367688536644,98.194,0.3588329411506653,91.84,,,14.480110235999746
final_muon_unit-gain_e75_fs0,0,final,muon,unit-gain,full,75,0.006962383250419168,45,0.05533102842688561,98.124,0.3058338270187378,92.57,,,14.479293205004069
final_muon_unit-gain_e75_fs0,0,final,muon,unit-gain,full,75,0.006962383250419168,46,0.048675086700320246,98.35000000000001,0.3583032258987427,92.14,,,14.48333243199886
final_muon_unit-gain_e75_fs0,0,final,muon,unit-gain,full,75,0.006962383250419168,47,0.04499871952861548,98.462,0.34659149980545045,92.19000000000001,,,14.490331234002952
final_muon_unit-gain_e75_fs0,0,final,muon,unit-gain,full,75,0.006962383250419168,48,0.04230539223611355,98.558,0.3645799533367157,92.24,,,14.479207510994456
final_muon_unit-gain_e75_fs0,0,final,muon,unit-gain,full,75,0.006962383250419168,49,0.03739169351994991,98.744,0.3518380873680115,92.52,,,14.479330871996353
final_muon_unit-gain_e75_fs0,0,final,muon,unit-gain,full,75,0.006962383250419168,50,0.036731472210884096,98.746,0.35249284582138063,92.41,,,14.475493874997483
final_muon_unit-gain_e75_fs0,0,final,muon,unit-gain,full,75,0.006962383250419168,51,0.0337766125613451,98.856,0.33691255950927734,92.66,,,14.472917844999756
final_muon_unit-gain_e75_fs0,0,final,muon,unit-gain,full,75,0.006962383250419168,52,0.028861058600246906,99.03,0.355388663482666,92.71000000000001,,,14.47164760400483
final_muon_unit-gain_e75_fs0,0,final,muon,unit-gain,full,75,0.006962383250419168,53,0.02583971979022026,99.09599999999999,0.3498600308418274,92.91,,,14.478679510000802
final_muon_unit-gain_e75_fs0,0,final,muon,unit-gain,full,75,0.006962383250419168,54,0.023976970558911563,99.208,0.3542898041725159,92.99,,,14.483992224995745
final_muon_unit-gain_e75_fs0,0,final,muon,unit-gain,full,75,0.006962383250419168,55,0.020603176598474382,99.32600000000001,0.38875140953063964,93.06,,,14.477824210996914
final_muon_unit-gain_e75_fs0,0,final,muon,unit-gain,full,75,0.006962383250419168,56,0.019112216363847256,99.372,0.3824223625183105,92.72,,,14.475408145000983
final_muon_unit-gain_e75_fs0,0,final,muon,unit-gain,full,75,0.006962383250419168,57,0.015390600381307304,99.46199999999999,0.3728446139335632,93.08,,,14.47058986799675
final_muon_unit-gain_e75_fs0,0,final,muon,unit-gain,full,75,0.006962383250419168,58,0.013566956289038062,99.588,0.40157709951400755,92.94,,,14.476248778999434
final_muon_unit-gain_e75_fs0,0,final,muon,unit-gain,full,75,0.006962383250419168,59,0.012343974777199328,99.61,0.41134958124160764,92.96,,,14.475278049998451
final_muon_unit-gain_e75_fs0,0,final,muon,unit-gain,full,75,0.006962383250419168,60,0.010887559582740068,99.626,0.4033877398490906,93.10000000000001,,,14.47324699100136
final_muon_unit-gain_e75_fs0,0,final,muon,unit-gain,full,75,0.006962383250419168,61,0.009097116186358034,99.69,0.38243814969062806,93.35,,,14.477916487994662
final_muon_unit-gain_e75_fs0,0,final,muon,unit-gain,full,75,0.006962383250419168,62,0.0076866938022151585,99.714,0.3915750292301178,93.4,,,14.474238867995155
final_muon_unit-gain_e75_fs0,0,final,muon,unit-gain,full,75,0.006962383250419168,63,0.006455770169980824,99.806,0.4035499786376953,93.34,,,14.47128286500083
final_muon_unit-gain_e75_fs0,0,final,muon,unit-gain,full,75,0.006962383250419168,64,0.005429669470959343,99.82799999999999,0.40239038820266726,93.55,,,14.476555660003214
final_muon_unit-gain_e75_fs0,0,final,muon,unit-gain,full,75,0.006962383250419168,65,0.004251413561310619,99.874,0.42295527877807615,93.47999999999999,,,14.47218934600096
final_muon_unit-gain_e75_fs0,0,final,muon,unit-gain,full,75,0.006962383250419168,66,0.003830818803529255,99.89,0.4161391163825989,93.52000000000001,,,14.482726939000713
final_muon_unit-gain_e75_fs0,0,final,muon,unit-gain,full,75,0.006962383250419168,67,0.0029940730081126094,99.914,0.42340047993659974,93.61,,,14.478461163998873
final_muon_unit-gain_e75_fs0,0,final,muon,unit-gain,full,75,0.006962383250419168,68,0.0033597820542752743,99.898,0.4243194955825806,93.83,,,14.477383206998638
final_muon_unit-gain_e75_fs0,0,final,muon,unit-gain,full,75,0.006962383250419168,69,0.002024243067179341,99.944,0.44158322982788084,93.71000000000001,,,14.476333759994304
final_muon_unit-gain_e75_fs0,0,final,muon,unit-gain,full,75,0.006962383250419168,70,0.0025556811949098484,99.924,0.42917710123062136,93.67999999999999,,,14.473239282000577
final_muon_unit-gain_e75_fs0,0,final,muon,unit-gain,full,75,0.006962383250419168,71,0.001302411097092554,99.966,0.43492054443359374,93.83,,,14.478289041995595
final_muon_unit-gain_e75_fs0,0,final,muon,unit-gain,full,75,0.006962383250419168,72,0.0013954691717633977,99.95,0.44022372131347653,93.86,,,14.487837701002718
final_muon_unit-gain_e75_fs0,0,final,muon,unit-gain,full,75,0.006962383250419168,73,0.001648675697501749,99.952,0.4462326281547546,93.77,,,14.48000358200079
final_muon_unit-gain_e75_fs0,0,final,muon,unit-gain,full,75,0.006962383250419168,74,0.0011040772804804147,99.97200000000001,0.44253032360076905,93.85,,,14.472842953000509
final_muon_unit-gain_e75_fs0,0,final,muon,unit-gain,full,75,0.006962383250419168,75,0.0011903077428927645,99.968,0.4467084218978882,93.85,,,14.47221048099891
final_muonsign_mup_e75_fs0,0,final,muonsign,mup,full,75,0.11520000000000002,0,2.302811705932617,10.302,2.3027890270233153,10.38,,,
final_muonsign_mup_e75_fs0,0,final,muonsign,mup,full,75,0.11520000000000002,1,1.3618781994628906,50.314,1.0934023077011108,63.080000000000005,,,15.140842756998609
final_muonsign_mup_e75_fs0,0,final,muonsign,mup,full,75,0.11520000000000002,2,0.8016855934906005,71.69200000000001,0.8532685961723327,71.65,,,14.5028440879978
final_muonsign_mup_e75_fs0,0,final,muonsign,mup,full,75,0.11520000000000002,3,0.6129692875480652,78.61399999999999,0.6227201199531556,78.84,,,14.512580858994625
final_muonsign_mup_e75_fs0,0,final,muonsign,mup,full,75,0.11520000000000002,4,0.5135744114303589,82.214,0.5604553219795227,81.32000000000001,,,14.524287428997923
final_muonsign_mup_e75_fs0,0,final,muonsign,mup,full,75,0.11520000000000002,5,0.44127043844223024,84.71,0.4861763309955597,84.17999999999999,,,14.527010524005163
final_muonsign_mup_e75_fs0,0,final,muonsign,mup,full,75,0.11520000000000002,6,0.3906842382621765,86.406,0.5215984354019165,82.73,,,14.53681756000151
final_muonsign_mup_e75_fs0,0,final,muonsign,mup,full,75,0.11520000000000002,7,0.34633756752967837,87.90599999999999,0.4216026689767838,85.77,,,14.522392234997824
final_muonsign_mup_e75_fs0,0,final,muonsign,mup,full,75,0.11520000000000002,8,0.31382067688941956,89.104,0.44616161680221555,85.92999999999999,,,14.519110438006464
final_muonsign_mup_e75_fs0,0,final,muonsign,mup,full,75,0.11520000000000002,9,0.2821431694507599,90.18599999999999,0.4198782537460327,86.32,,,14.521960865007713
final_muonsign_mup_e75_fs0,0,final,muonsign,mup,full,75,0.11520000000000002,10,0.25958310140132906,91.102,0.34684088084697723,88.64999999999999,,,14.523886351002147
final_muonsign_mup_e75_fs0,0,final,muonsign,mup,full,75,0.11520000000000002,11,0.23336259996414185,91.798,0.37253073644638063,87.74,,,14.534125126010622
final_muonsign_mup_e75_fs0,0,final,muonsign,mup,full,75,0.11520000000000002,12,0.2136254560661316,92.562,0.3681386710166931,88.64999999999999,,,14.514896634005709
final_muonsign_mup_e75_fs0,0,final,muonsign,mup,full,75,0.11520000000000002,13,0.19616049727916718,93.04400000000001,0.43429900748729705,87.37,,,14.514063128008274
final_muonsign_mup_e75_fs0,0,final,muonsign,mup,full,75,0.11520000000000002,14,0.1751829649209976,93.938,0.3606791470527649,88.83,,,14.511933773988858
final_muonsign_mup_e75_fs0,0,final,muonsign,mup,full,75,0.11520000000000002,15,0.1625501287984848,94.294,0.35144908504486083,89.36,,,14.509226901005604
final_muonsign_mup_e75_fs0,0,final,muonsign,mup,full,75,0.11520000000000002,16,0.15032283580064773,94.69,0.3526848087310791,90.19,,,14.508643719993415
final_muonsign_mup_e75_fs0,0,final,muonsign,mup,full,75,0.11520000000000002,17,0.14009038137435914,95.084,0.34587381267547607,90.02,,,14.507400130009046
final_muonsign_mup_e75_fs0,0,final,muonsign,mup,full,75,0.11520000000000002,18,0.1249519872879982,95.628,0.3628060544013977,90.01,,,14.505550982998102
final_muonsign_mup_e75_fs0,0,final,muonsign,mup,full,75,0.11520000000000002,19,0.11643158343315124,95.834,0.3524995538234711,90.39,,,14.502851237004506
final_muonsign_mup_e75_fs0,0,final,muonsign,mup,full,75,0.11520000000000002,20,0.10686832062840462,96.258,0.37566771368980406,90.08,,,14.498221332993126
final_muonsign_mup_e75_fs0,0,final,muonsign,mup,full,75,0.11520000000000002,21,0.09691045335054398,96.532,0.35518614130020143,90.85,,,14.50443869701121
final_muonsign_mup_e75_fs0,0,final,muonsign,mup,full,75,0.11520000000000002,22,0.09293539727687836,96.77799999999999,0.35049725065231324,90.92,,,14.507073982997099
final_muonsign_mup_e75_fs0,0,final,muonsign,mup,full,75,0.11520000000000002,23,0.08512907837152481,97.06,0.3595113858699799,90.74,,,14.503433502992266
final_muonsign_mup_e75_fs0,0,final,muonsign,mup,full,75,0.11520000000000002,24,0.07427244573831558,97.344,0.35410136222839356,91.14,,,14.503462983004283
final_muonsign_mup_e75_fs0,0,final,muonsign,mup,full,75,0.11520000000000002,25,0.0707045935434103,97.52199999999999,0.37138233633041384,90.86,,,14.495401918000425
final_muonsign_mup_e75_fs0,0,final,muonsign,mup,full,75,0.11520000000000002,26,0.06660935724973678,97.67,0.4005469913482666,90.94,,,14.508405043990933
final_muonsign_mup_e75_fs0,0,final,muonsign,mup,full,75,0.11520000000000002,27,0.0627103310072422,97.82,0.34854401770830157,91.43,,,14.496726812009001
final_muonsign_mup_e75_fs0,0,final,muonsign,mup,full,75,0.11520000000000002,28,0.05795486268877983,98.028,0.34535315608978273,91.5,,,14.505819662997965
final_muonsign_mup_e75_fs0,0,final,muonsign,mup,full,75,0.11520000000000002,29,0.05134908213853836,98.162,0.3726757655262947,91.35,,,14.496497573010856
final_muonsign_mup_e75_fs0,0,final,muonsign,mup,full,75,0.11520000000000002,30,0.04882164531886578,98.294,0.35978848066329955,91.64,,,14.489761993012507
final_muonsign_mup_e75_fs0,0,final,muonsign,mup,full,75,0.11520000000000002,31,0.04591965434074402,98.47399999999999,0.3800983914375305,91.58,,,14.494317268996383
final_muonsign_mup_e75_fs0,0,final,muonsign,mup,full,75,0.11520000000000002,32,0.043903932355344295,98.47399999999999,0.3915988143920898,91.57,,,14.495358776999637
final_muonsign_mup_e75_fs0,0,final,muonsign,mup,full,75,0.11520000000000002,33,0.037450028015971186,98.694,0.40842950944900513,91.24,,,14.503200653998647
final_muonsign_mup_e75_fs0,0,final,muonsign,mup,full,75,0.11520000000000002,34,0.03336131455719471,98.83800000000001,0.39612177152633665,91.81,,,14.498386487000971
final_muonsign_mup_e75_fs0,0,final,muonsign,mup,full,75,0.11520000000000002,35,0.0334444543248415,98.81400000000001,0.3835400653839111,92.03,,,14.493024130992126
final_muonsign_mup_e75_fs0,0,final,muonsign,mup,full,75,0.11520000000000002,36,0.031122117519825698,98.86200000000001,0.38738292093276977,92.13,,,14.502078010002151
final_muonsign_mup_e75_fs0,0,final,muonsign,mup,full,75,0.11520000000000002,37,0.028732019191160797,99.03,0.40435603580474855,92.29,,,14.501990773991565
final_muonsign_mup_e75_fs0,0,final,muonsign,mup,full,75,0.11520000000000002,38,0.025058584289848803,99.114,0.4130235827445984,92.25999999999999,,,14.508903755006031
final_muonsign_mup_e75_fs0,0,final,muonsign,mup,full,75,0.11520000000000002,39,0.022237751382142304,99.244,0.4281094480514526,92.01,,,14.48920088900195
final_muonsign_mup_e75_fs0,0,final,muonsign,mup,full,75,0.11520000000000002,40,0.02102873655125499,99.324,0.40088902826309203,92.24,,,14.492255871999077
final_muonsign_mup_e75_fs0,0,final,muonsign,mup,full,75,0.11520000000000002,41,0.01858517543496564,99.366,0.4157347312927246,91.97999999999999,,,14.499476605997188
final_muonsign_mup_e75_fs0,0,final,muonsign,mup,full,75,0.11520000000000002,42,0.017805727325230836,99.384,0.43300233850479125,92.01,,,14.497121414999128
final_muonsign_mup_e75_fs0,0,final,muonsign,mup,full,75,0.11520000000000002,43,0.015529856387078761,99.468,0.42280981912612914,92.21000000000001,,,14.500106722000055
final_muonsign_mup_e75_fs0,0,final,muonsign,mup,full,75,0.11520000000000002,44,0.014283527381438762,99.502,0.43150376949310304,92.09,,,14.500479280002764
final_muonsign_mup_e75_fs0,0,final,muonsign,mup,full,75,0.11520000000000002,45,0.013147727088769897,99.532,0.42611355438232423,92.63,,,14.497524090998922
final_muonsign_mup_e75_fs0,0,final,muonsign,mup,full,75,0.11520000000000002,46,0.01304452628068626,99.564,0.4167019103050232,92.61,,,14.500005901005352
final_muonsign_mup_e75_fs0,0,final,muonsign,mup,full,75,0.11520000000000002,47,0.009968901197165252,99.664,0.4324099729537964,92.51,,,14.49588461399253
final_muonsign_mup_e75_fs0,0,final,muonsign,mup,full,75,0.11520000000000002,48,0.00939115250557661,99.684,0.4299909209251404,92.7,,,14.507957688998431
final_muonsign_mup_e75_fs0,0,final,muonsign,mup,full,75,0.11520000000000002,49,0.009657158349882811,99.688,0.4197533228874207,92.88,,,14.50410139199812
final_muonsign_mup_e75_fs0,0,final,muonsign,mup,full,75,0.11520000000000002,50,0.008254142307424918,99.724,0.43584933729171754,92.7,,,14.502195895998739
final_muonsign_mup_e75_fs0,0,final,muonsign,mup,full,75,0.11520000000000002,51,0.00703134101472795,99.762,0.4239704054832458,92.64,,,14.502041147992713
final_muonsign_mup_e75_fs0,0,final,muonsign,mup,full,75,0.11520000000000002,52,0.006087502038758248,99.79,0.4504847040176392,92.71000000000001,,,14.503276192001067
final_muonsign_mup_e75_fs0,0,final,muonsign,mup,full,75,0.11520000000000002,53,0.005114613124579191,99.822,0.4415290102005005,92.95,,,14.499194787989836
final_muonsign_mup_e75_fs0,0,final,muonsign,mup,full,75,0.11520000000000002,54,0.004786407491797581,99.83999999999999,0.43233679475784303,92.82000000000001,,,14.49996746200486
final_muonsign_mup_e75_fs0,0,final,muonsign,mup,full,75,0.11520000000000002,55,0.004248717168751173,99.85000000000001,0.44085667686462404,92.99,,,14.503819315010333
final_muonsign_mup_e75_fs0,0,final,muonsign,mup,full,75,0.11520000000000002,56,0.003899963598260656,99.882,0.43473966932296754,92.97,,,14.502961940001114
final_muonsign_mup_e75_fs0,0,final,muonsign,mup,full,75,0.11520000000000002,57,0.0033829258182831107,99.898,0.4388805483818054,93.14,,,14.506472355991718
final_muonsign_mup_e75_fs0,0,final,muonsign,mup,full,75,0.11520000000000002,58,0.0029630449992697687,99.91,0.4453195068836212,93.17,,,14.503670313002658
final_muonsign_mup_e75_fs0,0,final,muonsign,mup,full,75,0.11520000000000002,59,0.0028981053113378585,99.902,0.44656942782402037,93.14,,,14.501587680992088
final_muonsign_mup_e75_fs0,0,final,muonsign,mup,full,75,0.11520000000000002,60,0.0022570506200008094,99.928,0.4345126575946808,93.06,,,14.499565598001936
final_muonsign_mup_e75_fs0,0,final,muonsign,mup,full,75,0.11520000000000002,61,0.0015517868857015855,99.958,0.43308979625701904,93.2,,,14.50158759499027
final_muonsign_mup_e75_fs0,0,final,muonsign,mup,full,75,0.11520000000000002,62,0.0016860501409793505,99.94800000000001,0.43329602556228636,93.21000000000001,,,14.498913454997819
final_muonsign_mup_e75_fs0,0,final,muonsign,mup,full,75,0.11520000000000002,63,0.0014485191393410787,99.95,0.43950160331726074,93.35,,,14.499209724002867
final_muonsign_mup_e75_fs0,0,final,muonsign,mup,full,75,0.11520000000000002,64,0.0013065242793195648,99.958,0.429027707529068,93.39,,,14.494501484994544
final_muonsign_mup_e75_fs0,0,final,muonsign,mup,full,75,0.11520000000000002,65,0.0012642578102706466,99.966,0.43916625213623045,93.30000000000001,,,14.506966447996092
final_muonsign_mup_e75_fs0,0,final,muonsign,mup,full,75,0.11520000000000002,66,0.0011217447544983588,99.966,0.42982244057655333,93.22,,,14.508323966001626
final_muonsign_mup_e75_fs0,0,final,muonsign,mup,full,75,0.11520000000000002,67,0.000856476798519725,99.982,0.42418118958473205,93.22,,,14.505415577994427
final_muonsign_mup_e75_fs0,0,final,muonsign,mup,full,75,0.11520000000000002,68,0.000961149968910031,99.97,0.42672161893844607,93.31,,,14.499502051010495
final_muonsign_mup_e75_fs0,0,final,muonsign,mup,full,75,0.11520000000000002,69,0.0008765323786356021,99.966,0.42532857580184935,93.32000000000001,,,14.499479150996194
final_muonsign_mup_e75_fs0,0,final,muonsign,mup,full,75,0.11520000000000002,70,0.0007742291981447488,99.976,0.4212952529907227,93.35,,,14.50527748800232
final_muonsign_mup_e75_fs0,0,final,muonsign,mup,full,75,0.11520000000000002,71,0.0006548780808987794,99.98599999999999,0.42018607983589173,93.39,,,14.500274751000688
final_muonsign_mup_e75_fs0,0,final,muonsign,mup,full,75,0.11520000000000002,72,0.0006552827866992448,99.982,0.4252500909805298,93.32000000000001,,,14.503338571987115
final_muonsign_mup_e75_fs0,0,final,muonsign,mup,full,75,0.11520000000000002,73,0.0007409511151969491,99.984,0.42418600025177,93.28999999999999,,,14.503597903996706
final_muonsign_mup_e75_fs0,0,final,muonsign,mup,full,75,0.11520000000000002,74,0.0005404383419535589,99.984,0.4248988380908966,93.39,,,14.506923943001311
final_muonsign_mup_e75_fs0,0,final,muonsign,mup,full,75,0.11520000000000002,75,0.0005727379519445822,99.988,0.42540462074279783,93.33,,,14.499689989999752
final_muonsign_unit-gain_e75_fs0,0,final,muonsign,unit-gain,full,75,0.003400000000000002,0,2.3028117181396484,10.302,2.3027890361785888,10.38,,,
final_muonsign_unit-gain_e75_fs0,0,final,muonsign,unit-gain,full,75,0.003400000000000002,1,1.3187669215393067,52.098,1.0418811241149903,64.57000000000001,,,15.212716800000635
final_muonsign_unit-gain_e75_fs0,0,final,muonsign,unit-gain,full,75,0.003400000000000002,2,0.7824702252006531,72.446,0.8176980318069458,72.5,,,14.568737789995794
final_muonsign_unit-gain_e75_fs0,0,final,muonsign,unit-gain,full,75,0.003400000000000002,3,0.60422299325943,79.06800000000001,0.6674810145378113,77.9,,,14.595796776993666
final_muonsign_unit-gain_e75_fs0,0,final,muonsign,unit-gain,full,75,0.003400000000000002,4,0.5086265268707275,82.53,0.5992100407600403,80.22,,,14.608413636000478
final_muonsign_unit-gain_e75_fs0,0,final,muonsign,unit-gain,full,75,0.003400000000000002,5,0.4424291428184509,84.854,0.5130979902267456,82.98,,,14.607231377005519
final_muonsign_unit-gain_e75_fs0,0,final,muonsign,unit-gain,full,75,0.003400000000000002,6,0.3980068077468872,86.238,0.5099458442687989,82.97,,,14.59995853100554
final_muonsign_unit-gain_e75_fs0,0,final,muonsign,unit-gain,full,75,0.003400000000000002,7,0.361876690196991,87.454,0.426030299949646,85.84,,,14.605827792998753
final_muonsign_unit-gain_e75_fs0,0,final,muonsign,unit-gain,full,75,0.003400000000000002,8,0.33096443367004397,88.63,0.483107288312912,84.58,,,14.603868923994014
final_muonsign_unit-gain_e75_fs0,0,final,muonsign,unit-gain,full,75,0.003400000000000002,9,0.3064287189006805,89.43799999999999,0.4754415142059326,84.75,,,14.599080539999704
final_muonsign_unit-gain_e75_fs0,0,final,muonsign,unit-gain,full,75,0.003400000000000002,10,0.28677260153770445,90.01,0.3963518928527832,87.31,,,14.591605886002071
final_muonsign_unit-gain_e75_fs0,0,final,muonsign,unit-gain,full,75,0.003400000000000002,11,0.27055603661060335,90.654,0.39133193054199217,87.28,,,14.586503987004107
final_muonsign_unit-gain_e75_fs0,0,final,muonsign,unit-gain,full,75,0.003400000000000002,12,0.2542461764526367,91.192,0.3696189323425293,88.39,,,14.585608668996429
final_muonsign_unit-gain_e75_fs0,0,final,muonsign,unit-gain,full,75,0.003400000000000002,13,0.23624308212280273,91.83,0.38604535098075865,87.79,,,14.580059021005582
final_muonsign_unit-gain_e75_fs0,0,final,muonsign,unit-gain,full,75,0.003400000000000002,14,0.2234871878528595,92.204,0.40254405164718626,87.69,,,14.574738579998666
final_muonsign_unit-gain_e75_fs0,0,final,muonsign,unit-gain,full,75,0.003400000000000002,15,0.20936724233627318,92.916,0.4035997866630554,87.38,,,14.567952228004287
final_muonsign_unit-gain_e75_fs0,0,final,muonsign,unit-gain,full,75,0.003400000000000002,16,0.19746171972751617,93.08,0.36638766174316406,89.12,,,14.568420554998738
final_muonsign_unit-gain_e75_fs0,0,final,muonsign,unit-gain,full,75,0.003400000000000002,17,0.1899917965745926,93.406,0.33972530884742735,89.52,,,14.558470267998928
final_muonsign_unit-gain_e75_fs0,0,final,muonsign,unit-gain,full,75,0.003400000000000002,18,0.18077973851203918,93.752,0.3443922347068787,89.64999999999999,,,14.557794081003522
final_muonsign_unit-gain_e75_fs0,0,final,muonsign,unit-gain,full,75,0.003400000000000002,19,0.16721066165924073,94.164,0.39326685523986815,88.57000000000001,,,14.557963508996181
final_muonsign_unit-gain_e75_fs0,0,final,muonsign,unit-gain,full,75,0.003400000000000002,20,0.16087085545539856,94.48,0.3318140542984009,90.05,,,14.562632289998874
final_muonsign_unit-gain_e75_fs0,0,final,muonsign,unit-gain,full,75,0.003400000000000002,21,0.15221736414909362,94.592,0.30961237225532534,90.77,,,14.553150252002524
final_muonsign_unit-gain_e75_fs0,0,final,muonsign,unit-gain,full,75,0.003400000000000002,22,0.1455606003332138,94.968,0.32932354760169985,90.32,,,14.552571381995222
final_muonsign_unit-gain_e75_fs0,0,final,muonsign,unit-gain,full,75,0.003400000000000002,23,0.1387450655555725,95.178,0.3487008358359337,90.07,,,14.556639305999852
final_muonsign_unit-gain_e75_fs0,0,final,muonsign,unit-gain,full,75,0.003400000000000002,24,0.12907531621932983,95.494,0.3250611743927002,90.68,,,14.555581202999747
final_muonsign_unit-gain_e75_fs0,0,final,muonsign,unit-gain,full,75,0.003400000000000002,25,0.12432870279312133,95.634,0.3528274458885193,90.25999999999999,,,14.545926684004371
final_muonsign_unit-gain_e75_fs0,0,final,muonsign,unit-gain,full,75,0.003400000000000002,26,0.11541109977245331,95.87599999999999,0.33992568407058715,90.63,,,14.550604240997927
final_muonsign_unit-gain_e75_fs0,0,final,muonsign,unit-gain,full,75,0.003400000000000002,27,0.11447046734333038,96.066,0.3217833891391754,91.17,,,14.544720124002197
final_muonsign_unit-gain_e75_fs0,0,final,muonsign,unit-gain,full,75,0.003400000000000002,28,0.10765981357574463,96.33800000000001,0.41484081573486326,89.66,,,14.545030770997982
final_muonsign_unit-gain_e75_fs0,0,final,muonsign,unit-gain,full,75,0.003400000000000002,29,0.10054016533851623,96.476,0.36383112554550173,90.25,,,14.547746801996254
final_muonsign_unit-gain_e75_fs0,0,final,muonsign,unit-gain,full,75,0.003400000000000002,30,0.09612731284618378,96.682,0.35224219350814817,90.31,,,14.550217181000335
final_muonsign_unit-gain_e75_fs0,0,final,muonsign,unit-gain,full,75,0.003400000000000002,31,0.0891262749528885,96.906,0.31805292639732363,91.03999999999999,,,14.55090535099589
final_muonsign_unit-gain_e75_fs0,0,final,muonsign,unit-gain,full,75,0.003400000000000002,32,0.08578854301214218,96.978,0.3584345678329468,90.61,,,14.550060240995663
final_muonsign_unit-gain_e75_fs0,0,final,muonsign,unit-gain,full,75,0.003400000000000002,33,0.08166520403385162,97.154,0.3253408369064331,91.47,,,14.54047488499782
final_muonsign_unit-gain_e75_fs0,0,final,muonsign,unit-gain,full,75,0.003400000000000002,34,0.07552295191884041,97.31400000000001,0.3417851046085358,91.43,,,14.547654693997174
final_muonsign_unit-gain_e75_fs0,0,final,muonsign,unit-gain,full,75,0.003400000000000002,35,0.07200568817615509,97.5,0.3092202129840851,91.96,,,14.537703075999161
final_muonsign_unit-gain_e75_fs0,0,final,muonsign,unit-gain,full,75,0.003400000000000002,36,0.06710564997911453,97.614,0.36617730407714844,91.24,,,14.546955038000306
final_muonsign_unit-gain_e75_fs0,0,final,muonsign,unit-gain,full,75,0.003400000000000002,37,0.06334749687314034,97.816,0.3446337695121765,91.64,,,14.550869245002104
final_muonsign_unit-gain_e75_fs0,0,final,muonsign,unit-gain,full,75,0.003400000000000002,38,0.060111973993778225,97.954,0.3373591109275818,91.81,,,14.551304373002495
final_muonsign_unit-gain_e75_fs0,0,final,muonsign,unit-gain,full,75,0.003400000000000002,39,0.05380970896601677,98.096,0.3609869170188904,91.72,,,14.547758501001226
final_muonsign_unit-gain_e75_fs0,0,final,muonsign,unit-gain,full,75,0.003400000000000002,40,0.052081130348443985,98.236,0.3315246047973633,92.15,,,14.546716229000594
final_muonsign_unit-gain_e75_fs0,0,final,muonsign,unit-gain,full,75,0.003400000000000002,41,0.049102437329888345,98.30600000000001,0.3536729556083679,91.74,,,14.535646951997478
final_muonsign_unit-gain_e75_fs0,0,final,muonsign,unit-gain,full,75,0.003400000000000002,42,0.044827605135440825,98.44000000000001,0.33213887605667114,92.15,,,14.539394731000357
final_muonsign_unit-gain_e75_fs0,0,final,muonsign,unit-gain,full,75,0.003400000000000002,43,0.04118852784991264,98.59400000000001,0.3757046457290649,92.13,,,14.539497552003013
final_muonsign_unit-gain_e75_fs0,0,final,muonsign,unit-gain,full,75,0.003400000000000002,44,0.036971786803007126,98.68400000000001,0.34255925769805906,92.33,,,14.545135896005377
final_muonsign_unit-gain_e75_fs0,0,final,muonsign,unit-gain,full,75,0.003400000000000002,45,0.03433596318092197,98.888,0.34226376943588255,92.63,,,14.544289845995081
final_muonsign_unit-gain_e75_fs0,0,final,muonsign,unit-gain,full,75,0.003400000000000002,46,0.03260746794804931,98.866,0.36329150643348695,92.23,,,14.548271458996169
final_muonsign_unit-gain_e75_fs0,0,final,muonsign,unit-gain,full,75,0.003400000000000002,47,0.030903721251785754,98.934,0.3631635715007782,92.36,,,14.544387829999323
final_muonsign_unit-gain_e75_fs0,0,final,muonsign,unit-gain,full,75,0.003400000000000002,48,0.027389593418538572,99.048,0.36625333642959595,92.29,,,14.537325190001866
final_muonsign_unit-gain_e75_fs0,0,final,muonsign,unit-gain,full,75,0.003400000000000002,49,0.02494709452569485,99.114,0.3521521198272705,92.39,,,14.549835592995805
final_muonsign_unit-gain_e75_fs0,0,final,muonsign,unit-gain,full,75,0.003400000000000002,50,0.02366568284019828,99.18599999999999,0.34662841062545774,92.99,,,14.537867245999223
final_muonsign_unit-gain_e75_fs0,0,final,muonsign,unit-gain,full,75,0.003400000000000002,51,0.021795432462096215,99.256,0.3338780228614807,92.86,,,14.53892082600214
final_muonsign_unit-gain_e75_fs0,0,final,muonsign,unit-gain,full,75,0.003400000000000002,52,0.018626634969115256,99.36,0.35522737402915955,92.73,,,14.541262744998676
final_muonsign_unit-gain_e75_fs0,0,final,muonsign,unit-gain,full,75,0.003400000000000002,53,0.01692649365454912,99.41799999999999,0.3742412559509277,92.78999999999999,,,14.54519784200238
final_muonsign_unit-gain_e75_fs0,0,final,muonsign,unit-gain,full,75,0.003400000000000002,54,0.012373479559347034,99.556,0.363903085064888,92.78999999999999,,,14.533959031003178
final_muonsign_unit-gain_e75_fs0,0,final,muonsign,unit-gain,full,75,0.003400000000000002,55,0.013299834984615445,99.536,0.3681569683074951,92.93,,,14.536636046002968
final_muonsign_unit-gain_e75_fs0,0,final,muonsign,unit-gain,full,75,0.003400000000000002,56,0.012512803051061928,99.586,0.36678793792724607,92.94,,,14.535166815003322
final_muonsign_unit-gain_e75_fs0,0,final,muonsign,unit-gain,full,75,0.003400000000000002,57,0.00923569201251492,99.682,0.34898826303482056,93.28999999999999,,,14.535341681003047
final_muonsign_unit-gain_e75_fs0,0,final,muonsign,unit-gain,full,75,0.003400000000000002,58,0.009511543947998434,99.65,0.35275951290130614,93.28,,,14.537809544999618
final_muonsign_unit-gain_e75_fs0,0,final,muonsign,unit-gain,full,75,0.003400000000000002,59,0.007158807067554444,99.776,0.36674421129226686,93.44,,,14.54381100399769
final_muonsign_unit-gain_e75_fs0,0,final,muonsign,unit-gain,full,75,0.003400000000000002,60,0.006904802043810487,99.76,0.38388317804336547,93.22,,,14.539606600999832
final_muonsign_unit-gain_e75_fs0,0,final,muonsign,unit-gain,full,75,0.003400000000000002,61,0.004975326294191181,99.834,0.37060671253204347,93.52000000000001,,,14.532575889999862
final_muonsign_unit-gain_e75_fs0,0,final,muonsign,unit-gain,full,75,0.003400000000000002,62,0.00525655291990377,99.83800000000001,0.37070529465675356,93.31,,,14.546526559002814
final_muonsign_unit-gain_e75_fs0,0,final,muonsign,unit-gain,full,75,0.003400000000000002,63,0.004225215303548612,99.876,0.3681219906330109,93.65,,,14.539834166993387
final_muonsign_unit-gain_e75_fs0,0,final,muonsign,unit-gain,full,75,0.003400000000000002,64,0.0031701539474306628,99.902,0.36607090406417847,93.7,,,14.536166821999359
final_muonsign_unit-gain_e75_fs0,0,final,muonsign,unit-gain,full,75,0.003400000000000002,65,0.0028762070512585343,99.908,0.36605821852684023,93.76,,,14.543785596004454
final_muonsign_unit-gain_e75_fs0,0,final,muonsign,unit-gain,full,75,0.003400000000000002,66,0.002987915066536516,99.894,0.35609526433944705,93.93,,,14.543920606003667
final_muonsign_unit-gain_e75_fs0,0,final,muonsign,unit-gain,full,75,0.003400000000000002,67,0.0016878030517767184,99.956,0.35741424894332885,93.88,,,14.539231668000866
final_muonsign_unit-gain_e75_fs0,0,final,muonsign,unit-gain,full,75,0.003400000000000002,68,0.0019032986680604517,99.94,0.3653678237915039,93.83,,,14.551456476998283
final_muonsign_unit-gain_e75_fs0,0,final,muonsign,unit-gain,full,75,0.003400000000000002,69,0.0017303028057096526,99.94800000000001,0.36525243978500366,93.83,,,14.541834121999273
final_muonsign_unit-gain_e75_fs0,0,final,muonsign,unit-gain,full,75,0.003400000000000002,70,0.001499942278387025,99.966,0.3620579257965088,93.88,,,14.544438318000175
final_muonsign_unit-gain_e75_fs0,0,final,muonsign,unit-gain,full,75,0.003400000000000002,71,0.0015727085809595883,99.954,0.3637598070144653,93.81,,,14.534306613000808
final_muonsign_unit-gain_e75_fs0,0,final,muonsign,unit-gain,full,75,0.003400000000000002,72,0.0010187504724250174,99.97200000000001,0.36393214383125305,93.89999999999999,,,14.540461263997713
final_muonsign_unit-gain_e75_fs0,0,final,muonsign,unit-gain,full,75,0.003400000000000002,73,0.0009354074418719392,99.978,0.36723283109664917,93.92,,,14.53610490400024
final_muonsign_unit-gain_e75_fs0,0,final,muonsign,unit-gain,full,75,0.003400000000000002,74,0.0011391493113199248,99.97,0.3634539987564087,93.95,,,14.53320631999668
final_muonsign_unit-gain_e75_fs0,0,final,muonsign,unit-gain,full,75,0.003400000000000002,75,0.0008018415383552201,99.984,0.365741707611084,93.93,,,14.538055582001107
final_muonusign_mup_e75_fs0,0,final,muonusign,mup,full,75,0.15000000000000005,0,2.302811705932617,10.302,2.3027890270233153,10.38,,,
final_muonusign_mup_e75_fs0,0,final,muonusign,mup,full,75,0.15000000000000005,1,1.2512198331069946,54.738,0.7820765712738037,72.78999999999999,,,15.067259532006574
final_muonusign_mup_e75_fs0,0,final,muonusign,mup,full,75,0.15000000000000005,2,0.6639862593650818,76.942,0.680767990398407,77.16,,,14.42523579900444
final_muonusign_mup_e75_fs0,0,final,muonusign,mup,full,75,0.15000000000000005,3,0.49486677772521975,82.956,0.4514745086669922,84.21,,,14.436702171995421
final_muonusign_mup_e75_fs0,0,final,muonusign,mup,full,75,0.15000000000000005,4,0.40686370445251463,85.94800000000001,0.4290199803352356,85.56,,,14.433861092998995
final_muonusign_mup_e75_fs0,0,final,muonusign,mup,full,75,0.15000000000000005,5,0.33753994955062866,88.30799999999999,0.3685264981269836,87.7,,,14.443752833001781
final_muonusign_mup_e75_fs0,0,final,muonusign,mup,full,75,0.15000000000000005,6,0.29288032099723815,89.86800000000001,0.3664150780439377,88.03,,,14.450224681990221
final_muonusign_mup_e75_fs0,0,final,muonusign,mup,full,75,0.15000000000000005,7,0.25343345422267916,91.182,0.34262278747558594,88.83,,,14.454452160993242
final_muonusign_mup_e75_fs0,0,final,muonusign,mup,full,75,0.15000000000000005,8,0.22755602762460708,92.11200000000001,0.38063999614715577,88.29,,,14.449792544997763
final_muonusign_mup_e75_fs0,0,final,muonusign,mup,full,75,0.15000000000000005,9,0.20091049075603484,93.048,0.4668486561536789,85.49,,,14.443459428002825
final_muonusign_mup_e75_fs0,0,final,muonusign,mup,full,75,0.15000000000000005,10,0.1778782620239258,93.94200000000001,0.30839262413978574,90.32,,,14.445682012010366
final_muonusign_mup_e75_fs0,0,final,muonusign,mup,full,75,0.15000000000000005,11,0.15940760396003723,94.45400000000001,0.3049895817279816,90.75,,,14.444654356993851
final_muonusign_mup_e75_fs0,0,final,muonusign,mup,full,75,0.15000000000000005,12,0.14090818099975586,95.078,0.30264983158111575,91.14999999999999,,,14.44372401900182
final_muonusign_mup_e75_fs0,0,final,muonusign,mup,full,75,0.15000000000000005,13,0.1297585014295578,95.44,0.33287515020370484,90.12,,,14.438507933009532
final_muonusign_mup_e75_fs0,0,final,muonusign,mup,full,75,0.15000000000000005,14,0.11541511849880219,95.916,0.3105579048156738,91.03,,,14.431782343992381
final_muonusign_mup_e75_fs0,0,final,muonusign,mup,full,75,0.15000000000000005,15,0.10472359662413597,96.37,0.2986078724861145,91.38,,,14.434408388988231
final_muonusign_mup_e75_fs0,0,final,muonusign,mup,full,75,0.15000000000000005,16,0.09278221388816833,96.78999999999999,0.3323676193237305,91.36,,,14.425841839998611
final_muonusign_mup_e75_fs0,0,final,muonusign,mup,full,75,0.15000000000000005,17,0.08850841028332711,96.974,0.3314435712814331,91.44,,,14.433092407009099
final_muonusign_mup_e75_fs0,0,final,muonusign,mup,full,75,0.15000000000000005,18,0.07893410089969635,97.27799999999999,0.34160309009552003,91.19,,,14.437576583994087
final_muonusign_mup_e75_fs0,0,final,muonusign,mup,full,75,0.15000000000000005,19,0.07219495371103286,97.44,0.3330509540081024,91.49000000000001,,,14.434429215994896
final_muonusign_mup_e75_fs0,0,final,muonusign,mup,full,75,0.15000000000000005,20,0.06754421729445458,97.61800000000001,0.34836330285072326,91.66,,,14.436753731992212
final_muonusign_mup_e75_fs0,0,final,muonusign,mup,full,75,0.15000000000000005,21,0.06289898625254631,97.788,0.34088740015029906,91.86,,,14.436413539006026
final_muonusign_mup_e75_fs0,0,final,muonusign,mup,full,75,0.15000000000000005,22,0.05692363875031471,97.992,0.31790909147262575,92.42,,,14.435755533995689
final_muonusign_mup_e75_fs0,0,final,muonusign,mup,full,75,0.15000000000000005,23,0.052993051767349246,98.136,0.34496034574508666,92.02,,,14.437561006998294
final_muonusign_mup_e75_fs0,0,final,muonusign,mup,full,75,0.15000000000000005,24,0.04567469956934452,98.44000000000001,0.3515394694328308,92.24,,,14.446293731001788
final_muonusign_mup_e75_fs0,0,final,muonusign,mup,full,75,0.15000000000000005,25,0.042774855589419604,98.554,0.3534321996688843,92.39,,,14.438953058008337
final_muonusign_mup_e75_fs0,0,final,muonusign,mup,full,75,0.15000000000000005,26,0.04203555431902409,98.516,0.34694332752227786,92.31,,,14.441806065995479
final_muonusign_mup_e75_fs0,0,final,muonusign,mup,full,75,0.15000000000000005,27,0.03787277917981148,98.74000000000001,0.3499759046554565,92.4,,,14.440982265005005
final_muonusign_mup_e75_fs0,0,final,muonusign,mup,full,75,0.15000000000000005,28,0.037228756680190565,98.69,0.3490254662513733,92.30000000000001,,,14.437422485993011
final_muonusign_mup_e75_fs0,0,final,muonusign,mup,full,75,0.15000000000000005,29,0.03317514678746462,98.926,0.36514890489578244,91.94,,,14.440792697991128
final_muonusign_mup_e75_fs0,0,final,muonusign,mup,full,75,0.15000000000000005,30,0.030758128240406513,98.902,0.3713157564163208,92.34,,,14.432978757991805
final_muonusign_mup_e75_fs0,0,final,muonusign,mup,full,75,0.15000000000000005,31,0.028473682006001474,99.03800000000001,0.35352148642539977,92.57,,,14.436160350000137
final_muonusign_mup_e75_fs0,0,final,muonusign,mup,full,75,0.15000000000000005,32,0.026320789819657804,99.078,0.3542467855453491,92.67999999999999,,,14.434844184012036
final_muonusign_mup_e75_fs0,0,final,muonusign,mup,full,75,0.15000000000000005,33,0.02608328345641494,99.092,0.3814249666213989,92.47999999999999,,,14.433534916999633
final_muonusign_mup_e75_fs0,0,final,muonusign,mup,full,75,0.15000000000000005,34,0.02016001634567976,99.30600000000001,0.4174386731147766,92.41,,,14.439600873010932
final_muonusign_mup_e75_fs0,0,final,muonusign,mup,full,75,0.15000000000000005,35,0.022225408188700675,99.234,0.4035210034370422,92.52,,,14.436942093991092
final_muonusign_mup_e75_fs0,0,final,muonusign,mup,full,75,0.15000000000000005,36,0.018742281385958195,99.36399999999999,0.38501543502807617,92.75,,,14.438166642998112
final_muonusign_mup_e75_fs0,0,final,muonusign,mup,full,75,0.15000000000000005,37,0.017311038954705,99.404,0.4140206367492676,92.69,,,14.443419956995058
final_muonusign_mup_e75_fs0,0,final,muonusign,mup,full,75,0.15000000000000005,38,0.01542053110897541,99.48,0.40429872608184814,92.78999999999999,,,14.436274156003492
final_muonusign_mup_e75_fs0,0,final,muonusign,mup,full,75,0.15000000000000005,39,0.014850466124340891,99.504,0.43281944389343263,92.69,,,14.43622215600044
final_muonusign_mup_e75_fs0,0,final,muonusign,mup,full,75,0.15000000000000005,40,0.014344320606477558,99.496,0.4087495862007141,93.14,,,14.438443043007283
final_muonusign_mup_e75_fs0,0,final,muonusign,mup,full,75,0.15000000000000005,41,0.012665623258799314,99.572,0.437407497882843,92.78999999999999,,,14.434539866997511
final_muonusign_mup_e75_fs0,0,final,muonusign,mup,full,75,0.15000000000000005,42,0.010767543666064739,99.642,0.4263772578239441,92.7,,,14.431601189993671
final_muonusign_mup_e75_fs0,0,final,muonusign,mup,full,75,0.15000000000000005,43,0.011452031569294632,99.604,0.41935063042640686,92.86,,,14.432112151000183
final_muonusign_mup_e75_fs0,0,final,muonusign,mup,full,75,0.15000000000000005,44,0.00977742717206478,99.66000000000001,0.4113026653766632,92.91,,,14.434837509004865
final_muonusign_mup_e75_fs0,0,final,muonusign,mup,full,75,0.15000000000000005,45,0.008992317234277725,99.694,0.4180536588191986,93.10000000000001,,,14.431285784012289
final_muonusign_mup_e75_fs0,0,final,muonusign,mup,full,75,0.15000000000000005,46,0.007752935646250844,99.744,0.3997770233154297,93.16,,,14.4327463459922
final_muonusign_mup_e75_fs0,0,final,muonusign,mup,full,75,0.15000000000000005,47,0.006602044308753685,99.748,0.4141378610610962,93.17,,,14.435115303000202
final_muonusign_mup_e75_fs0,0,final,muonusign,mup,full,75,0.15000000000000005,48,0.006832676789788529,99.758,0.4213303761482239,93.16,,,14.433578770011081
final_muonusign_mup_e75_fs0,0,final,muonusign,mup,full,75,0.15000000000000005,49,0.005947024739412591,99.802,0.41822859005928037,93.13,,,14.432935342993005
final_muonusign_mup_e75_fs0,0,final,muonusign,mup,full,75,0.15000000000000005,50,0.004834921484561637,99.842,0.44397921090126036,93.32000000000001,,,14.43839958999888
final_muonusign_mup_e75_fs0,0,final,muonusign,mup,full,75,0.15000000000000005,51,0.004092100914558396,99.884,0.4304402910709381,93.36,,,14.435015483002644
final_muonusign_mup_e75_fs0,0,final,muonusign,mup,full,75,0.15000000000000005,52,0.0030704025124665348,99.902,0.44769622964859007,93.28999999999999,,,14.436896904007881
final_muonusign_mup_e75_fs0,0,final,muonusign,mup,full,75,0.15000000000000005,53,0.0032675569360284137,99.878,0.44240730600357053,93.2,,,14.441301838000072
final_muonusign_mup_e75_fs0,0,final,muonusign,mup,full,75,0.15000000000000005,54,0.0034949693755060435,99.868,0.43104819531440736,93.47999999999999,,,14.429582551994827
final_muonusign_mup_e75_fs0,0,final,muonusign,mup,full,75,0.15000000000000005,55,0.002358206740099122,99.91799999999999,0.4284471945405006,93.65,,,14.431461166997906
final_muonusign_mup_e75_fs0,0,final,muonusign,mup,full,75,0.15000000000000005,56,0.0027229354446777145,99.922,0.4243169648885727,93.65,,,14.433755338002811
final_muonusign_mup_e75_fs0,0,final,muonusign,mup,full,75,0.15000000000000005,57,0.001587555883579189,99.954,0.42600067555904386,93.67,,,14.437090822990285
final_muonusign_mup_e75_fs0,0,final,muonusign,mup,full,75,0.15000000000000005,58,0.0014247122093068902,99.958,0.429468733549118,93.58999999999999,,,14.43694992599194
final_muonusign_mup_e75_fs0,0,final,muonusign,mup,full,75,0.15000000000000005,59,0.0018708136363199447,99.95,0.43627358798980714,93.67999999999999,,,14.436890450990177
final_muonusign_mup_e75_fs0,0,final,muonusign,mup,full,75,0.15000000000000005,60,0.0011152152983722045,99.964,0.43736758403778075,93.76,,,14.435773812001571
final_muonusign_mup_e75_fs0,0,final,muonusign,mup,full,75,0.15000000000000005,61,0.0010666102112439693,99.97,0.4316402915477753,93.77,,,14.432748897001147
final_muonusign_mup_e75_fs0,0,final,muonusign,mup,full,75,0.15000000000000005,62,0.0011852916197030573,99.966,0.4336866971254349,93.99,,,14.436389084992697
final_muonusign_mup_e75_fs0,0,final,muonusign,mup,full,75,0.15000000000000005,63,0.000727111015568953,99.984,0.4293547914505005,93.93,,,14.438464268008829
final_muonusign_mup_e75_fs0,0,final,muonusign,mup,full,75,0.15000000000000005,64,0.000604944713676814,99.98599999999999,0.43363702883720395,93.92,,,14.43522714599385
final_muonusign_mup_e75_fs0,0,final,muonusign,mup,full,75,0.15000000000000005,65,0.0009367593496234621,99.97200000000001,0.43837040910720826,93.89999999999999,,,14.437499605992343
final_muonusign_mup_e75_fs0,0,final,muonusign,mup,full,75,0.15000000000000005,66,0.0006107558210389106,99.988,0.43475171110630034,93.76,,,14.436268780991668
final_muonusign_mup_e75_fs0,0,final,muonusign,mup,full,75,0.15000000000000005,67,0.0005624159036769561,99.99,0.42602913589477537,93.83,,,14.429408930009231
final_muonusign_mup_e75_fs0,0,final,muonusign,mup,full,75,0.15000000000000005,68,0.00039061245599761606,99.992,0.4301898863196373,93.89999999999999,,,14.436105600005249
final_muonusign_mup_e75_fs0,0,final,muonusign,mup,full,75,0.15000000000000005,69,0.0005019802516460185,99.99,0.43046054017543794,93.97,,,14.435639356001047
final_muonusign_mup_e75_fs0,0,final,muonusign,mup,full,75,0.15000000000000005,70,0.0003637274176478968,99.99,0.4271816481590271,93.97999999999999,,,14.432923214000766
final_muonusign_mup_e75_fs0,0,final,muonusign,mup,full,75,0.15000000000000005,71,0.0005234083844802808,99.984,0.42369884703159333,93.94,,,14.433692934995634
final_muonusign_mup_e75_fs0,0,final,muonusign,mup,full,75,0.15000000000000005,72,0.0003705733589993906,99.99,0.4270964136362076,93.94,,,14.439507617003983
final_muonusign_mup_e75_fs0,0,final,muonusign,mup,full,75,0.15000000000000005,73,0.0002854441907865112,99.994,0.42896804099082947,93.93,,,14.439798235005583
final_muonusign_mup_e75_fs0,0,final,muonusign,mup,full,75,0.15000000000000005,74,0.0001844875865225913,99.998,0.42634490296840666,93.97,,,14.426265450005303
final_muonusign_mup_e75_fs0,0,final,muonusign,mup,full,75,0.15000000000000005,75,0.0002878729259793181,99.992,0.4283146900177002,93.93,,,14.427622041999712
final_muonusign_unit-gain_e75_fs0,0,final,muonusign,unit-gain,full,75,0.006962383250419168,0,2.3028117181396484,10.302,2.3027890361785888,10.38,,,
final_muonusign_unit-gain_e75_fs0,0,final,muonusign,unit-gain,full,75,0.006962383250419168,1,1.1634405787277222,58.211999999999996,0.8305863392829895,71.74000000000001,,,15.144953214999987
final_muonusign_unit-gain_e75_fs0,0,final,muonusign,unit-gain,full,75,0.006962383250419168,2,0.6457652506828309,77.682,0.6419932756423951,78.7,,,14.520532312999421
final_muonusign_unit-gain_e75_fs0,0,final,muonusign,unit-gain,full,75,0.006962383250419168,3,0.501413216495514,82.67999999999999,0.5027956309795379,82.76,,,14.532792598001834
final_muonusign_unit-gain_e75_fs0,0,final,muonusign,unit-gain,full,75,0.006962383250419168,4,0.43258131223678586,85.11999999999999,0.450559091424942,85.04,,,14.538606351001363
final_muonusign_unit-gain_e75_fs0,0,final,muonusign,unit-gain,full,75,0.006962383250419168,5,0.3790942572402954,87.05199999999999,0.41276249418258665,86.1,,,14.54334097699757
final_muonusign_unit-gain_e75_fs0,0,final,muonusign,unit-gain,full,75,0.006962383250419168,6,0.34892307723522187,88.058,0.4056588129043579,86.35000000000001,,,14.537705262999225
final_muonusign_unit-gain_e75_fs0,0,final,muonusign,unit-gain,full,75,0.006962383250419168,7,0.31862347798347473,88.93799999999999,0.37782794990539553,87.42,,,14.53469274300005
final_muonusign_unit-gain_e75_fs0,0,final,muonusign,unit-gain,full,75,0.006962383250419168,8,0.2956279012775421,89.79,0.48412243156433105,85.06,,,14.530434943997534
final_muonusign_unit-gain_e75_fs0,0,final,muonusign,unit-gain,full,75,0.006962383250419168,9,0.27929308262825014,90.512,0.44732335863113404,85.38,,,14.529791670000122
final_muonusign_unit-gain_e75_fs0,0,final,muonusign,unit-gain,full,75,0.006962383250419168,10,0.2668617941951752,90.912,0.36027879009246827,88.0,,,14.531797568997717
final_muonusign_unit-gain_e75_fs0,0,final,muonusign,unit-gain,full,75,0.006962383250419168,11,0.24819216547966003,91.444,0.33656399993896485,89.28,,,14.524738469001022
final_muonusign_unit-gain_e75_fs0,0,final,muonusign,unit-gain,full,75,0.006962383250419168,12,0.23669835843086243,91.86999999999999,0.37701597986221314,88.31,,,14.506576488995051
final_muonusign_unit-gain_e75_fs0,0,final,muonusign,unit-gain,full,75,0.006962383250419168,13,0.22728248544692994,92.22200000000001,0.3447846190214157,89.33,,,14.496513288999267
final_muonusign_unit-gain_e75_fs0,0,final,muonusign,unit-gain,full,75,0.006962383250419168,14,0.21443607656478883,92.62599999999999,0.3666177717208862,88.4,,,14.507999018998817
final_muonusign_unit-gain_e75_fs0,0,final,muonusign,unit-gain,full,75,0.006962383250419168,15,0.20413304854393005,93.02,0.3162923501491547,90.16,,,14.501282029996219
final_muonusign_unit-gain_e75_fs0,0,final,muonusign,unit-gain,full,75,0.006962383250419168,16,0.19766002193927765,93.112,0.32492776918411254,90.36999999999999,,,14.501415540995367
final_muonusign_unit-gain_e75_fs0,0,final,muonusign,unit-gain,full,75,0.006962383250419168,17,0.19072165794849397,93.47800000000001,0.33910617547035216,89.77000000000001,,,14.49617345599836
final_muonusign_unit-gain_e75_fs0,0,final,muonusign,unit-gain,full,75,0.006962383250419168,18,0.1845084058189392,93.634,0.3364371370792389,89.59,,,14.48891819200071
final_muonusign_unit-gain_e75_fs0,0,final,muonusign,unit-gain,full,75,0.006962383250419168,19,0.17215537266254424,93.996,0.3012218719959259,90.59,,,14.487379383004736
final_muonusign_unit-gain_e75_fs0,0,final,muonusign,unit-gain,full,75,0.006962383250419168,20,0.16717030197143554,94.218,0.3002804428577423,90.9,,,14.49120984000183
final_muonusign_unit-gain_e75_fs0,0,final,muonusign,unit-gain,full,75,0.006962383250419168,21,0.15543775824546813,94.58,0.30914793710708616,90.77,,,14.4846350440057
final_muonusign_unit-gain_e75_fs0,0,final,muonusign,unit-gain,full,75,0.006962383250419168,22,0.1535323900794983,94.736,0.3312548288553953,90.33,,,14.50080565099779
final_muonusign_unit-gain_e75_fs0,0,final,muonusign,unit-gain,full,75,0.006962383250419168,23,0.1449841107940674,94.966,0.29388344224691393,91.22,,,14.490459638000175
final_muonusign_unit-gain_e75_fs0,0,final,muonusign,unit-gain,full,75,0.006962383250419168,24,0.13725668841838837,95.27,0.29976265416145326,91.25999999999999,,,14.483797551998578
final_muonusign_unit-gain_e75_fs0,0,final,muonusign,unit-gain,full,75,0.006962383250419168,25,0.1305316876721382,95.392,0.3465379693508148,90.41,,,14.485357249002845
final_muonusign_unit-gain_e75_fs0,0,final,muonusign,unit-gain,full,75,0.006962383250419168,26,0.12673073354959488,95.626,0.3089294759750366,91.47,,,14.476572403000318
final_muonusign_unit-gain_e75_fs0,0,final,muonusign,unit-gain,full,75,0.006962383250419168,27,0.12399288343429565,95.748,0.31627941074371335,91.07,,,14.480258058007166
final_muonusign_unit-gain_e75_fs0,0,final,muonusign,unit-gain,full,75,0.006962383250419168,28,0.11915845312833787,95.948,0.31457815256118776,91.09,,,14.476294078005594
final_muonusign_unit-gain_e75_fs0,0,final,muonusign,unit-gain,full,75,0.006962383250419168,29,0.11350748787403106,96.082,0.31842528886795046,91.16,,,14.476755085997866
final_muonusign_unit-gain_e75_fs0,0,final,muonusign,unit-gain,full,75,0.006962383250419168,30,0.1037838590836525,96.43599999999999,0.3519843680381775,90.93,,,14.471756696999364
final_muonusign_unit-gain_e75_fs0,0,final,muonusign,unit-gain,full,75,0.006962383250419168,31,0.10161328289985656,96.452,0.30514031801223757,91.61,,,14.480218356999103
final_muonusign_unit-gain_e75_fs0,0,final,muonusign,unit-gain,full,75,0.006962383250419168,32,0.09472963356018066,96.646,0.31262561960220336,91.53,,,14.476300777001597
final_muonusign_unit-gain_e75_fs0,0,final,muonusign,unit-gain,full,75,0.006962383250419168,33,0.09148758432149887,96.894,0.3197553621292114,91.60000000000001,,,14.490458953994676
final_muonusign_unit-gain_e75_fs0,0,final,muonusign,unit-gain,full,75,0.006962383250419168,34,0.08531128055334092,97.086,0.31607336454391477,91.97999999999999,,,14.471908302999509
final_muonusign_unit-gain_e75_fs0,0,final,muonusign,unit-gain,full,75,0.006962383250419168,35,0.08355702763080597,97.086,0.306010938835144,91.95,,,14.474116838006012
final_muonusign_unit-gain_e75_fs0,0,final,muonusign,unit-gain,full,75,0.006962383250419168,36,0.0763145972776413,97.406,0.30790023021698,92.19000000000001,,,14.474925073001941
final_muonusign_unit-gain_e75_fs0,0,final,muonusign,unit-gain,full,75,0.006962383250419168,37,0.07134618329405784,97.548,0.3164116894721985,92.01,,,14.472065849993669
final_muonusign_unit-gain_e75_fs0,0,final,muonusign,unit-gain,full,75,0.006962383250419168,38,0.06931059738874436,97.626,0.3369928460597992,92.0,,,14.474553865002235
final_muonusign_unit-gain_e75_fs0,0,final,muonusign,unit-gain,full,75,0.006962383250419168,39,0.06324022451043129,97.84,0.3189591780662537,92.29,,,14.47475086000486
final_muonusign_unit-gain_e75_fs0,0,final,muonusign,unit-gain,full,75,0.006962383250419168,40,0.062117278146743775,97.914,0.3201196578502655,92.38,,,14.463814991999243
final_muonusign_unit-gain_e75_fs0,0,final,muonusign,unit-gain,full,75,0.006962383250419168,41,0.05850366217494011,97.944,0.3428830196380615,91.85,,,14.471373011998367
final_muonusign_unit-gain_e75_fs0,0,final,muonusign,unit-gain,full,75,0.006962383250419168,42,0.05467435436010361,98.14399999999999,0.31027636728286745,92.69,,,14.472544466996624
final_muonusign_unit-gain_e75_fs0,0,final,muonusign,unit-gain,full,75,0.006962383250419168,43,0.04946085361719132,98.294,0.32642456893920896,92.55,,,14.475223499001004
final_muonusign_unit-gain_e75_fs0,0,final,muonusign,unit-gain,full,75,0.006962383250419168,44,0.045863725437521936,98.368,0.31758973336219787,92.77,,,14.470375486002013
final_muonusign_unit-gain_e75_fs0,0,final,muonusign,unit-gain,full,75,0.006962383250419168,45,0.04151878583475947,98.538,0.350918855381012,92.53,,,14.46916555200005
final_muonusign_unit-gain_e75_fs0,0,final,muonusign,unit-gain,full,75,0.006962383250419168,46,0.040538537184000016,98.578,0.3172578519821167,92.9,,,14.467470837000292
final_muonusign_unit-gain_e75_fs0,0,final,muonusign,unit-gain,full,75,0.006962383250419168,47,0.03834848146826029,98.70400000000001,0.33282796783447266,92.82000000000001,,,14.465258814001572
final_muonusign_unit-gain_e75_fs0,0,final,muonusign,unit-gain,full,75,0.006962383250419168,48,0.03344508190214634,98.836,0.34062504444122316,92.95,,,14.464082369006064
final_muonusign_unit-gain_e75_fs0,0,final,muonusign,unit-gain,full,75,0.006962383250419168,49,0.03074940398424864,98.97,0.33839324312210084,92.86999999999999,,,14.471467356997891
final_muonusign_unit-gain_e75_fs0,0,final,muonusign,unit-gain,full,75,0.006962383250419168,50,0.030292474725842476,98.98400000000001,0.36534095087051394,92.47999999999999,,,14.468333959004667
final_muonusign_unit-gain_e75_fs0,0,final,muonusign,unit-gain,full,75,0.006962383250419168,51,0.027917005111575126,99.078,0.34600579795837405,92.78999999999999,,,14.467344931996195
final_muonusign_unit-gain_e75_fs0,0,final,muonusign,unit-gain,full,75,0.006962383250419168,52,0.022918813116550446,99.248,0.34419406743049624,93.03,,,14.480735291006567
final_muonusign_unit-gain_e75_fs0,0,final,muonusign,unit-gain,full,75,0.006962383250419168,53,0.02120896742641926,99.28200000000001,0.36168461837768556,92.73,,,14.468857937004941
final_muonusign_unit-gain_e75_fs0,0,final,muonusign,unit-gain,full,75,0.006962383250419168,54,0.019548190165758133,99.378,0.3543949849128723,93.06,,,14.48083352699905
final_muonusign_unit-gain_e75_fs0,0,final,muonusign,unit-gain,full,75,0.006962383250419168,55,0.016903099888190627,99.408,0.3585330144405365,93.08,,,14.463919980000355
final_muonusign_unit-gain_e75_fs0,0,final,muonusign,unit-gain,full,75,0.006962383250419168,56,0.015259240978956222,99.494,0.35802407789230345,93.32000000000001,,,14.468084002000978
final_muonusign_unit-gain_e75_fs0,0,final,muonusign,unit-gain,full,75,0.006962383250419168,57,0.012025196834616362,99.574,0.3554450160980225,93.32000000000001,,,14.464455226996506
final_muonusign_unit-gain_e75_fs0,0,final,muonusign,unit-gain,full,75,0.006962383250419168,58,0.012224040936827659,99.572,0.3778866169452667,93.07,,,14.466607512993505
final_muonusign_unit-gain_e75_fs0,0,final,muonusign,unit-gain,full,75,0.006962383250419168,59,0.01079127819493413,99.602,0.3606119507789612,93.36,,,14.470134619004966
final_muonusign_unit-gain_e75_fs0,0,final,muonusign,unit-gain,full,75,0.006962383250419168,60,0.00847683006895706,99.696,0.3706330165863037,93.39,,,14.474115466000512
final_muonusign_unit-gain_e75_fs0,0,final,muonusign,unit-gain,full,75,0.006962383250419168,61,0.007696643203897402,99.774,0.3822140411376953,93.16,,,14.45822315300029
final_muonusign_unit-gain_e75_fs0,0,final,muonusign,unit-gain,full,75,0.006962383250419168,62,0.006784329882990569,99.78200000000001,0.3657125599861145,93.5,,,14.450943588999507
final_muonusign_unit-gain_e75_fs0,0,final,muonusign,unit-gain,full,75,0.006962383250419168,63,0.006455567652266472,99.79,0.3742509494781494,93.36,,,14.452218915997946
final_muonusign_unit-gain_e75_fs0,0,final,muonusign,unit-gain,full,75,0.006962383250419168,64,0.003891040385598317,99.892,0.37287909650802614,93.45,,,14.467999346001307
final_muonusign_unit-gain_e75_fs0,0,final,muonusign,unit-gain,full,75,0.006962383250419168,65,0.004611656033154577,99.854,0.39213952646255495,93.39,,,14.451648790003674
final_muonusign_unit-gain_e75_fs0,0,final,muonusign,unit-gain,full,75,0.006962383250419168,66,0.0036174331103963776,99.884,0.36235337715148924,93.67,,,14.452544236999529
final_muonusign_unit-gain_e75_fs0,0,final,muonusign,unit-gain,full,75,0.006962383250419168,67,0.0028402894790843128,99.91600000000001,0.3672356506347656,93.71000000000001,,,14.452862834994448
final_muonusign_unit-gain_e75_fs0,0,final,muonusign,unit-gain,full,75,0.006962383250419168,68,0.0022988075661007313,99.92999999999999,0.3803091720581055,93.60000000000001,,,14.457973001000937
final_muonusign_unit-gain_e75_fs0,0,final,muonusign,unit-gain,full,75,0.006962383250419168,69,0.00225052183998283,99.924,0.37458233404159547,93.67,,,14.45583062300284
final_muonusign_unit-gain_e75_fs0,0,final,muonusign,unit-gain,full,75,0.006962383250419168,70,0.00233147718438413,99.936,0.3804302522659302,93.62,,,14.460367368003062
final_muonusign_unit-gain_e75_fs0,0,final,muonusign,unit-gain,full,75,0.006962383250419168,71,0.0021902216345071794,99.934,0.376640508556366,93.58999999999999,,,14.457041176996427
final_muonusign_unit-gain_e75_fs0,0,final,muonusign,unit-gain,full,75,0.006962383250419168,72,0.0015801322410232388,99.958,0.37854848432540894,93.67999999999999,,,14.453430959998514
final_muonusign_unit-gain_e75_fs0,0,final,muonusign,unit-gain,full,75,0.006962383250419168,73,0.0016511876918422058,99.956,0.3826617667198181,93.73,,,14.450717527004599
final_muonusign_unit-gain_e75_fs0,0,final,muonusign,unit-gain,full,75,0.006962383250419168,74,0.0013857337799668312,99.964,0.37873527336120605,93.7,,,14.454679360998853
final_muonusign_unit-gain_e75_fs0,0,final,muonusign,unit-gain,full,75,0.006962383250419168,75,0.001378832041628193,99.966,0.3820116435050964,93.7,,,14.454251224000473
final_sgd_mup_e75_fs0,0,final,sgd,mup,full,75,0.03231652035047826,0,2.302811705932617,10.302,2.3027890270233153,10.38,,,
final_sgd_mup_e75_fs0,0,final,sgd,mup,full,75,0.03231652035047826,1,1.4452325275802613,47.464,1.1267409934997559,59.5,,,12.734687845004373
final_sgd_mup_e75_fs0,0,final,sgd,mup,full,75,0.03231652035047826,2,0.9430210901069641,66.684,0.9161495742797852,68.55,,,12.179591396008618
final_sgd_mup_e75_fs0,0,final,sgd,mup,full,75,0.03231652035047826,3,0.727242081451416,74.562,1.0101378997802735,68.4,,,12.187320491997525
final_sgd_mup_e75_fs0,0,final,sgd,mup,full,75,0.03231652035047826,4,0.6050827672004699,79.032,0.6468005710601806,78.35,,,12.197999885989702
final_sgd_mup_e75_fs0,0,final,sgd,mup,full,75,0.03231652035047826,5,0.519159882106781,81.89800000000001,0.5585532364368438,81.11,,,12.200652654995793
final_sgd_mup_e75_fs0,0,final,sgd,mup,full,75,0.03231652035047826,6,0.4634589624595642,83.91199999999999,0.5286660112380982,82.21000000000001,,,12.205352811986813
final_sgd_mup_e75_fs0,0,final,sgd,mup,full,75,0.03231652035047826,7,0.4174769383239746,85.446,0.45867105135917663,84.83000000000001,,,12.20047489600256
final_sgd_mup_e75_fs0,0,final,sgd,mup,full,75,0.03231652035047826,8,0.37706258711814883,86.92,0.46279081630706786,84.67,,,12.204832504998194
final_sgd_mup_e75_fs0,0,final,sgd,mup,full,75,0.03231652035047826,9,0.3432887358760834,88.006,0.4470195613861084,84.96000000000001,,,12.20082733601157
final_sgd_mup_e75_fs0,0,final,sgd,mup,full,75,0.03231652035047826,10,0.3179745295810699,89.0,0.38862435973882675,87.42999999999999,,,12.1946194810007
final_sgd_mup_e75_fs0,0,final,sgd,mup,full,75,0.03231652035047826,11,0.2899196023082733,89.904,0.4068327525615692,86.67,,,12.192007943987846
final_sgd_mup_e75_fs0,0,final,sgd,mup,full,75,0.03231652035047826,12,0.2647134892749786,90.704,0.4078548685073852,87.29,,,12.1913656550023
final_sgd_mup_e75_fs0,0,final,sgd,mup,full,75,0.03231652035047826,13,0.24621678626537322,91.362,0.3969965740680695,87.64,,,12.186121348000597
final_sgd_mup_e75_fs0,0,final,sgd,mup,full,75,0.03231652035047826,14,0.2236254233932495,92.084,0.3724423891067505,88.53999999999999,,,12.18207539001014
final_sgd_mup_e75_fs0,0,final,sgd,mup,full,75,0.03231652035047826,15,0.2062327152633667,92.854,0.36079124095439913,88.62,,,12.183054390989128
final_sgd_mup_e75_fs0,0,final,sgd,mup,full,75,0.03231652035047826,16,0.1892796564245224,93.414,0.42041688089370727,87.56,,,12.185044980011298
final_sgd_mup_e75_fs0,0,final,sgd,mup,full,75,0.03231652035047826,17,0.18252436144828796,93.61,0.347105172920227,89.29,,,12.185145899988129
final_sgd_mup_e75_fs0,0,final,sgd,mup,full,75,0.03231652035047826,18,0.1664456992816925,94.1,0.3570032253265381,89.59,,,12.176189274992794
final_sgd_mup_e75_fs0,0,final,sgd,mup,full,75,0.03231652035047826,19,0.15076208179473877,94.714,0.3452346043467522,89.58,,,12.179608072998235
final_sgd_mup_e75_fs0,0,final,sgd,mup,full,75,0.03231652035047826,20,0.1430190152692795,94.964,0.3667624581336975,89.92,,,12.1763765670039
final_sgd_mup_e75_fs0,0,final,sgd,mup,full,75,0.03231652035047826,21,0.12810961134433746,95.404,0.3635975672841072,89.60000000000001,,,12.17857250700763
final_sgd_mup_e75_fs0,0,final,sgd,mup,full,75,0.03231652035047826,22,0.12006443121433258,95.78,0.33908264112472536,90.16,,,12.175875786997494
final_sgd_mup_e75_fs0,0,final,sgd,mup,full,75,0.03231652035047826,23,0.11223225691318511,96.038,0.345131622171402,90.56,,,12.171598901011748
final_sgd_mup_e75_fs0,0,final,sgd,mup,full,75,0.03231652035047826,24,0.0981833889913559,96.55,0.36693957577943803,90.14999999999999,,,12.17957748399931
final_sgd_mup_e75_fs0,0,final,sgd,mup,full,75,0.03231652035047826,25,0.09549344276666641,96.732,0.39620151888132094,89.8,,,12.172727482000482
final_sgd_mup_e75_fs0,0,final,sgd,mup,full,75,0.03231652035047826,26,0.07994708997726441,97.152,0.4092203469157219,90.34,,,12.178100777993677
final_sgd_mup_e75_fs0,0,final,sgd,mup,full,75,0.03231652035047826,27,0.07854408066153526,97.196,0.37351390283107755,90.91,,,12.182197827991331
final_sgd_mup_e75_fs0,0,final,sgd,mup,full,75,0.03231652035047826,28,0.07319589530706405,97.382,0.37103482666015625,90.85,,,12.18271924900182
final_sgd_mup_e75_fs0,0,final,sgd,mup,full,75,0.03231652035047826,29,0.0683832198870182,97.624,0.3644594088792801,91.03,,,12.178820390006877
final_sgd_mup_e75_fs0,0,final,sgd,mup,full,75,0.03231652035047826,30,0.057356455358266833,97.914,0.39694204950407147,90.9,,,12.181938038993394
final_sgd_mup_e75_fs0,0,final,sgd,mup,full,75,0.03231652035047826,31,0.0524980886232853,98.136,0.42450868521630764,90.74,,,12.181204585998785
final_sgd_mup_e75_fs0,0,final,sgd,mup,full,75,0.03231652035047826,32,0.04932465935528278,98.258,0.40532864768505095,90.88000000000001,,,12.195449140999699
final_sgd_mup_e75_fs0,0,final,sgd,mup,full,75,0.03231652035047826,33,0.04654342856049538,98.30600000000001,0.40945989665985105,91.19,,,12.184816976994625
final_sgd_mup_e75_fs0,0,final,sgd,mup,full,75,0.03231652035047826,34,0.04100400573849678,98.494,0.4075663859382272,91.60000000000001,,,12.179743134009186
final_sgd_mup_e75_fs0,0,final,sgd,mup,full,75,0.03231652035047826,35,0.03688174598634243,98.7,0.3978152131080627,91.38,,,12.17858530000376
final_sgd_mup_e75_fs0,0,final,sgd,mup,full,75,0.03231652035047826,36,0.03244863642811775,98.834,0.42120765240192415,91.67,,,12.176092501002131
final_sgd_mup_e75_fs0,0,final,sgd,mup,full,75,0.03231652035047826,37,0.0297269403976202,98.934,0.4008404046833515,91.75999999999999,,,12.182318331993883
final_sgd_mup_e75_fs0,0,final,sgd,mup,full,75,0.03231652035047826,38,0.027793498818427326,99.024,0.4337705348730087,91.85,,,12.186852836995968
final_sgd_mup_e75_fs0,0,final,sgd,mup,full,75,0.03231652035047826,39,0.023020154357850552,99.21600000000001,0.40836938648223875,92.16,,,12.174508344993228
final_sgd_mup_e75_fs0,0,final,sgd,mup,full,75,0.03231652035047826,40,0.021523045379519462,99.238,0.4309005024373531,92.06,,,12.17844151299505
final_sgd_mup_e75_fs0,0,final,sgd,mup,full,75,0.03231652035047826,41,0.021881530794203283,99.248,0.4092250084400177,92.22,,,12.183852785005001
final_sgd_mup_e75_fs0,0,final,sgd,mup,full,75,0.03231652035047826,42,0.017602646889835597,99.37,0.4276440191566944,92.32000000000001,,,12.181120298992028
final_sgd_mup_e75_fs0,0,final,sgd,mup,full,75,0.03231652035047826,43,0.01748098132379353,99.41799999999999,0.43068657932281496,92.21000000000001,,,12.178035304998048
final_sgd_mup_e75_fs0,0,final,sgd,mup,full,75,0.03231652035047826,44,0.012951614304110407,99.554,0.43173430163264276,92.39,,,12.177993226010585
final_sgd_mup_e75_fs0,0,final,sgd,mup,full,75,0.03231652035047826,45,0.010934242031406612,99.626,0.4053811976671219,92.58,,,12.180182480995427
final_sgd_mup_e75_fs0,0,final,sgd,mup,full,75,0.03231652035047826,46,0.009507652965188027,99.684,0.4344456137895584,92.58999999999999,,,12.178416420996655
final_sgd_mup_e75_fs0,0,final,sgd,mup,full,75,0.03231652035047826,47,0.010032501313723624,99.666,0.427593001127243,92.74,,,12.181727736009634
final_sgd_mup_e75_fs0,0,final,sgd,mup,full,75,0.03231652035047826,48,0.009252916432730853,99.698,0.41512740167975426,92.46,,,12.184093279996887
final_sgd_mup_e75_fs0,0,final,sgd,mup,full,75,0.03231652035047826,49,0.006759001733139158,99.768,0.444768847489357,92.67999999999999,,,12.176882975996705
final_sgd_mup_e75_fs0,0,final,sgd,mup,full,75,0.03231652035047826,50,0.008110364335756749,99.722,0.4263199040547013,92.75999999999999,,,12.180366151005728
final_sgd_mup_e75_fs0,0,final,sgd,mup,full,75,0.03231652035047826,51,0.0069326122544147075,99.754,0.4344255590438843,92.93,,,12.172754395010998
final_sgd_mup_e75_fs0,0,final,sgd,mup,full,75,0.03231652035047826,52,0.004864093164242804,99.83999999999999,0.43123061629533765,92.9,,,12.173061854991829
final_sgd_mup_e75_fs0,0,final,sgd,mup,full,75,0.03231652035047826,53,0.004611997353183106,99.848,0.43871294541358946,92.99,,,12.175255543988897
final_sgd_mup_e75_fs0,0,final,sgd,mup,full,75,0.03231652035047826,54,0.004008729339460842,99.862,0.44164711488485336,92.83,,,12.173436857003253
final_sgd_mup_e75_fs0,0,final,sgd,mup,full,75,0.03231652035047826,55,0.003735135842966847,99.884,0.4393018046379089,93.02,,,12.174862072002725
final_sgd_mup_e75_fs0,0,final,sgd,mup,full,75,0.03231652035047826,56,0.003684274410996586,99.872,0.4414562590479851,93.23,,,12.182286119001219
final_sgd_mup_e75_fs0,0,final,sgd,mup,full,75,0.03231652035047826,57,0.0029942117820726706,99.898,0.44579981608390806,93.08999999999999,,,12.172778293999727
final_sgd_mup_e75_fs0,0,final,sgd,mup,full,75,0.03231652035047826,58,0.002163710417896509,99.934,0.4357537267446518,93.07,,,12.166062737000175
final_sgd_mup_e75_fs0,0,final,sgd,mup,full,75,0.03231652035047826,59,0.002678561213724315,99.92,0.4408980865240097,93.02,,,12.181300540993107
final_sgd_mup_e75_fs0,0,final,sgd,mup,full,75,0.03231652035047826,60,0.0024719500778801738,99.938,0.45103554347157476,92.99,,,12.169787446997361
final_sgd_mup_e75_fs0,0,final,sgd,mup,full,75,0.03231652035047826,61,0.002349264383688569,99.924,0.4448956505060196,93.14,,,12.175712377997115
final_sgd_mup_e75_fs0,0,final,sgd,mup,full,75,0.03231652035047826,62,0.002053095720252022,99.934,0.44045973588228227,93.08999999999999,,,12.174575052005821
final_sgd_mup_e75_fs0,0,final,sgd,mup,full,75,0.03231652035047826,63,0.002169527883370174,99.936,0.4499736516237259,92.97999999999999,,,12.177755216995138
final_sgd_mup_e75_fs0,0,final,sgd,mup,full,75,0.03231652035047826,64,0.00199576548559824,99.942,0.44672344373464584,93.02,,,12.17465544299921
final_sgd_mup_e75_fs0,0,final,sgd,mup,full,75,0.03231652035047826,65,0.0012194381553307175,99.98,0.4529387754321098,92.95,,,12.168643867000355
final_sgd_mup_e75_fs0,0,final,sgd,mup,full,75,0.03231652035047826,66,0.0019363801106670872,99.936,0.45240948576927187,93.08,,,12.180485662000137
final_sgd_mup_e75_fs0,0,final,sgd,mup,full,75,0.03231652035047826,67,0.0017902418428240344,99.932,0.4422073704957962,93.06,,,12.175823355995817
final_sgd_mup_e75_fs0,0,final,sgd,mup,full,75,0.03231652035047826,68,0.0015146496601402759,99.964,0.4461490095376968,93.06,,,12.180555278988322
final_sgd_mup_e75_fs0,0,final,sgd,mup,full,75,0.03231652035047826,69,0.0014756145846936853,99.96000000000001,0.4465044546484947,93.11,,,12.18505267900764
final_sgd_mup_e75_fs0,0,final,sgd,mup,full,75,0.03231652035047826,70,0.0013605692286253906,99.966,0.4443334886670113,93.24,,,12.182867990995874
final_sgd_mup_e75_fs0,0,final,sgd,mup,full,75,0.03231652035047826,71,0.001538712915215292,99.952,0.44566708588600157,93.10000000000001,,,12.184279599998263
final_sgd_mup_e75_fs0,0,final,sgd,mup,full,75,0.03231652035047826,72,0.0013712856619851664,99.958,0.45028210601210594,93.11,,,12.186044664005749
final_sgd_mup_e75_fs0,0,final,sgd,mup,full,75,0.03231652035047826,73,0.0013463276889367263,99.96199999999999,0.44889807707071305,93.11,,,12.180058290992747
final_sgd_mup_e75_fs0,0,final,sgd,mup,full,75,0.03231652035047826,74,0.0014280762931099162,99.958,0.4476166756868362,93.12,,,12.180898206002894
final_sgd_mup_e75_fs0,0,final,sgd,mup,full,75,0.03231652035047826,75,0.0012947906034695917,99.964,0.45189452502727506,93.11,,,12.176764482996077
final_sgd_unit-gain_e75_fs0,0,final,sgd,unit-gain,full,75,0.03231652035047826,0,2.302811705932617,10.302,2.3027890270233153,10.38,,,
final_sgd_unit-gain_e75_fs0,0,final,sgd,unit-gain,full,75,0.03231652035047826,1,1.4407988910102845,47.366,1.173768086719513,58.440000000000005,,,12.859752074000426
final_sgd_unit-gain_e75_fs0,0,final,sgd,unit-gain,full,75,0.03231652035047826,2,0.9452189463615418,66.618,0.9079327547073365,68.33,,,12.313689955000882
final_sgd_unit-gain_e75_fs0,0,final,sgd,unit-gain,full,75,0.03231652035047826,3,0.7289781008338928,74.456,0.9468850504875184,69.6,,,12.321481835999293
final_sgd_unit-gain_e75_fs0,0,final,sgd,unit-gain,full,75,0.03231652035047826,4,0.6099262435531616,78.968,0.6821138013839722,77.49000000000001,,,12.330806226003915
final_sgd_unit-gain_e75_fs0,0,final,sgd,unit-gain,full,75,0.03231652035047826,5,0.5345025035858154,81.44200000000001,0.5783730173110961,81.15,,,12.328566447999037
final_sgd_unit-gain_e75_fs0,0,final,sgd,unit-gain,full,75,0.03231652035047826,6,0.4826106022644043,83.372,0.5477183353424072,81.51,,,12.332752427995729
final_sgd_unit-gain_e75_fs0,0,final,sgd,unit-gain,full,75,0.03231652035047826,7,0.4412626052379608,84.544,0.57030465092659,82.13000000000001,,,12.330808480000996
final_sgd_unit-gain_e75_fs0,0,final,sgd,unit-gain,full,75,0.03231652035047826,8,0.4051113903999329,86.044,0.46267889194488526,84.56,,,12.343847500997072
final_sgd_unit-gain_e75_fs0,0,final,sgd,unit-gain,full,75,0.03231652035047826,9,0.37902395387649535,87.06,0.5382022332191467,82.54,,,12.330569243000355
final_sgd_unit-gain_e75_fs0,0,final,sgd,unit-gain,full,75,0.03231652035047826,10,0.3542660665225983,87.798,0.4223167219638824,86.05000000000001,,,12.32627539600071
final_sgd_unit-gain_e75_fs0,0,final,sgd,unit-gain,full,75,0.03231652035047826,11,0.3319889733505249,88.498,0.47058241510391235,84.75,,,12.325464986999577
final_sgd_unit-gain_e75_fs0,0,final,sgd,unit-gain,full,75,0.03231652035047826,12,0.3119426790523529,89.16,0.4676225930213928,84.65,,,12.323221057995397
final_sgd_unit-gain_e75_fs0,0,final,sgd,unit-gain,full,75,0.03231652035047826,13,0.2948804918479919,89.68,0.4730708622932434,85.18,,,12.31854272900091
final_sgd_unit-gain_e75_fs0,0,final,sgd,unit-gain,full,75,0.03231652035047826,14,0.27710002681732177,90.384,0.3804811805725098,88.09,,,12.319710871997813
final_sgd_unit-gain_e75_fs0,0,final,sgd,unit-gain,full,75,0.03231652035047826,15,0.2640499776363373,90.86800000000001,0.5032030460834503,84.5,,,12.318153691994667
final_sgd_unit-gain_e75_fs0,0,final,sgd,unit-gain,full,75,0.03231652035047826,16,0.25331079752445224,91.204,0.4696504343986511,85.89,,,12.316032644004736
final_sgd_unit-gain_e75_fs0,0,final,sgd,unit-gain,full,75,0.03231652035047826,17,0.2458101535987854,91.456,0.3794573215007782,87.85,,,12.316602434999368
final_sgd_unit-gain_e75_fs0,0,final,sgd,unit-gain,full,75,0.03231652035047826,18,0.23162263681411743,92.014,0.41488648691177366,87.1,,,12.311347526003374
final_sgd_unit-gain_e75_fs0,0,final,sgd,unit-gain,full,75,0.03231652035047826,19,0.2158262522315979,92.508,0.3336016270160675,89.60000000000001,,,12.31601489699824
final_sgd_unit-gain_e75_fs0,0,final,sgd,unit-gain,full,75,0.03231652035047826,20,0.20742765727043153,92.74,0.42340303859710693,87.09,,,12.307649358001072
final_sgd_unit-gain_e75_fs0,0,final,sgd,unit-gain,full,75,0.03231652035047826,21,0.20121634967803956,92.94200000000001,0.3121161759853363,90.35,,,12.304845079997904
final_sgd_unit-gain_e75_fs0,0,final,sgd,unit-gain,full,75,0.03231652035047826,22,0.19349194428443908,93.292,0.37937977209091184,88.18,,,12.305329101000098
final_sgd_unit-gain_e75_fs0,0,final,sgd,unit-gain,full,75,0.03231652035047826,23,0.17900099648475648,93.762,0.34425446405410765,89.51,,,12.302453871998296
final_sgd_unit-gain_e75_fs0,0,final,sgd,unit-gain,full,75,0.03231652035047826,24,0.17355868547439576,93.94200000000001,0.3487220377445221,89.84,,,12.3127127129992
final_sgd_unit-gain_e75_fs0,0,final,sgd,unit-gain,full,75,0.03231652035047826,25,0.1643886199426651,94.184,0.3812853943347931,88.85,,,12.313237051996111
final_sgd_unit-gain_e75_fs0,0,final,sgd,unit-gain,full,75,0.03231652035047826,26,0.15681594841957092,94.446,0.3722707869529724,88.98,,,12.31134505400405
final_sgd_unit-gain_e75_fs0,0,final,sgd,unit-gain,full,75,0.03231652035047826,27,0.15365074315071106,94.6,0.32947824172973633,89.87,,,12.302099825996265
final_sgd_unit-gain_e75_fs0,0,final,sgd,unit-gain,full,75,0.03231652035047826,28,0.14369576608657836,94.846,0.30955163097381594,90.98,,,12.301961086996016
final_sgd_unit-gain_e75_fs0,0,final,sgd,unit-gain,full,75,0.03231652035047826,29,0.13984279465675353,95.164,0.34980106716156006,90.09,,,12.304950926998572
final_sgd_unit-gain_e75_fs0,0,final,sgd,unit-gain,full,75,0.03231652035047826,30,0.12542779000282286,95.608,0.4065915680885315,88.53,,,12.298673279001378
final_sgd_unit-gain_e75_fs0,0,final,sgd,unit-gain,full,75,0.03231652035047826,31,0.12708854923725127,95.5,0.3669583750963211,89.95,,,12.30220871000347
final_sgd_unit-gain_e75_fs0,0,final,sgd,unit-gain,full,75,0.03231652035047826,32,0.11757184000968933,95.858,0.3752391014099121,89.33,,,12.31184648299677
final_sgd_unit-gain_e75_fs0,0,final,sgd,unit-gain,full,75,0.03231652035047826,33,0.1172265036058426,95.878,0.3458688353538513,90.08,,,12.298246071994072
final_sgd_unit-gain_e75_fs0,0,final,sgd,unit-gain,full,75,0.03231652035047826,34,0.10367853955745697,96.39999999999999,0.34062274408340454,90.69,,,12.299329946006765
final_sgd_unit-gain_e75_fs0,0,final,sgd,unit-gain,full,75,0.03231652035047826,35,0.10061614488363266,96.478,0.3697274305343628,90.19,,,12.29916626100021
final_sgd_unit-gain_e75_fs0,0,final,sgd,unit-gain,full,75,0.03231652035047826,36,0.09868245760679245,96.5,0.36939670162200927,90.62,,,12.288557292995392
final_sgd_unit-gain_e75_fs0,0,final,sgd,unit-gain,full,75,0.03231652035047826,37,0.08723867897033691,96.878,0.4123259391307831,89.18,,,12.294829080005002
final_sgd_unit-gain_e75_fs0,0,final,sgd,unit-gain,full,75,0.03231652035047826,38,0.08222133196353912,97.17,0.3418651703834534,90.96,,,12.298075767997943
final_sgd_unit-gain_e75_fs0,0,final,sgd,unit-gain,full,75,0.03231652035047826,39,0.07479944712042809,97.396,0.3216599153995514,91.34,,,12.289886007005407
final_sgd_unit-gain_e75_fs0,0,final,sgd,unit-gain,full,75,0.03231652035047826,40,0.07048281659603119,97.504,0.37938689880371096,90.53,,,12.293855822004844
final_sgd_unit-gain_e75_fs0,0,final,sgd,unit-gain,full,75,0.03231652035047826,41,0.06977636229276657,97.48599999999999,0.3550667664527893,91.32000000000001,,,12.294764412996301
final_sgd_unit-gain_e75_fs0,0,final,sgd,unit-gain,full,75,0.03231652035047826,42,0.061612895287275316,97.85000000000001,0.3754535701751709,91.36999999999999,,,12.301877650999813
final_sgd_unit-gain_e75_fs0,0,final,sgd,unit-gain,full,75,0.03231652035047826,43,0.058350439031124114,97.968,0.33864002838134766,91.86,,,12.298659230997146
final_sgd_unit-gain_e75_fs0,0,final,sgd,unit-gain,full,75,0.03231652035047826,44,0.05255736193537712,98.142,0.3409294048309326,92.08,,,12.298479996999959
final_sgd_unit-gain_e75_fs0,0,final,sgd,unit-gain,full,75,0.03231652035047826,45,0.04752330015957355,98.394,0.3630497685432434,91.67999999999999,,,12.297555336997902
final_sgd_unit-gain_e75_fs0,0,final,sgd,unit-gain,full,75,0.03231652035047826,46,0.04439086475133896,98.46000000000001,0.38209759521484377,91.19,,,12.301496708998457
final_sgd_unit-gain_e75_fs0,0,final,sgd,unit-gain,full,75,0.03231652035047826,47,0.0387541410690546,98.61999999999999,0.357743057346344,91.74,,,12.30369141400297
final_sgd_unit-gain_e75_fs0,0,final,sgd,unit-gain,full,75,0.03231652035047826,48,0.03631169197261334,98.734,0.36628605508804324,92.05,,,12.298496038994926
final_sgd_unit-gain_e75_fs0,0,final,sgd,unit-gain,full,75,0.03231652035047826,49,0.032322221295833585,98.874,0.40757875404357913,91.67999999999999,,,12.294376765996276
final_sgd_unit-gain_e75_fs0,0,final,sgd,unit-gain,full,75,0.03231652035047826,50,0.031602752416729926,98.906,0.3501913550853729,92.4,,,12.30434636100108
final_sgd_unit-gain_e75_fs0,0,final,sgd,unit-gain,full,75,0.03231652035047826,51,0.026455486875176428,99.05199999999999,0.3505006148815155,92.5,,,12.296340476001205
final_sgd_unit-gain_e75_fs0,0,final,sgd,unit-gain,full,75,0.03231652035047826,52,0.01980787581667304,99.324,0.345633566236496,92.85,,,12.297150733997114
final_sgd_unit-gain_e75_fs0,0,final,sgd,unit-gain,full,75,0.03231652035047826,53,0.017250069236457347,99.424,0.3464345350265503,92.86999999999999,,,12.289232847993844
final_sgd_unit-gain_e75_fs0,0,final,sgd,unit-gain,full,75,0.03231652035047826,54,0.014224396912679077,99.522,0.355771635723114,92.83,,,12.300297319001402
final_sgd_unit-gain_e75_fs0,0,final,sgd,unit-gain,full,75,0.03231652035047826,55,0.012937649781703949,99.568,0.3506960973739624,93.13,,,12.294703856001433
final_sgd_unit-gain_e75_fs0,0,final,sgd,unit-gain,full,75,0.03231652035047826,56,0.010548507498912514,99.66000000000001,0.3344813717365265,93.37,,,12.30191573999764
final_sgd_unit-gain_e75_fs0,0,final,sgd,unit-gain,full,75,0.03231652035047826,57,0.007485082294717431,99.768,0.3327972484111786,93.35,,,12.30174683900259
final_sgd_unit-gain_e75_fs0,0,final,sgd,unit-gain,full,75,0.03231652035047826,58,0.005627988767065108,99.816,0.3359975016593933,93.63,,,12.299528370996995
final_sgd_unit-gain_e75_fs0,0,final,sgd,unit-gain,full,75,0.03231652035047826,59,0.004619438655860722,99.866,0.3408105767250061,93.62,,,12.297882817001664
final_sgd_unit-gain_e75_fs0,0,final,sgd,unit-gain,full,75,0.03231652035047826,60,0.00446074172578752,99.854,0.3471043622493744,93.44,,,12.2947448959967
final_sgd_unit-gain_e75_fs0,0,final,sgd,unit-gain,full,75,0.03231652035047826,61,0.00401510811092332,99.876,0.33943436498641966,93.74,,,12.299707673999364
final_sgd_unit-gain_e75_fs0,0,final,sgd,unit-gain,full,75,0.03231652035047826,62,0.003416932025635615,99.896,0.32886862282752993,93.86,,,12.300747722998494
final_sgd_unit-gain_e75_fs0,0,final,sgd,unit-gain,full,75,0.03231652035047826,63,0.0021836521324515345,99.942,0.3310029414176941,93.95,,,12.29080646300281
final_sgd_unit-gain_e75_fs0,0,final,sgd,unit-gain,full,75,0.03231652035047826,64,0.0022255667259171606,99.936,0.3398265038490295,93.91000000000001,,,12.300723435000691
final_sgd_unit-gain_e75_fs0,0,final,sgd,unit-gain,full,75,0.03231652035047826,65,0.0015782050006650388,99.96199999999999,0.34116184072494504,93.91000000000001,,,12.29025856199587
final_sgd_unit-gain_e75_fs0,0,final,sgd,unit-gain,full,75,0.03231652035047826,66,0.0016049054661439733,99.958,0.34261332602500916,93.86,,,12.291242674997193
final_sgd_unit-gain_e75_fs0,0,final,sgd,unit-gain,full,75,0.03231652035047826,67,0.001521018334934488,99.968,0.33748889837265017,93.93,,,12.297171150996292
final_sgd_unit-gain_e75_fs0,0,final,sgd,unit-gain,full,75,0.03231652035047826,68,0.001370746740992181,99.97,0.3404279710769653,93.97,,,12.299753937004425
final_sgd_unit-gain_e75_fs0,0,final,sgd,unit-gain,full,75,0.03231652035047826,69,0.001064249561065808,99.978,0.340748597240448,93.94,,,12.295226566006022
final_sgd_unit-gain_e75_fs0,0,final,sgd,unit-gain,full,75,0.03231652035047826,70,0.001403495330400765,99.968,0.3398187003135681,93.97999999999999,,,12.295012176000455
final_sgd_unit-gain_e75_fs0,0,final,sgd,unit-gain,full,75,0.03231652035047826,71,0.0012604347290517761,99.966,0.3384755274772644,94.07,,,12.293575978001172
final_sgd_unit-gain_e75_fs0,0,final,sgd,unit-gain,full,75,0.03231652035047826,72,0.0011049430949613452,99.97399999999999,0.33935612773895263,94.1,,,12.298894933002884
final_sgd_unit-gain_e75_fs0,0,final,sgd,unit-gain,full,75,0.03231652035047826,73,0.0009034483519010245,99.984,0.3408128179550171,94.0,,,12.297044439001183
final_sgd_unit-gain_e75_fs0,0,final,sgd,unit-gain,full,75,0.03231652035047826,74,0.0010810963913472369,99.984,0.33977355165481565,94.07,,,12.297252550000849
final_sgd_unit-gain_e75_fs0,0,final,sgd,unit-gain,full,75,0.03231652035047826,75,0.0009786146503128112,99.98,0.34131577482223513,94.05,,,12.293701513000997
final_signmuon_mup_e75_fs0,0,final,signmuon,mup,full,75,0.5347110336321922,0,2.302811705932617,10.302,2.3027890270233153,10.38,,,
final_signmuon_mup_e75_fs0,0,final,signmuon,mup,full,75,0.5347110336321922,1,1.089426558456421,61.151999999999994,0.6936987502098083,76.5,,,15.082121072002337
final_signmuon_mup_e75_fs0,0,final,signmuon,mup,full,75,0.5347110336321922,2,0.5578440823936462,80.778,0.5321395257949829,82.31,,,14.446310614002869
final_signmuon_mup_e75_fs0,0,final,signmuon,mup,full,75,0.5347110336321922,3,0.4116046950912476,86.014,0.4375402485370636,85.17,,,14.45964931200433
final_signmuon_mup_e75_fs0,0,final,signmuon,mup,full,75,0.5347110336321922,4,0.34041444545745847,88.368,0.3772079309940338,87.27000000000001,,,14.468230837999727
final_signmuon_mup_e75_fs0,0,final,signmuon,mup,full,75,0.5347110336321922,5,0.2816854804801941,90.08,0.38649967489242554,87.17,,,14.487109691996011
final_signmuon_mup_e75_fs0,0,final,signmuon,mup,full,75,0.5347110336321922,6,0.24265535474300384,91.654,0.32002912249565124,89.64,,,14.491753697002423
final_signmuon_mup_e75_fs0,0,final,signmuon,mup,full,75,0.5347110336321922,7,0.20717542412757872,92.898,0.3014803056716919,90.16999999999999,,,14.491034535996732
final_signmuon_mup_e75_fs0,0,final,signmuon,mup,full,75,0.5347110336321922,8,0.1810702426958084,93.714,0.33325644631385803,90.06,,,14.482846436992986
final_signmuon_mup_e75_fs0,0,final,signmuon,mup,full,75,0.5347110336321922,9,0.16342403317451476,94.34,0.3168814308643341,90.18,,,14.47366019700712
final_signmuon_mup_e75_fs0,0,final,signmuon,mup,full,75,0.5347110336321922,10,0.1447419305229187,95.04,0.3038843388557434,91.01,,,14.465221231002943
final_signmuon_mup_e75_fs0,0,final,signmuon,mup,full,75,0.5347110336321922,11,0.12533330440998078,95.592,0.2875062882423401,91.36999999999999,,,14.463984382004128
final_signmuon_mup_e75_fs0,0,final,signmuon,mup,full,75,0.5347110336321922,12,0.11158751954078674,96.13199999999999,0.31600538845062254,91.12,,,14.459754821000388
final_signmuon_mup_e75_fs0,0,final,signmuon,mup,full,75,0.5347110336321922,13,0.0983657505273819,96.696,0.29287802557945253,92.01,,,14.455421717007994
final_signmuon_mup_e75_fs0,0,final,signmuon,mup,full,75,0.5347110336321922,14,0.09234139636993408,96.782,0.29964847955703733,92.06,,,14.459291527004098
final_signmuon_mup_e75_fs0,0,final,signmuon,mup,full,75,0.5347110336321922,15,0.08319159631848336,97.116,0.300271727848053,91.77,,,14.452650596998865
final_signmuon_mup_e75_fs0,0,final,signmuon,mup,full,75,0.5347110336321922,16,0.07413662047624588,97.424,0.30455140748023984,92.21000000000001,,,14.456398748996435
final_signmuon_mup_e75_fs0,0,final,signmuon,mup,full,75,0.5347110336321922,17,0.07002740607261658,97.508,0.30422268643379213,92.17999999999999,,,14.447556334998808
final_signmuon_mup_e75_fs0,0,final,signmuon,mup,full,75,0.5347110336321922,18,0.06315187802314759,97.784,0.32079840126037595,92.03,,,14.446709017996909
final_signmuon_mup_e75_fs0,0,final,signmuon,mup,full,75,0.5347110336321922,19,0.0581427897310257,98.016,0.2959565564870834,92.53,,,14.454653426000732
final_signmuon_mup_e75_fs0,0,final,signmuon,mup,full,75,0.5347110336321922,20,0.05404012852847576,98.124,0.3269561490058899,92.33,,,14.451180550007848
final_signmuon_mup_e75_fs0,0,final,signmuon,mup,full,75,0.5347110336321922,21,0.05019037682831287,98.22,0.31329671654701235,92.67,,,14.449680752004497
final_signmuon_mup_e75_fs0,0,final,signmuon,mup,full,75,0.5347110336321922,22,0.04567690103828907,98.422,0.3057349700450897,92.49000000000001,,,14.447195529006422
final_signmuon_mup_e75_fs0,0,final,signmuon,mup,full,75,0.5347110336321922,23,0.04429241014957428,98.526,0.31966594338417054,92.71000000000001,,,14.448009537998587
final_signmuon_mup_e75_fs0,0,final,signmuon,mup,full,75,0.5347110336321922,24,0.038440777558386326,98.736,0.31159600772857665,93.17,,,14.447238182998262
final_signmuon_mup_e75_fs0,0,final,signmuon,mup,full,75,0.5347110336321922,25,0.03325953492462635,98.882,0.3605047523498535,92.60000000000001,,,14.44597825400706
final_signmuon_mup_e75_fs0,0,final,signmuon,mup,full,75,0.5347110336321922,26,0.032658651737868784,98.86200000000001,0.3603034583091736,92.41,,,14.447273996993317
final_signmuon_mup_e75_fs0,0,final,signmuon,mup,full,75,0.5347110336321922,27,0.030571072109416127,98.962,0.3285383397102356,92.88,,,14.444454204000067
final_signmuon_mup_e75_fs0,0,final,signmuon,mup,full,75,0.5347110336321922,28,0.028745484841167925,99.002,0.35446865768432617,92.75999999999999,,,14.44774164800765
final_signmuon_mup_e75_fs0,0,final,signmuon,mup,full,75,0.5347110336321922,29,0.02691833412602544,99.08,0.35351679327487945,92.82000000000001,,,14.446632312989095
final_signmuon_mup_e75_fs0,0,final,signmuon,mup,full,75,0.5347110336321922,30,0.024966178915649652,99.146,0.3460403612136841,92.75999999999999,,,14.44457144899934
final_signmuon_mup_e75_fs0,0,final,signmuon,mup,full,75,0.5347110336321922,31,0.02430414693683386,99.18599999999999,0.34038256187438964,93.19,,,14.442657684005098
final_signmuon_mup_e75_fs0,0,final,signmuon,mup,full,75,0.5347110336321922,32,0.02165931261252612,99.232,0.3472296998977661,93.2,,,14.44319745300163
final_signmuon_mup_e75_fs0,0,final,signmuon,mup,full,75,0.5347110336321922,33,0.01947993603631854,99.31,0.33571233129501343,93.27,,,14.443266690999735
final_signmuon_mup_e75_fs0,0,final,signmuon,mup,full,75,0.5347110336321922,34,0.01705938897833228,99.434,0.34815123710632323,93.30000000000001,,,14.446059665002394
final_signmuon_mup_e75_fs0,0,final,signmuon,mup,full,75,0.5347110336321922,35,0.01895147782497108,99.372,0.3554562350273132,93.30000000000001,,,14.443622895996668
final_signmuon_mup_e75_fs0,0,final,signmuon,mup,full,75,0.5347110336321922,36,0.014884421849921345,99.488,0.350668306350708,93.39,,,14.445148150989553
final_signmuon_mup_e75_fs0,0,final,signmuon,mup,full,75,0.5347110336321922,37,0.013320020824708045,99.522,0.3680251349449158,93.28,,,14.443153240004904
final_signmuon_mup_e75_fs0,0,final,signmuon,mup,full,75,0.5347110336321922,38,0.012700215471796691,99.572,0.36417508296966555,93.42,,,14.441096769995056
final_signmuon_mup_e75_fs0,0,final,signmuon,mup,full,75,0.5347110336321922,39,0.011669870864339172,99.59599999999999,0.344662388753891,93.58,,,14.445318742989912
final_signmuon_mup_e75_fs0,0,final,signmuon,mup,full,75,0.5347110336321922,40,0.01210222426623106,99.616,0.3586485046386719,93.69,,,14.451965134998318
final_signmuon_mup_e75_fs0,0,final,signmuon,mup,full,75,0.5347110336321922,41,0.010856552806794643,99.644,0.3479224771976471,93.5,,,14.45781885899487
final_signmuon_mup_e75_fs0,0,final,signmuon,mup,full,75,0.5347110336321922,42,0.008038966680504382,99.72800000000001,0.37246437216997147,93.58,,,14.4471499939973
final_signmuon_mup_e75_fs0,0,final,signmuon,mup,full,75,0.5347110336321922,43,0.008321978468913586,99.752,0.39298155245780947,93.15,,,14.444567640995956
final_signmuon_mup_e75_fs0,0,final,signmuon,mup,full,75,0.5347110336321922,44,0.008012566586765461,99.70400000000001,0.37324942984580994,93.39,,,14.445401675999165
final_signmuon_mup_e75_fs0,0,final,signmuon,mup,full,75,0.5347110336321922,45,0.007039827700825408,99.748,0.38331385912895205,93.57,,,14.450426778988913
final_signmuon_mup_e75_fs0,0,final,signmuon,mup,full,75,0.5347110336321922,46,0.005701567017924972,99.804,0.39667476868629453,93.45,,,14.445056095006294
final_signmuon_mup_e75_fs0,0,final,signmuon,mup,full,75,0.5347110336321922,47,0.005616964904088527,99.822,0.3944633649110794,93.52000000000001,,,14.446610528000747
final_signmuon_mup_e75_fs0,0,final,signmuon,mup,full,75,0.5347110336321922,48,0.0045106282650725915,99.832,0.38568000621795656,93.56,,,14.44367125700228
final_signmuon_mup_e75_fs0,0,final,signmuon,mup,full,75,0.5347110336321922,49,0.0042225935969501735,99.864,0.399285823315382,93.66,,,14.446199584999704
final_signmuon_mup_e75_fs0,0,final,signmuon,mup,full,75,0.5347110336321922,50,0.0036684840962383897,99.848,0.3880516008377075,93.81,,,14.445431488988106
final_signmuon_mup_e75_fs0,0,final,signmuon,mup,full,75,0.5347110336321922,51,0.0034685257540713063,99.894,0.3901488246917725,93.78,,,14.45053112199821
final_signmuon_mup_e75_fs0,0,final,signmuon,mup,full,75,0.5347110336321922,52,0.0034852376338420435,99.88,0.38305951807498934,93.76,,,14.440334002996678
final_signmuon_mup_e75_fs0,0,final,signmuon,mup,full,75,0.5347110336321922,53,0.0024949434787477367,99.90599999999999,0.38623145780563356,93.85,,,14.44223774499551
final_signmuon_mup_e75_fs0,0,final,signmuon,mup,full,75,0.5347110336321922,54,0.0017713453733106143,99.946,0.37820611934661863,94.0,,,14.444150530995103
final_signmuon_mup_e75_fs0,0,final,signmuon,mup,full,75,0.5347110336321922,55,0.0016246946458885214,99.936,0.3864858543395996,94.03,,,14.444658925000113
final_signmuon_mup_e75_fs0,0,final,signmuon,mup,full,75,0.5347110336321922,56,0.0015924706239410444,99.94800000000001,0.3701770583152771,94.02000000000001,,,14.443677794988616
final_signmuon_mup_e75_fs0,0,final,signmuon,mup,full,75,0.5347110336321922,57,0.0011060897520720028,99.966,0.3715690900325775,94.13,,,14.440730339993024
final_signmuon_mup_e75_fs0,0,final,signmuon,mup,full,75,0.5347110336321922,58,0.0012308210506651084,99.956,0.38871618711948397,94.08999999999999,,,14.441511166005512
final_signmuon_mup_e75_fs0,0,final,signmuon,mup,full,75,0.5347110336321922,59,0.0010568150192295433,99.964,0.39768613595962526,93.89,,,14.441446989992983
final_signmuon_mup_e75_fs0,0,final,signmuon,mup,full,75,0.5347110336321922,60,0.000668403758785571,99.976,0.39217740077972413,94.04,,,14.441992105988902
final_signmuon_mup_e75_fs0,0,final,signmuon,mup,full,75,0.5347110336321922,61,0.0007547373437881469,99.978,0.38413408908843993,94.25,,,14.4383464440034
final_signmuon_mup_e75_fs0,0,final,signmuon,mup,full,75,0.5347110336321922,62,0.0004225919532042462,99.994,0.38029328842163085,94.13,,,14.444890147002297
final_signmuon_mup_e75_fs0,0,final,signmuon,mup,full,75,0.5347110336321922,63,0.00048025964033964554,99.988,0.3841768063545227,94.24,,,14.45511068199994
final_signmuon_mup_e75_fs0,0,final,signmuon,mup,full,75,0.5347110336321922,64,0.0003770457967082621,99.992,0.3837388928413391,94.17,,,14.442930304008769
final_signmuon_mup_e75_fs0,0,final,signmuon,mup,full,75,0.5347110336321922,65,0.0004050527090911055,99.988,0.3893296157836914,94.19,,,14.439028552995296
final_signmuon_mup_e75_fs0,0,final,signmuon,mup,full,75,0.5347110336321922,66,0.000428318649726134,99.988,0.3847592568397522,94.15,,,14.448246069005108
final_signmuon_mup_e75_fs0,0,final,signmuon,mup,full,75,0.5347110336321922,67,0.0004094065841000702,99.978,0.3789382299423218,94.19,,,14.448487506000674
final_signmuon_mup_e75_fs0,0,final,signmuon,mup,full,75,0.5347110336321922,68,0.0003181782362627564,99.992,0.38166334466934204,94.17,,,14.445719673996791
final_signmuon_mup_e75_fs0,0,final,signmuon,mup,full,75,0.5347110336321922,69,0.0003928758636745624,99.988,0.38341057443618776,94.17,,,14.443133377004415
final_signmuon_mup_e75_fs0,0,final,signmuon,mup,full,75,0.5347110336321922,70,0.0002983346831673407,99.992,0.3796518789291382,94.17999999999999,,,14.457803583994973
final_signmuon_mup_e75_fs0,0,final,signmuon,mup,full,75,0.5347110336321922,71,0.00019165518723006245,99.996,0.37759427242279053,94.27,,,14.438986481996835
final_signmuon_mup_e75_fs0,0,final,signmuon,mup,full,75,0.5347110336321922,72,0.00028095685925232826,99.992,0.3805549780368805,94.3,,,14.445727718004491
final_signmuon_mup_e75_fs0,0,final,signmuon,mup,full,75,0.5347110336321922,73,0.0002498683632953907,99.992,0.3809013373374939,94.19,,,14.445431497006211
final_signmuon_mup_e75_fs0,0,final,signmuon,mup,full,75,0.5347110336321922,74,0.0001577871087686799,99.996,0.380411079120636,94.25,,,14.451363767002476
final_signmuon_mup_e75_fs0,0,final,signmuon,mup,full,75,0.5347110336321922,75,0.0003587308461118664,99.99,0.38260069913864136,94.34,,,14.444219674987835
final_signmuon_unit-gain_e75_fs0,0,final,signmuon,unit-gain,full,75,0.003400000000000002,0,2.302811705932617,10.302,2.3027890270233153,10.38,,,
final_signmuon_unit-gain_e75_fs0,0,final,signmuon,unit-gain,full,75,0.003400000000000002,1,1.2312402023124696,55.55,0.8990202300071717,70.09,,,15.154236948001198
final_signmuon_unit-gain_e75_fs0,0,final,signmuon,unit-gain,full,75,0.003400000000000002,2,0.6421332197761536,77.73400000000001,0.575158301115036,80.82000000000001,,,14.520708645002742
final_signmuon_unit-gain_e75_fs0,0,final,signmuon,unit-gain,full,75,0.003400000000000002,3,0.47011263852119445,83.84,0.48549439125061034,83.41,,,14.540397482000117
final_signmuon_unit-gain_e75_fs0,0,final,signmuon,unit-gain,full,75,0.003400000000000002,4,0.38999980180740357,86.574,0.40275081341266633,86.32,,,14.549086715000158
final_signmuon_unit-gain_e75_fs0,0,final,signmuon,unit-gain,full,75,0.003400000000000002,5,0.3252783387756348,88.828,0.37981482090950014,87.2,,,14.536666113999672
final_signmuon_unit-gain_e75_fs0,0,final,signmuon,unit-gain,full,75,0.003400000000000002,6,0.2878236064529419,89.946,0.3663076482057571,87.75,,,14.545104468001227
final_signmuon_unit-gain_e75_fs0,0,final,signmuon,unit-gain,full,75,0.003400000000000002,7,0.25439232206344603,91.268,0.37673497738838196,88.03,,,14.54166560700105
final_signmuon_unit-gain_e75_fs0,0,final,signmuon,unit-gain,full,75,0.003400000000000002,8,0.22933833267211914,92.186,0.36302307324409483,88.92,,,14.546512663000613
final_signmuon_unit-gain_e75_fs0,0,final,signmuon,unit-gain,full,75,0.003400000000000002,9,0.21047461852550506,92.814,0.4057190637111664,87.11,,,14.54203524300101
final_signmuon_unit-gain_e75_fs0,0,final,signmuon,unit-gain,full,75,0.003400000000000002,10,0.19752993885993958,93.134,0.30431730914115906,90.16999999999999,,,14.535787119995803
final_signmuon_unit-gain_e75_fs0,0,final,signmuon,unit-gain,full,75,0.003400000000000002,11,0.17918900884628297,93.73599999999999,0.33100490798950194,89.78,,,14.537558953998087
final_signmuon_unit-gain_e75_fs0,0,final,signmuon,unit-gain,full,75,0.003400000000000002,12,0.16737200693130494,94.17,0.3205004249095917,90.78,,,14.539844653001637
final_signmuon_unit-gain_e75_fs0,0,final,signmuon,unit-gain,full,75,0.003400000000000002,13,0.15439697707891464,94.69999999999999,0.372920548915863,89.21,,,14.535001165000722
final_signmuon_unit-gain_e75_fs0,0,final,signmuon,unit-gain,full,75,0.003400000000000002,14,0.1480520196723938,94.932,0.30334696574211123,90.84,,,14.525861677000648
final_signmuon_unit-gain_e75_fs0,0,final,signmuon,unit-gain,full,75,0.003400000000000002,15,0.1377827064228058,95.274,0.313117719745636,90.84,,,14.52437824599474
final_signmuon_unit-gain_e75_fs0,0,final,signmuon,unit-gain,full,75,0.003400000000000002,16,0.1276828727388382,95.628,0.31450467581748964,91.14,,,14.52770574799797
final_signmuon_unit-gain_e75_fs0,0,final,signmuon,unit-gain,full,75,0.003400000000000002,17,0.12495698561668396,95.672,0.300267196559906,91.46,,,14.518619656002556
final_signmuon_unit-gain_e75_fs0,0,final,signmuon,unit-gain,full,75,0.003400000000000002,18,0.11920868133306503,95.896,0.30831230535507204,91.41,,,14.515462905997992
final_signmuon_unit-gain_e75_fs0,0,final,signmuon,unit-gain,full,75,0.003400000000000002,19,0.1110577926659584,96.124,0.303868279838562,91.35,,,14.516550098000153
final_signmuon_unit-gain_e75_fs0,0,final,signmuon,unit-gain,full,75,0.003400000000000002,20,0.10414648833990096,96.45,0.3278965790271759,91.14999999999999,,,14.51740814599907
final_signmuon_unit-gain_e75_fs0,0,final,signmuon,unit-gain,full,75,0.003400000000000002,21,0.0987076442170143,96.586,0.3016575557470322,91.97999999999999,,,14.52128277799784
final_signmuon_unit-gain_e75_fs0,0,final,signmuon,unit-gain,full,75,0.003400000000000002,22,0.09652587491512299,96.70400000000001,0.28674085311889647,92.02,,,14.52736795599776
final_signmuon_unit-gain_e75_fs0,0,final,signmuon,unit-gain,full,75,0.003400000000000002,23,0.09097853750228882,96.87599999999999,0.31240667538642886,91.47999999999999,,,14.51617879600235
final_signmuon_unit-gain_e75_fs0,0,final,signmuon,unit-gain,full,75,0.003400000000000002,24,0.08721545734882355,96.932,0.30688534898757935,91.86999999999999,,,14.523395825002808
final_signmuon_unit-gain_e75_fs0,0,final,signmuon,unit-gain,full,75,0.003400000000000002,25,0.07957680024027824,97.25,0.3332141965866089,91.93,,,14.515411385000334
final_signmuon_unit-gain_e75_fs0,0,final,signmuon,unit-gain,full,75,0.003400000000000002,26,0.07705773547410966,97.27799999999999,0.34671842555999755,90.94,,,14.5088817309952
final_signmuon_unit-gain_e75_fs0,0,final,signmuon,unit-gain,full,75,0.003400000000000002,27,0.07543897448539734,97.398,0.34550757102966306,91.59,,,14.517174421998789
final_signmuon_unit-gain_e75_fs0,0,final,signmuon,unit-gain,full,75,0.003400000000000002,28,0.07209129635155201,97.48400000000001,0.3494070343971252,91.59,,,14.511135492000903
final_signmuon_unit-gain_e75_fs0,0,final,signmuon,unit-gain,full,75,0.003400000000000002,29,0.06734826264739037,97.702,0.3429872317314148,91.53999999999999,,,14.511566703004064
final_signmuon_unit-gain_e75_fs0,0,final,signmuon,unit-gain,full,75,0.003400000000000002,30,0.06473652709364891,97.722,0.34781259155273436,91.53999999999999,,,14.511549572001968
final_signmuon_unit-gain_e75_fs0,0,final,signmuon,unit-gain,full,75,0.003400000000000002,31,0.0616859507894516,97.78999999999999,0.32380794954299924,92.32000000000001,,,14.519841561996145
final_signmuon_unit-gain_e75_fs0,0,final,signmuon,unit-gain,full,75,0.003400000000000002,32,0.058381857203245166,98.016,0.3621490732192993,91.69,,,14.522340755000187
final_signmuon_unit-gain_e75_fs0,0,final,signmuon,unit-gain,full,75,0.003400000000000002,33,0.05373609883606434,98.148,0.3299502205848694,91.94,,,14.52314387599472
final_signmuon_unit-gain_e75_fs0,0,final,signmuon,unit-gain,full,75,0.003400000000000002,34,0.05046676036953926,98.218,0.3836219230175018,91.69,,,14.524409974001173
final_signmuon_unit-gain_e75_fs0,0,final,signmuon,unit-gain,full,75,0.003400000000000002,35,0.049404602782726285,98.30799999999999,0.33897227611541747,92.25999999999999,,,14.520877604998532
final_signmuon_unit-gain_e75_fs0,0,final,signmuon,unit-gain,full,75,0.003400000000000002,36,0.04588659948706627,98.46000000000001,0.36496265902519226,92.35,,,14.50637456199911
final_signmuon_unit-gain_e75_fs0,0,final,signmuon,unit-gain,full,75,0.003400000000000002,37,0.04323141923815012,98.546,0.34704628534317017,92.15,,,14.513495890998456
final_signmuon_unit-gain_e75_fs0,0,final,signmuon,unit-gain,full,75,0.003400000000000002,38,0.0412208724629879,98.58200000000001,0.3694596806526184,92.23,,,14.507179308006016
final_signmuon_unit-gain_e75_fs0,0,final,signmuon,unit-gain,full,75,0.003400000000000002,39,0.03857745972573757,98.682,0.3695070789337158,92.25,,,14.5157190500031
final_signmuon_unit-gain_e75_fs0,0,final,signmuon,unit-gain,full,75,0.003400000000000002,40,0.0360415807634592,98.694,0.3628182518005371,92.51,,,14.52213833299902
final_signmuon_unit-gain_e75_fs0,0,final,signmuon,unit-gain,full,75,0.003400000000000002,41,0.03441741517782211,98.848,0.39472041068077085,91.78,,,14.5155775250023
final_signmuon_unit-gain_e75_fs0,0,final,signmuon,unit-gain,full,75,0.003400000000000002,42,0.033048190861046316,98.866,0.3585707329750061,92.65,,,14.518618065005285
final_signmuon_unit-gain_e75_fs0,0,final,signmuon,unit-gain,full,75,0.003400000000000002,43,0.029922875850200654,98.966,0.3786094031333923,92.42,,,14.520224756997777
final_signmuon_unit-gain_e75_fs0,0,final,signmuon,unit-gain,full,75,0.003400000000000002,44,0.028894216626882553,99.024,0.3812758028030396,92.67999999999999,,,14.512474135000957
final_signmuon_unit-gain_e75_fs0,0,final,signmuon,unit-gain,full,75,0.003400000000000002,45,0.025935816051959992,99.124,0.3710163759708405,92.69,,,14.508029176999116
final_signmuon_unit-gain_e75_fs0,0,final,signmuon,unit-gain,full,75,0.003400000000000002,46,0.02294538989581168,99.252,0.3729054456472397,92.67999999999999,,,14.517049798996595
final_signmuon_unit-gain_e75_fs0,0,final,signmuon,unit-gain,full,75,0.003400000000000002,47,0.022520530248731376,99.21600000000001,0.38678772678375245,92.58999999999999,,,14.52185946800455
final_signmuon_unit-gain_e75_fs0,0,final,signmuon,unit-gain,full,75,0.003400000000000002,48,0.02022949061408639,99.316,0.37908294949531557,92.75,,,14.513535742000386
final_signmuon_unit-gain_e75_fs0,0,final,signmuon,unit-gain,full,75,0.003400000000000002,49,0.018482635422199963,99.32600000000001,0.37147396879196165,93.15,,,14.517196462998982
final_signmuon_unit-gain_e75_fs0,0,final,signmuon,unit-gain,full,75,0.003400000000000002,50,0.016523036746531723,99.442,0.38338288688659666,92.9,,,14.513880737002182
final_signmuon_unit-gain_e75_fs0,0,final,signmuon,unit-gain,full,75,0.003400000000000002,51,0.015547644635885954,99.49799999999999,0.3843750593662262,93.15,,,14.516269195999485
final_signmuon_unit-gain_e75_fs0,0,final,signmuon,unit-gain,full,75,0.003400000000000002,52,0.013083545789830387,99.52,0.3850595636844635,93.22,,,14.514434785996855
final_signmuon_unit-gain_e75_fs0,0,final,signmuon,unit-gain,full,75,0.003400000000000002,53,0.0124428039958328,99.566,0.37656826171875,93.43,,,14.503418164000323
final_signmuon_unit-gain_e75_fs0,0,final,signmuon,unit-gain,full,75,0.003400000000000002,54,0.011476943140430376,99.612,0.3579182587146759,93.53,,,14.51319430500007
final_signmuon_unit-gain_e75_fs0,0,final,signmuon,unit-gain,full,75,0.003400000000000002,55,0.01081358885272406,99.618,0.3920860773563385,93.08999999999999,,,14.515697617003752
final_signmuon_unit-gain_e75_fs0,0,final,signmuon,unit-gain,full,75,0.003400000000000002,56,0.010507735901344567,99.626,0.40994192142486574,93.07,,,14.513890023001295
final_signmuon_unit-gain_e75_fs0,0,final,signmuon,unit-gain,full,75,0.003400000000000002,57,0.008437333327103407,99.694,0.38082656393051145,93.72,,,14.517233344995475
final_signmuon_unit-gain_e75_fs0,0,final,signmuon,unit-gain,full,75,0.003400000000000002,58,0.007594107808298431,99.708,0.3913812482833862,93.45,,,14.507581133999338
final_signmuon_unit-gain_e75_fs0,0,final,signmuon,unit-gain,full,75,0.003400000000000002,59,0.006782844164101407,99.78200000000001,0.4010166659355164,93.37,,,14.513696971000172
final_signmuon_unit-gain_e75_fs0,0,final,signmuon,unit-gain,full,75,0.003400000000000002,60,0.005925870063537732,99.804,0.4101645051956177,93.57,,,14.505617197006359
final_signmuon_unit-gain_e75_fs0,0,final,signmuon,unit-gain,full,75,0.003400000000000002,61,0.004604357160991058,99.848,0.3893512107849121,93.69,,,14.517370216999552
final_signmuon_unit-gain_e75_fs0,0,final,signmuon,unit-gain,full,75,0.003400000000000002,62,0.00415379755705595,99.844,0.41619900569915774,93.62,,,14.50905613299983
final_signmuon_unit-gain_e75_fs0,0,final,signmuon,unit-gain,full,75,0.003400000000000002,63,0.003972997889998369,99.858,0.40313489007949826,93.4,,,14.51624611599982
final_signmuon_unit-gain_e75_fs0,0,final,signmuon,unit-gain,full,75,0.003400000000000002,64,0.0031273278113035487,99.892,0.4036584355354309,93.54,,,14.50495594899985
final_signmuon_unit-gain_e75_fs0,0,final,signmuon,unit-gain,full,75,0.003400000000000002,65,0.002806255922387354,99.924,0.40975719060897825,93.56,,,14.507473665995349
final_signmuon_unit-gain_e75_fs0,0,final,signmuon,unit-gain,full,75,0.003400000000000002,66,0.0020576182769122533,99.934,0.4077650482654572,93.72,,,14.505446783994557
final_signmuon_unit-gain_e75_fs0,0,final,signmuon,unit-gain,full,75,0.003400000000000002,67,0.0020381607272219843,99.946,0.4024177761554718,93.97,,,14.519207457000448
final_signmuon_unit-gain_e75_fs0,0,final,signmuon,unit-gain,full,75,0.003400000000000002,68,0.0019161501144152136,99.952,0.4152381564617157,93.85,,,14.509047947998624
final_signmuon_unit-gain_e75_fs0,0,final,signmuon,unit-gain,full,75,0.003400000000000002,69,0.0015379420602880417,99.952,0.41435076422691347,93.87,,,14.52201072799653
final_signmuon_unit-gain_e75_fs0,0,final,signmuon,unit-gain,full,75,0.003400000000000002,70,0.0013761491415952333,99.96199999999999,0.4078034641265869,93.92,,,14.522767859998567
final_signmuon_unit-gain_e75_fs0,0,final,signmuon,unit-gain,full,75,0.003400000000000002,71,0.001241394746482838,99.958,0.40411844267845154,93.97999999999999,,,14.522793187999923
final_signmuon_unit-gain_e75_fs0,0,final,signmuon,unit-gain,full,75,0.003400000000000002,72,0.0013844743042881601,99.966,0.40765513210296633,93.83,,,14.508995344003779
final_signmuon_unit-gain_e75_fs0,0,final,signmuon,unit-gain,full,75,0.003400000000000002,73,0.0008518394587305375,99.98599999999999,0.4081199691295624,93.92,,,14.50682827700075
final_signmuon_unit-gain_e75_fs0,0,final,signmuon,unit-gain,full,75,0.003400000000000002,74,0.0009115759821073153,99.97200000000001,0.404037026309967,93.96,,,14.508729455999855
final_signmuon_unit-gain_e75_fs0,0,final,signmuon,unit-gain,full,75,0.003400000000000002,75,0.0008280622042319737,99.978,0.40972060546875,93.91000000000001,,,14.516281229996821
final_signsgd_mup_e75_fs0,0,final,signsgd,mup,full,75,0.11520000000000002,0,2.302811705932617,10.302,2.3027890270233153,10.38,,,
final_signsgd_mup_e75_fs0,0,final,signsgd,mup,full,75,0.11520000000000002,1,1.3978692616081239,49.122,1.4143610710144043,54.67999999999999,,,12.620874875996378
final_signsgd_mup_e75_fs0,0,final,signsgd,mup,full,75,0.11520000000000002,2,0.8797691050720214,68.73,0.932219798374176,68.85,,,12.079650299012428
final_signsgd_mup_e75_fs0,0,final,signsgd,mup,full,75,0.11520000000000002,3,0.6864709164524079,76.0,0.7088094465732574,76.77000000000001,,,12.101424113003304
final_signsgd_mup_e75_fs0,0,final,signsgd,mup,full,75,0.11520000000000002,4,0.5782354308891297,79.89,0.5769628506660461,80.36,,,12.107152823999058
final_signsgd_mup_e75_fs0,0,final,signsgd,mup,full,75,0.11520000000000002,5,0.5063852610397339,82.458,0.5736630769729614,81.13,,,12.109038677997887
final_signsgd_mup_e75_fs0,0,final,signsgd,mup,full,75,0.11520000000000002,6,0.44890409886360166,84.336,0.4874762755870819,83.77,,,12.110794470994733
final_signsgd_mup_e75_fs0,0,final,signsgd,mup,full,75,0.11520000000000002,7,0.40616936834335327,85.904,0.46324061036109926,84.38,,,12.109616646994255
final_signsgd_mup_e75_fs0,0,final,signsgd,mup,full,75,0.11520000000000002,8,0.36798300169944764,87.32600000000001,0.44604297275543214,84.89999999999999,,,12.108057321995148
final_signsgd_mup_e75_fs0,0,final,signsgd,mup,full,75,0.11520000000000002,9,0.33633888417243957,88.312,0.477787683224678,84.39999999999999,,,12.10909951600479
final_signsgd_mup_e75_fs0,0,final,signsgd,mup,full,75,0.11520000000000002,10,0.3072057676410675,89.31400000000001,0.39035848619937896,87.2,,,12.104236093000509
final_signsgd_mup_e75_fs0,0,final,signsgd,mup,full,75,0.11520000000000002,11,0.28379428815841673,90.176,0.4812867238044739,84.91,,,12.103709346003598
final_signsgd_mup_e75_fs0,0,final,signsgd,mup,full,75,0.11520000000000002,12,0.26179878284454344,90.93599999999999,0.47856341977119443,85.50999999999999,,,12.099830502993427
final_signsgd_mup_e75_fs0,0,final,signsgd,mup,full,75,0.11520000000000002,13,0.2417060160446167,91.57600000000001,0.3936956046581268,87.47,,,12.104970672997297
final_signsgd_mup_e75_fs0,0,final,signsgd,mup,full,75,0.11520000000000002,14,0.21989959137916565,92.426,0.4200113746166229,87.69,,,12.091542874986771
final_signsgd_mup_e75_fs0,0,final,signsgd,mup,full,75,0.11520000000000002,15,0.20185413883686065,92.948,0.3593361141204834,88.47,,,12.091901677995338
final_signsgd_mup_e75_fs0,0,final,signsgd,mup,full,75,0.11520000000000002,16,0.19083833367347716,93.22,0.38078700456619263,88.68,,,12.096976237997296
final_signsgd_mup_e75_fs0,0,final,signsgd,mup,full,75,0.11520000000000002,17,0.17707148478507995,93.804,0.35746911470890047,89.49000000000001,,,12.084508290005033
final_signsgd_mup_e75_fs0,0,final,signsgd,mup,full,75,0.11520000000000002,18,0.1638935119152069,94.232,0.36040017385482787,89.53999999999999,,,12.078316674989765
final_signsgd_mup_e75_fs0,0,final,signsgd,mup,full,75,0.11520000000000002,19,0.14929875329971312,94.846,0.36856688406467436,89.39,,,12.084689315001015
final_signsgd_mup_e75_fs0,0,final,signsgd,mup,full,75,0.11520000000000002,20,0.1407751871597767,94.988,0.37837358088493345,89.49000000000001,,,12.08331061800709
final_signsgd_mup_e75_fs0,0,final,signsgd,mup,full,75,0.11520000000000002,21,0.12614661868095398,95.516,0.36095229773521426,89.79,,,12.080114664000575
final_signsgd_mup_e75_fs0,0,final,signsgd,mup,full,75,0.11520000000000002,22,0.1192048371887207,95.738,0.35992777700424194,89.69,,,12.077557487995364
final_signsgd_mup_e75_fs0,0,final,signsgd,mup,full,75,0.11520000000000002,23,0.10890325129032136,96.188,0.3637430603981018,90.3,,,12.078470950989868
final_signsgd_mup_e75_fs0,0,final,signsgd,mup,full,75,0.11520000000000002,24,0.10076724715709687,96.45,0.43531762194633483,88.78,,,12.080058952997206
final_signsgd_mup_e75_fs0,0,final,signsgd,mup,full,75,0.11520000000000002,25,0.09277020662426949,96.684,0.3875781714439392,90.55,,,12.08303070400143
final_signsgd_mup_e75_fs0,0,final,signsgd,mup,full,75,0.11520000000000002,26,0.08800368967533112,96.816,0.3557145489215851,90.8,,,12.077286538988119
final_signsgd_mup_e75_fs0,0,final,signsgd,mup,full,75,0.11520000000000002,27,0.08001584335446357,97.15,0.39495368432998657,90.49000000000001,,,12.076118222990772
final_signsgd_mup_e75_fs0,0,final,signsgd,mup,full,75,0.11520000000000002,28,0.07351945651769638,97.37,0.40729783163070676,90.14999999999999,,,12.077208785005496
final_signsgd_mup_e75_fs0,0,final,signsgd,mup,full,75,0.11520000000000002,29,0.06945478556632996,97.58,0.39497063794136045,90.59,,,12.083192332996987
final_signsgd_mup_e75_fs0,0,final,signsgd,mup,full,75,0.11520000000000002,30,0.0642301781964302,97.768,0.4154118884086609,90.49000000000001,,,12.082611614998314
final_signsgd_mup_e75_fs0,0,final,signsgd,mup,full,75,0.11520000000000002,31,0.06035335136413574,97.82600000000001,0.4307426403999329,90.42,,,12.081743849004852
final_signsgd_mup_e75_fs0,0,final,signsgd,mup,full,75,0.11520000000000002,32,0.05478318521142006,98.06,0.3793480202674866,91.08000000000001,,,12.08452008999302
final_signsgd_mup_e75_fs0,0,final,signsgd,mup,full,75,0.11520000000000002,33,0.050097188651561736,98.25399999999999,0.3969118438720703,91.17,,,12.076750528009143
final_signsgd_mup_e75_fs0,0,final,signsgd,mup,full,75,0.11520000000000002,34,0.04504688696205616,98.38799999999999,0.41684539053440095,91.24,,,12.089595590994577
final_signsgd_mup_e75_fs0,0,final,signsgd,mup,full,75,0.11520000000000002,35,0.04313196210026741,98.494,0.4723643844604492,90.68,,,12.086018935995526
final_signsgd_mup_e75_fs0,0,final,signsgd,mup,full,75,0.11520000000000002,36,0.039329992190003396,98.564,0.43072149620056155,91.63,,,12.078730312001426
final_signsgd_mup_e75_fs0,0,final,signsgd,mup,full,75,0.11520000000000002,37,0.0378632036447525,98.738,0.46460421752929687,91.14,,,12.078519494010834
final_signsgd_mup_e75_fs0,0,final,signsgd,mup,full,75,0.11520000000000002,38,0.0344362715280056,98.8,0.44600998449325563,91.47999999999999,,,12.086836021000636
final_signsgd_mup_e75_fs0,0,final,signsgd,mup,full,75,0.11520000000000002,39,0.03122706709712744,98.898,0.43620132265090944,91.42,,,12.076647089008475
final_signsgd_mup_e75_fs0,0,final,signsgd,mup,full,75,0.11520000000000002,40,0.030901080982387065,98.934,0.44899409284591674,91.56,,,12.082132076990092
final_signsgd_mup_e75_fs0,0,final,signsgd,mup,full,75,0.11520000000000002,41,0.025648067171871663,99.08,0.47732859315872195,91.41,,,12.074029782990692
final_signsgd_mup_e75_fs0,0,final,signsgd,mup,full,75,0.11520000000000002,42,0.02464385853372514,99.15,0.4470471419811249,91.71000000000001,,,12.087164569005836
final_signsgd_mup_e75_fs0,0,final,signsgd,mup,full,75,0.11520000000000002,43,0.024076363378763198,99.18599999999999,0.43812071352005005,91.83,,,12.079648803002783
final_signsgd_mup_e75_fs0,0,final,signsgd,mup,full,75,0.11520000000000002,44,0.019848074669390918,99.29400000000001,0.4392081246376038,92.04,,,12.07867446700402
final_signsgd_mup_e75_fs0,0,final,signsgd,mup,full,75,0.11520000000000002,45,0.01942719970151782,99.288,0.43751640758514404,92.22,,,12.077798097991035
final_signsgd_mup_e75_fs0,0,final,signsgd,mup,full,75,0.11520000000000002,46,0.01677598728634417,99.406,0.4480928225517273,92.02,,,12.075821500999155
final_signsgd_mup_e75_fs0,0,final,signsgd,mup,full,75,0.11520000000000002,47,0.015138280233815313,99.496,0.44675412635803224,92.07,,,12.08059670800867
final_signsgd_mup_e75_fs0,0,final,signsgd,mup,full,75,0.11520000000000002,48,0.014467171726822853,99.514,0.43957640047073365,92.47,,,12.084816237998893
final_signsgd_mup_e75_fs0,0,final,signsgd,mup,full,75,0.11520000000000002,49,0.013785176577419043,99.51,0.42607667961120604,92.46,,,12.079970153004979
final_signsgd_mup_e75_fs0,0,final,signsgd,mup,full,75,0.11520000000000002,50,0.012722286192402243,99.546,0.46111683197021486,92.17999999999999,,,12.084287241988932
final_signsgd_mup_e75_fs0,0,final,signsgd,mup,full,75,0.11520000000000002,51,0.010421563879027963,99.634,0.46583299169540404,92.17,,,12.086319170994102
final_signsgd_mup_e75_fs0,0,final,signsgd,mup,full,75,0.11520000000000002,52,0.009188897415585815,99.68,0.47443932523727417,92.11,,,12.08004814699234
final_signsgd_mup_e75_fs0,0,final,signsgd,mup,full,75,0.11520000000000002,53,0.009062640754170716,99.68599999999999,0.4673448907852173,92.49000000000001,,,12.07874171900039
final_signsgd_mup_e75_fs0,0,final,signsgd,mup,full,75,0.11520000000000002,54,0.007477966141104698,99.76,0.4591150940418243,92.63,,,12.078648580005392
final_signsgd_mup_e75_fs0,0,final,signsgd,mup,full,75,0.11520000000000002,55,0.0064123051861580465,99.774,0.47984035849571227,92.47999999999999,,,12.079258122001193
final_signsgd_mup_e75_fs0,0,final,signsgd,mup,full,75,0.11520000000000002,56,0.007242858129143715,99.74199999999999,0.4759587546825409,92.49000000000001,,,12.080045520997373
final_signsgd_mup_e75_fs0,0,final,signsgd,mup,full,75,0.11520000000000002,57,0.005866971483454108,99.8,0.48374285364151,92.27,,,12.077905583995744
final_signsgd_mup_e75_fs0,0,final,signsgd,mup,full,75,0.11520000000000002,58,0.004829488360602409,99.846,0.48248532547950745,92.57,,,12.073579547999543
final_signsgd_mup_e75_fs0,0,final,signsgd,mup,full,75,0.11520000000000002,59,0.0051936287600826475,99.83800000000001,0.4820891624450684,92.51,,,12.077043676996254
final_signsgd_mup_e75_fs0,0,final,signsgd,mup,full,75,0.11520000000000002,60,0.0037654295279551295,99.866,0.468471080493927,92.57,,,12.077578716998687
final_signsgd_mup_e75_fs0,0,final,signsgd,mup,full,75,0.11520000000000002,61,0.0036335001753270628,99.894,0.47045390968322753,92.64,,,12.07515511100064
final_signsgd_mup_e75_fs0,0,final,signsgd,mup,full,75,0.11520000000000002,62,0.0032253920232877134,99.89,0.47339637451171873,92.78,,,12.076601419990766
final_signsgd_mup_e75_fs0,0,final,signsgd,mup,full,75,0.11520000000000002,63,0.0028918011721665972,99.9,0.47616348338127135,92.72,,,12.08742796399747
final_signsgd_mup_e75_fs0,0,final,signsgd,mup,full,75,0.11520000000000002,64,0.0024755766222067177,99.91799999999999,0.48279511070251463,92.77,,,12.085331288006273
final_signsgd_mup_e75_fs0,0,final,signsgd,mup,full,75,0.11520000000000002,65,0.002232746609239839,99.92999999999999,0.49644413557052613,92.75,,,12.080004400995676
final_signsgd_mup_e75_fs0,0,final,signsgd,mup,full,75,0.11520000000000002,66,0.0017752886354876682,99.946,0.4832853702545166,92.91,,,12.081740990994149
final_signsgd_mup_e75_fs0,0,final,signsgd,mup,full,75,0.11520000000000002,67,0.0016050348085258155,99.956,0.47045643501281736,93.0,,,12.077210834002472
final_signsgd_mup_e75_fs0,0,final,signsgd,mup,full,75,0.11520000000000002,68,0.0017065339218685404,99.96000000000001,0.47667156810760497,92.92,,,12.07096978800837
final_signsgd_mup_e75_fs0,0,final,signsgd,mup,full,75,0.11520000000000002,69,0.0014861226158007048,99.952,0.4785549012184143,92.83,,,12.081433953004307
final_signsgd_mup_e75_fs0,0,final,signsgd,mup,full,75,0.11520000000000002,70,0.001577140006007394,99.964,0.4741631532669067,92.91,,,12.074562659006915
final_signsgd_mup_e75_fs0,0,final,signsgd,mup,full,75,0.11520000000000002,71,0.0012315479542897084,99.968,0.4703492335319519,92.91,,,12.07388608000474
final_signsgd_mup_e75_fs0,0,final,signsgd,mup,full,75,0.11520000000000002,72,0.0010723214659490623,99.98,0.4742665978908539,92.95,,,12.075253538991092
final_signsgd_mup_e75_fs0,0,final,signsgd,mup,full,75,0.11520000000000002,73,0.0009169968082077685,99.984,0.47645525369644165,92.85,,,12.078768688006676
final_signsgd_mup_e75_fs0,0,final,signsgd,mup,full,75,0.11520000000000002,74,0.0008183957703085616,99.978,0.4712298501968384,92.96,,,12.075523881008849
final_signsgd_mup_e75_fs0,0,final,signsgd,mup,full,75,0.11520000000000002,75,0.001311816204902716,99.96000000000001,0.4739533664226532,92.97,,,12.08910663399729
final_signsgd_unit-gain_e75_fs0,0,final,signsgd,unit-gain,full,75,0.003400000000000002,0,2.302811705932617,10.302,2.3027890270233153,10.38,,,
final_signsgd_unit-gain_e75_fs0,0,final,signsgd,unit-gain,full,75,0.003400000000000002,1,1.3727507749938965,50.014,1.4569258834838867,53.68000000000001,,,12.735587019000377
final_signsgd_unit-gain_e75_fs0,0,final,signsgd,unit-gain,full,75,0.003400000000000002,2,0.8818453126144409,68.828,0.8862597645759582,70.74000000000001,,,12.184225599994534
final_signsgd_unit-gain_e75_fs0,0,final,signsgd,unit-gain,full,75,0.003400000000000002,3,0.691867924785614,76.056,0.7462391719818116,74.55000000000001,,,12.193355440998857
final_signsgd_unit-gain_e75_fs0,0,final,signsgd,unit-gain,full,75,0.003400000000000002,4,0.5943735627937317,79.488,0.5774266324043273,80.97999999999999,,,12.207262271003856
final_signsgd_unit-gain_e75_fs0,0,final,signsgd,unit-gain,full,75,0.003400000000000002,5,0.527362389717102,81.722,0.5797633574485779,80.64,,,12.200035562003904
final_signsgd_unit-gain_e75_fs0,0,final,signsgd,unit-gain,full,75,0.003400000000000002,6,0.47974175142288206,83.49,0.6215534092903138,80.28999999999999,,,12.21853486100008
final_signsgd_unit-gain_e75_fs0,0,final,signsgd,unit-gain,full,75,0.003400000000000002,7,0.44374856424331666,84.86399999999999,0.5211478906631469,82.46,,,12.205722574995889
final_signsgd_unit-gain_e75_fs0,0,final,signsgd,unit-gain,full,75,0.003400000000000002,8,0.40461513948440553,86.144,0.4720089748382568,84.41,,,12.204153995000524
final_signsgd_unit-gain_e75_fs0,0,final,signsgd,unit-gain,full,75,0.003400000000000002,9,0.3790475174045563,87.05199999999999,0.47605441954135896,83.88,,,12.19820528600394
final_signsgd_unit-gain_e75_fs0,0,final,signsgd,unit-gain,full,75,0.003400000000000002,10,0.35628428979873655,87.71799999999999,0.42969170246124266,85.65,,,12.199667055996542
final_signsgd_unit-gain_e75_fs0,0,final,signsgd,unit-gain,full,75,0.003400000000000002,11,0.33211024112701415,88.614,0.4052382531642914,86.7,,,12.195385776001785
final_signsgd_unit-gain_e75_fs0,0,final,signsgd,unit-gain,full,75,0.003400000000000002,12,0.30676107031822203,89.332,0.47062778882980344,85.22,,,12.186130936999689
final_signsgd_unit-gain_e75_fs0,0,final,signsgd,unit-gain,full,75,0.003400000000000002,13,0.28984861267089845,90.10000000000001,0.42024802742004397,86.83,,,12.185049485997297
final_signsgd_unit-gain_e75_fs0,0,final,signsgd,unit-gain,full,75,0.003400000000000002,14,0.272560276927948,90.568,0.45530992107391355,85.45,,,12.18361474500125
final_signsgd_unit-gain_e75_fs0,0,final,signsgd,unit-gain,full,75,0.003400000000000002,15,0.2591154859924316,91.10000000000001,0.438634764957428,86.33,,,12.183533764000458
final_signsgd_unit-gain_e75_fs0,0,final,signsgd,unit-gain,full,75,0.003400000000000002,16,0.24584375672340394,91.556,0.37720613737106323,87.72999999999999,,,12.174608834000537
final_signsgd_unit-gain_e75_fs0,0,final,signsgd,unit-gain,full,75,0.003400000000000002,17,0.23199306876659392,91.952,0.36157984037399293,88.51,,,12.174018811994756
final_signsgd_unit-gain_e75_fs0,0,final,signsgd,unit-gain,full,75,0.003400000000000002,18,0.22141185929298401,92.326,0.41330780305862425,87.58,,,12.167613511002855
final_signsgd_unit-gain_e75_fs0,0,final,signsgd,unit-gain,full,75,0.003400000000000002,19,0.2039268664264679,92.97999999999999,0.34370257143974303,89.28,,,12.16109750999749
final_signsgd_unit-gain_e75_fs0,0,final,signsgd,unit-gain,full,75,0.003400000000000002,20,0.19824904947280883,93.108,0.37723147840499877,88.25,,,12.160903268006223
final_signsgd_unit-gain_e75_fs0,0,final,signsgd,unit-gain,full,75,0.003400000000000002,21,0.18428547938346862,93.644,0.3380914409637451,89.75999999999999,,,12.16945946400665
final_signsgd_unit-gain_e75_fs0,0,final,signsgd,unit-gain,full,75,0.003400000000000002,22,0.1755955790090561,93.864,0.4159889624595642,88.05,,,12.164423731999705
final_signsgd_unit-gain_e75_fs0,0,final,signsgd,unit-gain,full,75,0.003400000000000002,23,0.16936757957458495,94.054,0.33513076128959657,89.92999999999999,,,12.164540038997075
final_signsgd_unit-gain_e75_fs0,0,final,signsgd,unit-gain,full,75,0.003400000000000002,24,0.1581100685739517,94.57600000000001,0.3507736783027649,90.10000000000001,,,12.173002453993831
final_signsgd_unit-gain_e75_fs0,0,final,signsgd,unit-gain,full,75,0.003400000000000002,25,0.14970124996423723,94.742,0.3328215965270996,90.38000000000001,,,12.165626861999044
final_signsgd_unit-gain_e75_fs0,0,final,signsgd,unit-gain,full,75,0.003400000000000002,26,0.14237960933685304,95.05799999999999,0.3383918766975403,90.49000000000001,,,12.160336919005204
final_signsgd_unit-gain_e75_fs0,0,final,signsgd,unit-gain,full,75,0.003400000000000002,27,0.13813090976238251,95.214,0.3311505832672119,90.69,,,12.160094525999739
final_signsgd_unit-gain_e75_fs0,0,final,signsgd,unit-gain,full,75,0.003400000000000002,28,0.13013061130046844,95.42399999999999,0.3713726807594299,90.06,,,12.160836251001456
final_signsgd_unit-gain_e75_fs0,0,final,signsgd,unit-gain,full,75,0.003400000000000002,29,0.12222977959156037,95.68799999999999,0.35596090354919435,90.51,,,12.156475388001127
final_signsgd_unit-gain_e75_fs0,0,final,signsgd,unit-gain,full,75,0.003400000000000002,30,0.11594004705429077,95.968,0.33405453815460207,90.75999999999999,,,12.155901605001418
final_signsgd_unit-gain_e75_fs0,0,final,signsgd,unit-gain,full,75,0.003400000000000002,31,0.1102709444642067,96.17999999999999,0.3496639181613922,90.59,,,12.155509748998156
final_signsgd_unit-gain_e75_fs0,0,final,signsgd,unit-gain,full,75,0.003400000000000002,32,0.10276807820796967,96.414,0.30826160278320314,91.63,,,12.157012395000493
final_signsgd_unit-gain_e75_fs0,0,final,signsgd,unit-gain,full,75,0.003400000000000002,33,0.09803454856395721,96.676,0.3434290979385376,91.2,,,12.156389591000334
final_signsgd_unit-gain_e75_fs0,0,final,signsgd,unit-gain,full,75,0.003400000000000002,34,0.08995261809587479,96.904,0.3326024274051189,91.36999999999999,,,12.152414805001172
final_signsgd_unit-gain_e75_fs0,0,final,signsgd,unit-gain,full,75,0.003400000000000002,35,0.08589951092243195,97.062,0.34153700704574586,91.74,,,12.147941570998228
final_signsgd_unit-gain_e75_fs0,0,final,signsgd,unit-gain,full,75,0.003400000000000002,36,0.07931841183781624,97.25200000000001,0.36819615592956545,91.0,,,12.154207615996711
final_signsgd_unit-gain_e75_fs0,0,final,signsgd,unit-gain,full,75,0.003400000000000002,37,0.07599049669742584,97.318,0.36215027382969855,91.27,,,12.151607230000081
final_signsgd_unit-gain_e75_fs0,0,final,signsgd,unit-gain,full,75,0.003400000000000002,38,0.07127330000579357,97.52199999999999,0.34757454943656924,91.61,,,12.147535816002346
final_signsgd_unit-gain_e75_fs0,0,final,signsgd,unit-gain,full,75,0.003400000000000002,39,0.06510070993244647,97.7,0.358048686337471,91.05,,,12.154661329004739
final_signsgd_unit-gain_e75_fs0,0,final,signsgd,unit-gain,full,75,0.003400000000000002,40,0.06508106976151466,97.712,0.35566205902099607,91.86999999999999,,,12.157875623001019
final_signsgd_unit-gain_e75_fs0,0,final,signsgd,unit-gain,full,75,0.003400000000000002,41,0.05837901331663132,97.97200000000001,0.39954140224456786,91.24,,,12.14558460900298
final_signsgd_unit-gain_e75_fs0,0,final,signsgd,unit-gain,full,75,0.003400000000000002,42,0.05285391692638397,98.19200000000001,0.365004319190979,92.09,,,12.147108463999757
final_signsgd_unit-gain_e75_fs0,0,final,signsgd,unit-gain,full,75,0.003400000000000002,43,0.05112304410815239,98.248,0.3593503562450409,91.63,,,12.146751635998953
final_signsgd_unit-gain_e75_fs0,0,final,signsgd,unit-gain,full,75,0.003400000000000002,44,0.046680681693553924,98.36,0.36981377868652343,91.84,,,12.142900712002302
final_signsgd_unit-gain_e75_fs0,0,final,signsgd,unit-gain,full,75,0.003400000000000002,45,0.042534253203272816,98.538,0.3794038152217865,92.04,,,12.150262623996241
final_signsgd_unit-gain_e75_fs0,0,final,signsgd,unit-gain,full,75,0.003400000000000002,46,0.04091444532632828,98.588,0.3833559617042542,91.88,,,12.142259088999708
final_signsgd_unit-gain_e75_fs0,0,final,signsgd,unit-gain,full,75,0.003400000000000002,47,0.035589138693213465,98.768,0.3562824040412903,92.49000000000001,,,12.151341601995227
final_signsgd_unit-gain_e75_fs0,0,final,signsgd,unit-gain,full,75,0.003400000000000002,48,0.03262198959946632,98.82600000000001,0.36669587364196776,92.24,,,12.146294236001268
final_signsgd_unit-gain_e75_fs0,0,final,signsgd,unit-gain,full,75,0.003400000000000002,49,0.03112649225920439,98.882,0.3526061347007751,92.89,,,12.135376600002928
final_signsgd_unit-gain_e75_fs0,0,final,signsgd,unit-gain,full,75,0.003400000000000002,50,0.028084593807160853,99.022,0.3831282464981079,92.47999999999999,,,12.136819282997749
final_signsgd_unit-gain_e75_fs0,0,final,signsgd,unit-gain,full,75,0.003400000000000002,51,0.025305334346592427,99.124,0.3695935904502869,92.75999999999999,,,12.142183576004754
final_signsgd_unit-gain_e75_fs0,0,final,signsgd,unit-gain,full,75,0.003400000000000002,52,0.02135139289274812,99.268,0.39911739530563356,92.65,,,12.144707409999683
final_signsgd_unit-gain_e75_fs0,0,final,signsgd,unit-gain,full,75,0.003400000000000002,53,0.020301101991683244,99.31400000000001,0.38249210319519045,92.95,,,12.144275081998785
final_signsgd_unit-gain_e75_fs0,0,final,signsgd,unit-gain,full,75,0.003400000000000002,54,0.01835034049358219,99.372,0.39740177574157715,92.78,,,12.14386002500396
final_signsgd_unit-gain_e75_fs0,0,final,signsgd,unit-gain,full,75,0.003400000000000002,55,0.016213596533983944,99.41600000000001,0.3678703500747681,93.10000000000001,,,12.153066735998436
final_signsgd_unit-gain_e75_fs0,0,final,signsgd,unit-gain,full,75,0.003400000000000002,56,0.015706162342205645,99.476,0.3832851426124573,93.05,,,12.141496140997333
final_signsgd_unit-gain_e75_fs0,0,final,signsgd,unit-gain,full,75,0.003400000000000002,57,0.010952438703179359,99.644,0.407791890335083,92.99,,,12.145641932998842
final_signsgd_unit-gain_e75_fs0,0,final,signsgd,unit-gain,full,75,0.003400000000000002,58,0.01250076764665544,99.58,0.38964963779449463,92.97999999999999,,,12.147055495996028
final_signsgd_unit-gain_e75_fs0,0,final,signsgd,unit-gain,full,75,0.003400000000000002,59,0.0096518718733266,99.666,0.39922105751037595,93.08,,,12.140770890000567
final_signsgd_unit-gain_e75_fs0,0,final,signsgd,unit-gain,full,75,0.003400000000000002,60,0.007803712351061404,99.746,0.39455162687301637,93.2,,,12.144114371003525
final_signsgd_unit-gain_e75_fs0,0,final,signsgd,unit-gain,full,75,0.003400000000000002,61,0.007246492956466973,99.746,0.3760429235458374,93.27,,,12.150662022999313
final_signsgd_unit-gain_e75_fs0,0,final,signsgd,unit-gain,full,75,0.003400000000000002,62,0.005896194517239928,99.802,0.3720461075782776,93.28,,,12.146937156001513
final_signsgd_unit-gain_e75_fs0,0,final,signsgd,unit-gain,full,75,0.003400000000000002,63,0.00598076445903629,99.804,0.3823431360244751,93.47999999999999,,,12.148746557999402
final_signsgd_unit-gain_e75_fs0,0,final,signsgd,unit-gain,full,75,0.003400000000000002,64,0.004222431312542758,99.886,0.3889016127586365,93.53,,,12.137780761004251
final_signsgd_unit-gain_e75_fs0,0,final,signsgd,unit-gain,full,75,0.003400000000000002,65,0.0038957607005164025,99.882,0.3913569328308105,93.71000000000001,,,12.148985653002455
final_signsgd_unit-gain_e75_fs0,0,final,signsgd,unit-gain,full,75,0.003400000000000002,66,0.00315957634919323,99.902,0.3857109269618988,93.56,,,12.143313606000447
final_signsgd_unit-gain_e75_fs0,0,final,signsgd,unit-gain,full,75,0.003400000000000002,67,0.0031542078916728497,99.90400000000001,0.37695297269821165,93.67,,,12.148267067001143
final_signsgd_unit-gain_e75_fs0,0,final,signsgd,unit-gain,full,75,0.003400000000000002,68,0.002385508068203926,99.938,0.3803658456802368,93.58999999999999,,,12.136341461002303
final_signsgd_unit-gain_e75_fs0,0,final,signsgd,unit-gain,full,75,0.003400000000000002,69,0.002264479954452254,99.928,0.3863557244300842,93.67999999999999,,,12.15607627999998
final_signsgd_unit-gain_e75_fs0,0,final,signsgd,unit-gain,full,75,0.003400000000000002,70,0.0018856320398207753,99.954,0.38214350309371947,93.78999999999999,,,12.140146953999647
final_signsgd_unit-gain_e75_fs0,0,final,signsgd,unit-gain,full,75,0.003400000000000002,71,0.001581400728849694,99.956,0.38134167795181273,93.78999999999999,,,12.143138715997338
final_signsgd_unit-gain_e75_fs0,0,final,signsgd,unit-gain,full,75,0.003400000000000002,72,0.0014942145460424944,99.96199999999999,0.3905175031661987,93.76,,,12.137893108003482
final_signsgd_unit-gain_e75_fs0,0,final,signsgd,unit-gain,full,75,0.003400000000000002,73,0.001573590281791985,99.952,0.3909408052444458,93.75,,,12.141363620001357
final_signsgd_unit-gain_e75_fs0,0,final,signsgd,unit-gain,full,75,0.003400000000000002,74,0.0011475120359100402,99.966,0.3892104743003845,93.84,,,12.135932491997664
final_signsgd_unit-gain_e75_fs0,0,final,signsgd,unit-gain,full,75,0.003400000000000002,75,0.001130880757831037,99.97,0.3907493673324585,93.84,,,12.145589071995346
final_wd_ef21signmuon_mup_e75_fs0,0,wd,ef21signmuon,mup,full,75,0.017235477520255074,0,2.302811705932617,10.302,2.3027890270233153,10.38,,,
final_wd_ef21signmuon_mup_e75_fs0,0,wd,ef21signmuon,mup,full,75,0.017235477520255074,1,1.127622588043213,59.616,0.7535487011909485,75.22999999999999,,,15.523341631997027
final_wd_ef21signmuon_mup_e75_fs0,0,wd,ef21signmuon,mup,full,75,0.017235477520255074,2,0.5761755500221253,80.086,0.4996014030456543,83.25,,,14.877526078009396
final_wd_ef21signmuon_mup_e75_fs0,0,wd,ef21signmuon,mup,full,75,0.017235477520255074,3,0.42601056948661803,85.366,0.4424470639228821,84.63000000000001,,,14.898168501997134
final_wd_ef21signmuon_mup_e75_fs0,0,wd,ef21signmuon,mup,full,75,0.017235477520255074,4,0.3472582301902771,87.99,0.3404870756149292,88.31,,,14.907860962004634
final_wd_ef21signmuon_mup_e75_fs0,0,wd,ef21signmuon,mup,full,75,0.017235477520255074,5,0.28872063062667847,89.94,0.3590024397850037,87.78,,,14.905811691001873
final_wd_ef21signmuon_mup_e75_fs0,0,wd,ef21signmuon,mup,full,75,0.017235477520255074,6,0.2502396466064453,91.36,0.3460623206615448,89.11,,,14.905904536994058
final_wd_ef21signmuon_mup_e75_fs0,0,wd,ef21signmuon,mup,full,75,0.017235477520255074,7,0.21558599787712096,92.50399999999999,0.38756301140785215,88.05,,,14.906745553991641
final_wd_ef21signmuon_mup_e75_fs0,0,wd,ef21signmuon,mup,full,75,0.017235477520255074,8,0.18934932702064514,93.474,0.34990161752700805,89.46,,,14.908455569995567
final_wd_ef21signmuon_mup_e75_fs0,0,wd,ef21signmuon,mup,full,75,0.017235477520255074,9,0.16564856972694397,94.308,0.3330787023305893,89.99000000000001,,,14.910206126005505
final_wd_ef21signmuon_mup_e75_fs0,0,wd,ef21signmuon,mup,full,75,0.017235477520255074,10,0.14660331049919129,94.962,0.292985467672348,91.14,,,14.90075358998729
final_wd_ef21signmuon_mup_e75_fs0,0,wd,ef21signmuon,mup,full,75,0.017235477520255074,11,0.13093686086654663,95.404,0.31215044202804565,90.77,,,14.887962284992682
final_wd_ef21signmuon_mup_e75_fs0,0,wd,ef21signmuon,mup,full,75,0.017235477520255074,12,0.11801451391220093,95.994,0.2924110523700714,91.75999999999999,,,14.896398597004008
final_wd_ef21signmuon_mup_e75_fs0,0,wd,ef21signmuon,mup,full,75,0.017235477520255074,13,0.10454451395988465,96.308,0.28255842866897585,91.96,,,14.876658628010773
final_wd_ef21signmuon_mup_e75_fs0,0,wd,ef21signmuon,mup,full,75,0.017235477520255074,14,0.09336928566217423,96.67999999999999,0.3019627821445465,91.72,,,14.884346761013148
final_wd_ef21signmuon_mup_e75_fs0,0,wd,ef21signmuon,mup,full,75,0.017235477520255074,15,0.08474367245674133,96.94,0.3019511237859726,91.67999999999999,,,14.886714896012563
final_wd_ef21signmuon_mup_e75_fs0,0,wd,ef21signmuon,mup,full,75,0.017235477520255074,16,0.07826946068644523,97.3,0.319664106297493,91.82000000000001,,,14.875574042001972
final_wd_ef21signmuon_mup_e75_fs0,0,wd,ef21signmuon,mup,full,75,0.017235477520255074,17,0.07284627676725387,97.424,0.2950491239070892,92.25,,,14.892079729004763
final_wd_ef21signmuon_mup_e75_fs0,0,wd,ef21signmuon,mup,full,75,0.017235477520255074,18,0.06650659899711608,97.72800000000001,0.310593183016777,92.08,,,14.879448815001524
final_wd_ef21signmuon_mup_e75_fs0,0,wd,ef21signmuon,mup,full,75,0.017235477520255074,19,0.061531249655485155,97.894,0.3112381866455078,92.84,,,14.882591961009894
final_wd_ef21signmuon_mup_e75_fs0,0,wd,ef21signmuon,mup,full,75,0.017235477520255074,20,0.05680845031678677,98.018,0.3171904347896576,92.38,,,14.879807541001355
final_wd_ef21signmuon_mup_e75_fs0,0,wd,ef21signmuon,mup,full,75,0.017235477520255074,21,0.051099042000174524,98.19,0.3064867355823517,92.56,,,14.880910638006753
final_wd_ef21signmuon_mup_e75_fs0,0,wd,ef21signmuon,mup,full,75,0.017235477520255074,22,0.04737456986069679,98.38,0.3248907379150391,92.16,,,14.882555775009678
final_wd_ef21signmuon_mup_e75_fs0,0,wd,ef21signmuon,mup,full,75,0.017235477520255074,23,0.044594349135160444,98.494,0.3160694380760193,92.42,,,14.874331980012357
final_wd_ef21signmuon_mup_e75_fs0,0,wd,ef21signmuon,mup,full,75,0.017235477520255074,24,0.03876970500767231,98.68400000000001,0.3192938546180725,92.53,,,14.876584276003996
final_wd_ef21signmuon_mup_e75_fs0,0,wd,ef21signmuon,mup,full,75,0.017235477520255074,25,0.038692658360302445,98.658,0.3375407512664795,92.41,,,14.875923875006265
final_wd_ef21signmuon_mup_e75_fs0,0,wd,ef21signmuon,mup,full,75,0.017235477520255074,26,0.03530601289689541,98.774,0.33956359853744505,92.73,,,14.866906269991887
final_wd_ef21signmuon_mup_e75_fs0,0,wd,ef21signmuon,mup,full,75,0.017235477520255074,27,0.0329410511392355,98.874,0.3325382550239563,92.77,,,14.8811476569972
final_wd_ef21signmuon_mup_e75_fs0,0,wd,ef21signmuon,mup,full,75,0.017235477520255074,28,0.03211213682591915,98.934,0.335509339427948,92.81,,,14.880605657002889
final_wd_ef21signmuon_mup_e75_fs0,0,wd,ef21signmuon,mup,full,75,0.017235477520255074,29,0.02914925785601139,99.03,0.31084568619728087,93.31,,,14.879156747003435
final_wd_ef21signmuon_mup_e75_fs0,0,wd,ef21signmuon,mup,full,75,0.017235477520255074,30,0.02607265616029501,99.088,0.3122490683555603,93.25,,,14.87326497900358
final_wd_ef21signmuon_mup_e75_fs0,0,wd,ef21signmuon,mup,full,75,0.017235477520255074,31,0.025814153731614352,99.138,0.33064203729629515,92.95,,,14.870859900009236
final_wd_ef21signmuon_mup_e75_fs0,0,wd,ef21signmuon,mup,full,75,0.017235477520255074,32,0.022675453372895716,99.214,0.3384105092048645,92.73,,,14.86431316199014
final_wd_ef21signmuon_mup_e75_fs0,0,wd,ef21signmuon,mup,full,75,0.017235477520255074,33,0.020406263048686087,99.324,0.34960185890197754,92.96,,,14.866945879999548
final_wd_ef21signmuon_mup_e75_fs0,0,wd,ef21signmuon,mup,full,75,0.017235477520255074,34,0.018424524792283774,99.384,0.3529605634212494,93.17,,,14.87144176500442
final_wd_ef21signmuon_mup_e75_fs0,0,wd,ef21signmuon,mup,full,75,0.017235477520255074,35,0.01898945707000792,99.334,0.3512138487815857,93.32000000000001,,,14.872030092999921
final_wd_ef21signmuon_mup_e75_fs0,0,wd,ef21signmuon,mup,full,75,0.017235477520255074,36,0.017348588518947362,99.41600000000001,0.32978253097534177,93.7,,,14.872292432992253
final_wd_ef21signmuon_mup_e75_fs0,0,wd,ef21signmuon,mup,full,75,0.017235477520255074,37,0.01501577283065766,99.466,0.3428974996089935,93.28,,,14.870656971994322
final_wd_ef21signmuon_mup_e75_fs0,0,wd,ef21signmuon,mup,full,75,0.017235477520255074,38,0.013613752852715552,99.514,0.3494898349285126,93.32000000000001,,,14.866788553990773
final_wd_ef21signmuon_mup_e75_fs0,0,wd,ef21signmuon,mup,full,75,0.017235477520255074,39,0.012395817336328328,99.57000000000001,0.3408872307538986,93.52000000000001,,,14.865905704005854
final_wd_ef21signmuon_mup_e75_fs0,0,wd,ef21signmuon,mup,full,75,0.017235477520255074,40,0.011977180460002273,99.586,0.3357296619415283,93.67999999999999,,,14.87181128798693
final_wd_ef21signmuon_mup_e75_fs0,0,wd,ef21signmuon,mup,full,75,0.017235477520255074,41,0.01093615304893814,99.636,0.3569859241962433,93.32000000000001,,,14.869976349000353
final_wd_ef21signmuon_mup_e75_fs0,0,wd,ef21signmuon,mup,full,75,0.017235477520255074,42,0.009300580424368382,99.70400000000001,0.355085657787323,93.60000000000001,,,14.870872726998641
final_wd_ef21signmuon_mup_e75_fs0,0,wd,ef21signmuon,mup,full,75,0.017235477520255074,43,0.008663468891941011,99.702,0.3662849147796631,93.58999999999999,,,14.87507034400187
final_wd_ef21signmuon_mup_e75_fs0,0,wd,ef21signmuon,mup,full,75,0.017235477520255074,44,0.008474104883242399,99.722,0.3485964491009712,93.83,,,14.863016481001978
final_wd_ef21signmuon_mup_e75_fs0,0,wd,ef21signmuon,mup,full,75,0.017235477520255074,45,0.006213732816316187,99.778,0.36678967201709745,93.74,,,14.85652352400939
final_wd_ef21signmuon_mup_e75_fs0,0,wd,ef21signmuon,mup,full,75,0.017235477520255074,46,0.006077508995658718,99.80799999999999,0.37328499891757966,93.87,,,14.874261388002196
final_wd_ef21signmuon_mup_e75_fs0,0,wd,ef21signmuon,mup,full,75,0.017235477520255074,47,0.005262231189319864,99.816,0.3610701105158776,93.77,,,14.876661230999161
final_wd_ef21signmuon_mup_e75_fs0,0,wd,ef21signmuon,mup,full,75,0.017235477520255074,48,0.005546413401630707,99.822,0.3797598143577576,93.69,,,14.87077759699605
final_wd_ef21signmuon_mup_e75_fs0,0,wd,ef21signmuon,mup,full,75,0.017235477520255074,49,0.0048237963990774005,99.82799999999999,0.37587756407409906,93.89,,,14.871473899998819
final_wd_ef21signmuon_mup_e75_fs0,0,wd,ef21signmuon,mup,full,75,0.017235477520255074,50,0.004671183590358123,99.832,0.38276802434921264,93.71000000000001,,,14.870626898991759
final_wd_ef21signmuon_mup_e75_fs0,0,wd,ef21signmuon,mup,full,75,0.017235477520255074,51,0.003128988541229628,99.90400000000001,0.3668230998277664,93.93,,,14.875598964994424
final_wd_ef21signmuon_mup_e75_fs0,0,wd,ef21signmuon,mup,full,75,0.017235477520255074,52,0.0027481810366851277,99.88,0.3715924260377884,93.77,,,14.870818188006524
final_wd_ef21signmuon_mup_e75_fs0,0,wd,ef21signmuon,mup,full,75,0.017235477520255074,53,0.0022933199311466887,99.92999999999999,0.37193733830451964,94.05,,,14.874341486007324
final_wd_ef21signmuon_mup_e75_fs0,0,wd,ef21signmuon,mup,full,75,0.017235477520255074,54,0.0026106513528502545,99.92,0.3704140531539917,94.08,,,14.879610247997334
final_wd_ef21signmuon_mup_e75_fs0,0,wd,ef21signmuon,mup,full,75,0.017235477520255074,55,0.0022500698668125553,99.932,0.369837663602829,93.97999999999999,,,14.8721293189883
final_wd_ef21signmuon_mup_e75_fs0,0,wd,ef21signmuon,mup,full,75,0.017235477520255074,56,0.0022930141559964977,99.934,0.3644274138212204,94.03,,,14.877436572001898
final_wd_ef21signmuon_mup_e75_fs0,0,wd,ef21signmuon,mup,full,75,0.017235477520255074,57,0.0014593707177729812,99.96000000000001,0.3678706720471382,94.17,,,14.876396655992721
final_wd_ef21signmuon_mup_e75_fs0,0,wd,ef21signmuon,mup,full,75,0.017235477520255074,58,0.0010222050294827205,99.976,0.36173659498691557,94.36,,,14.877044074994046
final_wd_ef21signmuon_mup_e75_fs0,0,wd,ef21signmuon,mup,full,75,0.017235477520255074,59,0.0009688538381003309,99.976,0.37645650367736816,94.22,,,14.877180469993618
final_wd_ef21signmuon_mup_e75_fs0,0,wd,ef21signmuon,mup,full,75,0.017235477520255074,60,0.0008709230295295129,99.97200000000001,0.3790749250411987,94.31,,,14.867172001002473
final_wd_ef21signmuon_mup_e75_fs0,0,wd,ef21signmuon,mup,full,75,0.017235477520255074,61,0.0006460074306504976,99.97399999999999,0.3777014176368713,94.41000000000001,,,14.870411413998227
final_wd_ef21signmuon_mup_e75_fs0,0,wd,ef21signmuon,mup,full,75,0.017235477520255074,62,0.0007830696696776432,99.97399999999999,0.37154447565078735,94.39999999999999,,,14.866784862009808
final_wd_ef21signmuon_mup_e75_fs0,0,wd,ef21signmuon,mup,full,75,0.017235477520255074,63,0.0005928437776543433,99.978,0.37981789412498473,94.27,,,14.86203362699598
final_wd_ef21signmuon_mup_e75_fs0,0,wd,ef21signmuon,mup,full,75,0.017235477520255074,64,0.0004094907663682534,99.99,0.3709886791706085,94.43,,,14.871618303994182
final_wd_ef21signmuon_mup_e75_fs0,0,wd,ef21signmuon,mup,full,75,0.017235477520255074,65,0.0003803628323644807,99.984,0.3771320785045624,94.34,,,14.870746927990695
final_wd_ef21signmuon_mup_e75_fs0,0,wd,ef21signmuon,mup,full,75,0.017235477520255074,66,0.0003156270643667085,99.992,0.36914970648288725,94.35,,,14.870413547003409
final_wd_ef21signmuon_mup_e75_fs0,0,wd,ef21signmuon,mup,full,75,0.017235477520255074,67,0.00024190909736695175,99.998,0.36088355631828306,94.49,,,14.864199788993574
final_wd_ef21signmuon_mup_e75_fs0,0,wd,ef21signmuon,mup,full,75,0.017235477520255074,68,0.000256003006381361,99.996,0.36518228950500486,94.41000000000001,,,14.876499042002251
final_wd_ef21signmuon_mup_e75_fs0,0,wd,ef21signmuon,mup,full,75,0.017235477520255074,69,0.0002880150277604116,99.992,0.36604717876911164,94.49,,,14.869731439001043
final_wd_ef21signmuon_mup_e75_fs0,0,wd,ef21signmuon,mup,full,75,0.017235477520255074,70,0.00023473920381111385,99.992,0.3635816695213318,94.5,,,14.867013506998774
final_wd_ef21signmuon_mup_e75_fs0,0,wd,ef21signmuon,mup,full,75,0.017235477520255074,71,0.00017333050604880556,99.998,0.36204736104011537,94.63000000000001,,,14.867291971997474
final_wd_ef21signmuon_mup_e75_fs0,0,wd,ef21signmuon,mup,full,75,0.017235477520255074,72,0.00018001441529006114,99.994,0.3646308415412903,94.57,,,14.86716845400224
final_wd_ef21signmuon_mup_e75_fs0,0,wd,ef21signmuon,mup,full,75,0.017235477520255074,73,0.0001472256266133627,99.998,0.3672599658966064,94.59,,,14.8692215619958
final_wd_ef21signmuon_mup_e75_fs0,0,wd,ef21signmuon,mup,full,75,0.017235477520255074,74,8.997267462909804e-05,100.0,0.3641421122074127,94.65,,,14.866483481004252
final_wd_ef21signmuon_mup_e75_fs0,0,wd,ef21signmuon,mup,full,75,0.017235477520255074,75,0.00014508138842469635,99.996,0.3661121589183807,94.64,,,14.87788821500726
final_wd_muon_mup_e75_fs0,0,wd,muon,mup,full,75,0.03231652035047826,0,2.302811705932617,10.302,2.3027890270233153,10.38,,,
final_wd_muon_mup_e75_fs0,0,wd,muon,mup,full,75,0.03231652035047826,1,1.0718479027938843,61.766,0.7244710851669312,76.68,,,15.085799734006287
final_wd_muon_mup_e75_fs0,0,wd,muon,mup,full,75,0.03231652035047826,2,0.5536775810432434,80.93599999999999,0.5127686575889587,82.77,,,14.439991719002137
final_wd_muon_mup_e75_fs0,0,wd,muon,mup,full,75,0.03231652035047826,3,0.4161103955936432,85.72800000000001,0.44297544412612916,84.61,,,14.447652881004615
final_wd_muon_mup_e75_fs0,0,wd,muon,mup,full,75,0.03231652035047826,4,0.3420960300827026,88.26,0.41699779472351073,86.3,,,14.453217289003078
final_wd_muon_mup_e75_fs0,0,wd,muon,mup,full,75,0.03231652035047826,5,0.28302716472625733,90.318,0.34652694492340086,88.34,,,14.449078562989598
final_wd_muon_mup_e75_fs0,0,wd,muon,mup,full,75,0.03231652035047826,6,0.24472345016002656,91.56800000000001,0.3615911847114563,88.7,,,14.462955103997956
final_wd_muon_mup_e75_fs0,0,wd,muon,mup,full,75,0.03231652035047826,7,0.21569031964302063,92.54,0.3409524333000183,89.36,,,14.46435593199567
final_wd_muon_mup_e75_fs0,0,wd,muon,mup,full,75,0.03231652035047826,8,0.1846271862220764,93.548,0.3202926022052765,89.95,,,14.462731240011635
final_wd_muon_mup_e75_fs0,0,wd,muon,mup,full,75,0.03231652035047826,9,0.1652258159661293,94.238,0.3831187078714371,88.59,,,14.45628853800008
final_wd_muon_mup_e75_fs0,0,wd,muon,mup,full,75,0.03231652035047826,10,0.14769695714473724,94.92,0.30913428106307983,90.56,,,14.44864607299678
final_wd_muon_mup_e75_fs0,0,wd,muon,mup,full,75,0.03231652035047826,11,0.13146756034135818,95.49,0.3008999480724335,91.07,,,14.448278644995298
final_wd_muon_mup_e75_fs0,0,wd,muon,mup,full,75,0.03231652035047826,12,0.11847532219886779,95.928,0.3053442261695862,91.58,,,14.43699191599444
final_wd_muon_mup_e75_fs0,0,wd,muon,mup,full,75,0.03231652035047826,13,0.10577135051131248,96.356,0.2972175178527832,91.85,,,14.446702761997585
final_wd_muon_mup_e75_fs0,0,wd,muon,mup,full,75,0.03231652035047826,14,0.09426349699258804,96.736,0.31388069925308226,91.62,,,14.442747213994153
final_wd_muon_mup_e75_fs0,0,wd,muon,mup,full,75,0.03231652035047826,15,0.08749311748981475,96.944,0.3144587965965271,91.75999999999999,,,14.442117996994057
final_wd_muon_mup_e75_fs0,0,wd,muon,mup,full,75,0.03231652035047826,16,0.08210266377687454,97.18,0.3015793365478516,92.15,,,14.442901957998401
final_wd_muon_mup_e75_fs0,0,wd,muon,mup,full,75,0.03231652035047826,17,0.07434252157688141,97.378,0.2945597243309021,92.45,,,14.438945899004466
final_wd_muon_mup_e75_fs0,0,wd,muon,mup,full,75,0.03231652035047826,18,0.07006624758958817,97.61800000000001,0.3380088590145111,91.78,,,14.430107333013439
final_wd_muon_mup_e75_fs0,0,wd,muon,mup,full,75,0.03231652035047826,19,0.06280014015436172,97.806,0.30681568145751953,92.38,,,14.435883793004905
final_wd_muon_mup_e75_fs0,0,wd,muon,mup,full,75,0.03231652035047826,20,0.05783024944543839,97.988,0.3231970297336578,92.28,,,14.44269337100559
final_wd_muon_mup_e75_fs0,0,wd,muon,mup,full,75,0.03231652035047826,21,0.052545533714294435,98.18,0.3320664665699005,92.41,,,14.43889954900078
final_wd_muon_mup_e75_fs0,0,wd,muon,mup,full,75,0.03231652035047826,22,0.05240359805464745,98.194,0.29770040962696076,92.56,,,14.431125367002096
final_wd_muon_mup_e75_fs0,0,wd,muon,mup,full,75,0.03231652035047826,23,0.04623074495792389,98.406,0.3193192947387695,92.32000000000001,,,14.43555684000603
final_wd_muon_mup_e75_fs0,0,wd,muon,mup,full,75,0.03231652035047826,24,0.042821902228593826,98.528,0.33083071451187135,92.57,,,14.439900297002168
final_wd_muon_mup_e75_fs0,0,wd,muon,mup,full,75,0.03231652035047826,25,0.03823573124885559,98.658,0.33039514236450196,92.5,,,14.431043061995297
final_wd_muon_mup_e75_fs0,0,wd,muon,mup,full,75,0.03231652035047826,26,0.0370131925162673,98.752,0.3497577356338501,92.63,,,14.43546302599134
final_wd_muon_mup_e75_fs0,0,wd,muon,mup,full,75,0.03231652035047826,27,0.03545384329974651,98.768,0.3247425985813141,92.92,,,14.448414558995864
final_wd_muon_mup_e75_fs0,0,wd,muon,mup,full,75,0.03231652035047826,28,0.032038372531533243,98.874,0.3353341401100159,93.10000000000001,,,14.430018801009282
final_wd_muon_mup_e75_fs0,0,wd,muon,mup,full,75,0.03231652035047826,29,0.029997268495708704,98.97399999999999,0.34475674209594726,92.74,,,14.439465417002793
final_wd_muon_mup_e75_fs0,0,wd,muon,mup,full,75,0.03231652035047826,30,0.02640803778037429,99.102,0.34237226557731626,93.14,,,14.438958925995394
final_wd_muon_mup_e75_fs0,0,wd,muon,mup,full,75,0.03231652035047826,31,0.0268037704141438,99.064,0.3446719642162323,93.15,,,14.434561827001744
final_wd_muon_mup_e75_fs0,0,wd,muon,mup,full,75,0.03231652035047826,32,0.023227078393548727,99.18599999999999,0.34957121324539187,93.03,,,14.4326370540075
final_wd_muon_mup_e75_fs0,0,wd,muon,mup,full,75,0.03231652035047826,33,0.023051197131723166,99.176,0.3565742733001709,93.01,,,14.430839713997557
final_wd_muon_mup_e75_fs0,0,wd,muon,mup,full,75,0.03231652035047826,34,0.02007550852097571,99.28399999999999,0.35692393989562987,92.86,,,14.43364129899419
final_wd_muon_mup_e75_fs0,0,wd,muon,mup,full,75,0.03231652035047826,35,0.019822453382462264,99.29,0.36285059623718263,93.28,,,14.430430028995033
final_wd_muon_mup_e75_fs0,0,wd,muon,mup,full,75,0.03231652035047826,36,0.019130994215458632,99.35000000000001,0.35985945925712587,93.07,,,14.437546670989832
final_wd_muon_mup_e75_fs0,0,wd,muon,mup,full,75,0.03231652035047826,37,0.01694726811222732,99.438,0.35435922150611876,93.30000000000001,,,14.432844594994094
final_wd_muon_mup_e75_fs0,0,wd,muon,mup,full,75,0.03231652035047826,38,0.015011670775711536,99.466,0.34729978728294375,93.38,,,14.430627031993936
final_wd_muon_mup_e75_fs0,0,wd,muon,mup,full,75,0.03231652035047826,39,0.014065391251072288,99.514,0.344406440448761,93.10000000000001,,,14.437502928005415
final_wd_muon_mup_e75_fs0,0,wd,muon,mup,full,75,0.03231652035047826,40,0.014043499052748085,99.55199999999999,0.33820632257461547,93.51,,,14.434695818999899
final_wd_muon_mup_e75_fs0,0,wd,muon,mup,full,75,0.03231652035047826,41,0.012439036770164967,99.56,0.3746853800773621,93.53,,,14.432920417995774
final_wd_muon_mup_e75_fs0,0,wd,muon,mup,full,75,0.03231652035047826,42,0.010942601602356881,99.618,0.35303171920776366,93.54,,,14.434581602996332
final_wd_muon_mup_e75_fs0,0,wd,muon,mup,full,75,0.03231652035047826,43,0.009828511829301716,99.676,0.36250854330062865,93.54,,,14.435746506991563
final_wd_muon_mup_e75_fs0,0,wd,muon,mup,full,75,0.03231652035047826,44,0.007871713139014318,99.734,0.3699458144187927,93.52000000000001,,,14.437919288990088
final_wd_muon_mup_e75_fs0,0,wd,muon,mup,full,75,0.03231652035047826,45,0.007352671620566398,99.752,0.3580817368507385,93.78999999999999,,,14.439841489001992
final_wd_muon_mup_e75_fs0,0,wd,muon,mup,full,75,0.03231652035047826,46,0.007858606722066178,99.72800000000001,0.3719235008716583,93.66,,,14.449355061995448
final_wd_muon_mup_e75_fs0,0,wd,muon,mup,full,75,0.03231652035047826,47,0.0062435508370865134,99.776,0.37253240222930906,93.63,,,14.442839206007193
final_wd_muon_mup_e75_fs0,0,wd,muon,mup,full,75,0.03231652035047826,48,0.005432174799079075,99.822,0.375779008769989,93.64,,,14.439191247001872
final_wd_muon_mup_e75_fs0,0,wd,muon,mup,full,75,0.03231652035047826,49,0.005366240445561707,99.812,0.36998178186416625,93.38,,,14.437458857006277
final_wd_muon_mup_e75_fs0,0,wd,muon,mup,full,75,0.03231652035047826,50,0.0048073497288418,99.824,0.3746156386375427,93.89,,,14.44222107900714
final_wd_muon_mup_e75_fs0,0,wd,muon,mup,full,75,0.03231652035047826,51,0.004071565268258564,99.868,0.388382311630249,93.93,,,14.450888726001722
final_wd_muon_mup_e75_fs0,0,wd,muon,mup,full,75,0.03231652035047826,52,0.003890150440640282,99.88,0.37929018959999083,93.85,,,14.435510181996506
final_wd_muon_mup_e75_fs0,0,wd,muon,mup,full,75,0.03231652035047826,53,0.0031796916939504445,99.898,0.39454199047088623,93.82000000000001,,,14.444957466999767
final_wd_muon_mup_e75_fs0,0,wd,muon,mup,full,75,0.03231652035047826,54,0.0027224592997028957,99.90599999999999,0.38522910855412484,94.04,,,14.440983983004116
final_wd_muon_mup_e75_fs0,0,wd,muon,mup,full,75,0.03231652035047826,55,0.0020560832881942044,99.932,0.3838642491340637,94.02000000000001,,,14.442405352005153
final_wd_muon_mup_e75_fs0,0,wd,muon,mup,full,75,0.03231652035047826,56,0.0018955155251850373,99.936,0.39515159816741946,94.02000000000001,,,14.441243533001398
final_wd_muon_mup_e75_fs0,0,wd,muon,mup,full,75,0.03231652035047826,57,0.0015012521825078875,99.94800000000001,0.38858579535484317,94.05,,,14.436838813999202
final_wd_muon_mup_e75_fs0,0,wd,muon,mup,full,75,0.03231652035047826,58,0.001375918204710033,99.96000000000001,0.3831590524673462,94.14,,,14.443209218006814
final_wd_muon_mup_e75_fs0,0,wd,muon,mup,full,75,0.03231652035047826,59,0.0008362930389377288,99.97,0.39783617920875547,93.94,,,14.439692336993176
final_wd_muon_mup_e75_fs0,0,wd,muon,mup,full,75,0.03231652035047826,60,0.0010625805464229779,99.96000000000001,0.397522874546051,93.92,,,14.442032902006758
final_wd_muon_mup_e75_fs0,0,wd,muon,mup,full,75,0.03231652035047826,61,0.001173624267654377,99.964,0.3956075298309326,94.08999999999999,,,14.433594582995283
final_wd_muon_mup_e75_fs0,0,wd,muon,mup,full,75,0.03231652035047826,62,0.0007448343875270803,99.978,0.39434251079559324,94.1,,,14.43489724599931
final_wd_muon_mup_e75_fs0,0,wd,muon,mup,full,75,0.03231652035047826,63,0.0003844809368916322,99.99,0.3942248950958252,94.14,,,14.43842596700415
final_wd_muon_mup_e75_fs0,0,wd,muon,mup,full,75,0.03231652035047826,64,0.0005828192585718352,99.98599999999999,0.39132824096679686,94.23,,,14.440753778995713
final_wd_muon_mup_e75_fs0,0,wd,muon,mup,full,75,0.03231652035047826,65,0.0003609841330786003,99.98599999999999,0.39033404226303103,94.17,,,14.436043073990732
final_wd_muon_mup_e75_fs0,0,wd,muon,mup,full,75,0.03231652035047826,66,0.00033655858359124975,99.988,0.38802604904174803,94.23,,,14.431290218999493
final_wd_muon_mup_e75_fs0,0,wd,muon,mup,full,75,0.03231652035047826,67,0.0002794491508285864,99.992,0.3834059892654419,94.21000000000001,,,14.434934128003079
final_wd_muon_mup_e75_fs0,0,wd,muon,mup,full,75,0.03231652035047826,68,0.00031886947178296393,99.99,0.38314665231704714,94.26,,,14.430135791000794
final_wd_muon_mup_e75_fs0,0,wd,muon,mup,full,75,0.03231652035047826,69,0.00022237438730473514,99.992,0.3866641432762146,94.45,,,14.438951414995245
final_wd_muon_mup_e75_fs0,0,wd,muon,mup,full,75,0.03231652035047826,70,0.00021101189442008036,99.994,0.3852564658164978,94.36,,,14.433190697003738
final_wd_muon_mup_e75_fs0,0,wd,muon,mup,full,75,0.03231652035047826,71,0.0001670081702704556,99.996,0.3836729115486145,94.41000000000001,,,14.429834755006596
final_wd_muon_mup_e75_fs0,0,wd,muon,mup,full,75,0.03231652035047826,72,0.0001583557065090281,99.996,0.38470076141357423,94.32000000000001,,,14.437470541000948
final_wd_muon_mup_e75_fs0,0,wd,muon,mup,full,75,0.03231652035047826,73,0.00015931932223524199,99.992,0.3891433506965637,94.41000000000001,,,14.435919698997168
final_wd_muon_mup_e75_fs0,0,wd,muon,mup,full,75,0.03231652035047826,74,0.00012646081097700517,99.996,0.3841743135452271,94.44,,,14.441085846003261
final_wd_muon_mup_e75_fs0,0,wd,muon,mup,full,75,0.03231652035047826,75,0.0002975979443397955,99.99,0.38585408973693847,94.41000000000001,,,14.43439472001046
final_wd_signmuon_mup_e75_fs0,0,wd,signmuon,mup,full,75,0.5347110336321922,0,2.302811705932617,10.302,2.3027890270233153,10.38,,,
final_wd_signmuon_mup_e75_fs0,0,wd,signmuon,mup,full,75,0.5347110336321922,1,1.0895915521812438,61.21,0.7173819588661194,76.31,,,15.130604316000245
final_wd_signmuon_mup_e75_fs0,0,wd,signmuon,mup,full,75,0.5347110336321922,2,0.5731352172660827,80.294,0.5160031967163086,83.04,,,14.493432507995749
final_wd_signmuon_mup_e75_fs0,0,wd,signmuon,mup,full,75,0.5347110336321922,3,0.4411430053806305,84.80799999999999,0.4368636865139008,84.89,,,14.505383465002524
final_wd_signmuon_mup_e75_fs0,0,wd,signmuon,mup,full,75,0.5347110336321922,4,0.37450022747039796,87.278,0.42178687930107117,86.11999999999999,,,14.517041714003426
final_wd_signmuon_mup_e75_fs0,0,wd,signmuon,mup,full,75,0.5347110336321922,5,0.320924904460907,88.974,0.36137764739990236,87.44,,,14.514930881006876
final_wd_signmuon_mup_e75_fs0,0,wd,signmuon,mup,full,75,0.5347110336321922,6,0.2890923009300232,89.922,0.35928165073394774,88.42,,,14.518900707000284
final_wd_signmuon_mup_e75_fs0,0,wd,signmuon,mup,full,75,0.5347110336321922,7,0.25993481464385987,91.11,0.3442234375,88.47,,,14.509466171002714
final_wd_signmuon_mup_e75_fs0,0,wd,signmuon,mup,full,75,0.5347110336321922,8,0.24246085035800935,91.69,0.33637864985466004,89.27000000000001,,,14.51314674699097
final_wd_signmuon_mup_e75_fs0,0,wd,signmuon,mup,full,75,0.5347110336321922,9,0.22109390921592711,92.5,0.41646950179338454,87.2,,,14.509966031007934
final_wd_signmuon_mup_e75_fs0,0,wd,signmuon,mup,full,75,0.5347110336321922,10,0.2092528118801117,92.676,0.31058975825309754,90.10000000000001,,,14.511253962002229
final_wd_signmuon_mup_e75_fs0,0,wd,signmuon,mup,full,75,0.5347110336321922,11,0.1982653294944763,93.216,0.33305681610107424,89.46,,,14.506964057000005
final_wd_signmuon_mup_e75_fs0,0,wd,signmuon,mup,full,75,0.5347110336321922,12,0.18596831708908082,93.584,0.35662931022644045,89.18,,,14.506604000009247
final_wd_signmuon_mup_e75_fs0,0,wd,signmuon,mup,full,75,0.5347110336321922,13,0.18308086136341095,93.592,0.3443397820711136,89.66,,,14.503859905991703
final_wd_signmuon_mup_e75_fs0,0,wd,signmuon,mup,full,75,0.5347110336321922,14,0.17169202626705168,93.974,0.2945643243789673,91.10000000000001,,,14.500747903002775
final_wd_signmuon_mup_e75_fs0,0,wd,signmuon,mup,full,75,0.5347110336321922,15,0.16457334970474244,94.336,0.27345005502700803,91.28,,,14.49902719000238
final_wd_signmuon_mup_e75_fs0,0,wd,signmuon,mup,full,75,0.5347110336321922,16,0.15823544682025908,94.6,0.32519798316955567,90.68,,,14.501847024002927
final_wd_signmuon_mup_e75_fs0,0,wd,signmuon,mup,full,75,0.5347110336321922,17,0.15317192423820494,94.674,0.30728913795948026,90.64999999999999,,,14.504342411004473
final_wd_signmuon_mup_e75_fs0,0,wd,signmuon,mup,full,75,0.5347110336321922,18,0.14797569581985473,94.846,0.3353522575378418,90.19,,,14.498608302004868
final_wd_signmuon_mup_e75_fs0,0,wd,signmuon,mup,full,75,0.5347110336321922,19,0.13785629486083983,95.218,0.3048796489715576,91.14,,,14.499612799001625
final_wd_signmuon_mup_e75_fs0,0,wd,signmuon,mup,full,75,0.5347110336321922,20,0.14027400737524032,95.218,0.33255798110961915,90.25999999999999,,,14.496542580993264
final_wd_signmuon_mup_e75_fs0,0,wd,signmuon,mup,full,75,0.5347110336321922,21,0.1347115490436554,95.38,0.29212623057365417,91.39,,,14.495462771999883
final_wd_signmuon_mup_e75_fs0,0,wd,signmuon,mup,full,75,0.5347110336321922,22,0.12946979835391045,95.542,0.29900036516189576,90.97,,,14.502121918005287
final_wd_signmuon_mup_e75_fs0,0,wd,signmuon,mup,full,75,0.5347110336321922,23,0.12406506310462952,95.65,0.2902917802810669,91.64,,,14.496246941998834
final_wd_signmuon_mup_e75_fs0,0,wd,signmuon,mup,full,75,0.5347110336321922,24,0.11907771045684815,95.856,0.3058189395904541,91.34,,,14.494808606003062
final_wd_signmuon_mup_e75_fs0,0,wd,signmuon,mup,full,75,0.5347110336321922,25,0.1168835111093521,95.982,0.32688551697731016,90.64,,,14.49132169999939
final_wd_signmuon_mup_e75_fs0,0,wd,signmuon,mup,full,75,0.5347110336321922,26,0.11079551082611085,96.238,0.28991435174942015,91.86,,,14.485940426005982
final_wd_signmuon_mup_e75_fs0,0,wd,signmuon,mup,full,75,0.5347110336321922,27,0.10645818711519241,96.352,0.27437957816123965,92.09,,,14.49155872600386
final_wd_signmuon_mup_e75_fs0,0,wd,signmuon,mup,full,75,0.5347110336321922,28,0.10532346946835518,96.32,0.3033779836654663,91.58,,,14.498638445991674
final_wd_signmuon_mup_e75_fs0,0,wd,signmuon,mup,full,75,0.5347110336321922,29,0.10166529588699341,96.54,0.29083700063228607,91.99000000000001,,,14.499059119989397
final_wd_signmuon_mup_e75_fs0,0,wd,signmuon,mup,full,75,0.5347110336321922,30,0.09341107666969299,96.67999999999999,0.2867194061279297,92.17,,,14.491022389993304
final_wd_signmuon_mup_e75_fs0,0,wd,signmuon,mup,full,75,0.5347110336321922,31,0.09025281546354294,96.858,0.3021095421135426,91.53999999999999,,,14.49248262400215
final_wd_signmuon_mup_e75_fs0,0,wd,signmuon,mup,full,75,0.5347110336321922,32,0.08858779585599899,96.918,0.29777768716812136,91.89,,,14.495811307991971
final_wd_signmuon_mup_e75_fs0,0,wd,signmuon,mup,full,75,0.5347110336321922,33,0.08306747193574905,97.11,0.3010151213645935,92.17,,,14.493515587004367
final_wd_signmuon_mup_e75_fs0,0,wd,signmuon,mup,full,75,0.5347110336321922,34,0.08109543595552444,97.20400000000001,0.30662755036354067,92.15,,,14.484065059004934
final_wd_signmuon_mup_e75_fs0,0,wd,signmuon,mup,full,75,0.5347110336321922,35,0.07768962368488312,97.35000000000001,0.2737701990604401,92.5,,,14.482412877012393
final_wd_signmuon_mup_e75_fs0,0,wd,signmuon,mup,full,75,0.5347110336321922,36,0.06990093551397324,97.626,0.3394630343437195,92.04,,,14.486230752998381
final_wd_signmuon_mup_e75_fs0,0,wd,signmuon,mup,full,75,0.5347110336321922,37,0.06915908626317978,97.604,0.2728712415456772,92.67,,,14.479956923998543
final_wd_signmuon_mup_e75_fs0,0,wd,signmuon,mup,full,75,0.5347110336321922,38,0.06477407076835633,97.788,0.2714982370376587,92.96,,,14.491384305001702
final_wd_signmuon_mup_e75_fs0,0,wd,signmuon,mup,full,75,0.5347110336321922,39,0.061885531420707705,97.85199999999999,0.2980344976425171,92.25999999999999,,,14.489041824999731
final_wd_signmuon_mup_e75_fs0,0,wd,signmuon,mup,full,75,0.5347110336321922,40,0.06179408994674682,97.86399999999999,0.28362260171175,92.91,,,14.478773770999396
final_wd_signmuon_mup_e75_fs0,0,wd,signmuon,mup,full,75,0.5347110336321922,41,0.05660683337450027,98.09400000000001,0.2984772552013397,92.55,,,14.484062458010158
final_wd_signmuon_mup_e75_fs0,0,wd,signmuon,mup,full,75,0.5347110336321922,42,0.04987090641260147,98.22,0.27514746503829957,93.24,,,14.479187260003528
final_wd_signmuon_mup_e75_fs0,0,wd,signmuon,mup,full,75,0.5347110336321922,43,0.04732811547279358,98.414,0.30459780621528626,92.49000000000001,,,14.481073900009505
final_wd_signmuon_mup_e75_fs0,0,wd,signmuon,mup,full,75,0.5347110336321922,44,0.044567509775161745,98.47,0.3280930933952332,92.2,,,14.497411428994383
final_wd_signmuon_mup_e75_fs0,0,wd,signmuon,mup,full,75,0.5347110336321922,45,0.04276797253370285,98.538,0.3087833710670471,92.82000000000001,,,14.488028005012893
final_wd_signmuon_mup_e75_fs0,0,wd,signmuon,mup,full,75,0.5347110336321922,46,0.037385613242387775,98.712,0.3181801013946533,92.94,,,14.483354178999434
final_wd_signmuon_mup_e75_fs0,0,wd,signmuon,mup,full,75,0.5347110336321922,47,0.034429580056369306,98.85000000000001,0.2831620373725891,93.54,,,14.491772915993351
final_wd_signmuon_mup_e75_fs0,0,wd,signmuon,mup,full,75,0.5347110336321922,48,0.03190612992286682,98.87599999999999,0.2926305627822876,93.34,,,14.493986305009457
final_wd_signmuon_mup_e75_fs0,0,wd,signmuon,mup,full,75,0.5347110336321922,49,0.02984399082377553,98.98599999999999,0.3211820399284363,93.08999999999999,,,14.4872973219899
final_wd_signmuon_mup_e75_fs0,0,wd,signmuon,mup,full,75,0.5347110336321922,50,0.02564478237628937,99.1,0.2853010506153107,93.49,,,14.491751330991974
final_wd_signmuon_mup_e75_fs0,0,wd,signmuon,mup,full,75,0.5347110336321922,51,0.02461471647441387,99.18599999999999,0.30063850479125975,93.63,,,14.490933055014466
final_wd_signmuon_mup_e75_fs0,0,wd,signmuon,mup,full,75,0.5347110336321922,52,0.020103382446952166,99.304,0.30079912486076354,93.84,,,14.482166671004961
final_wd_signmuon_mup_e75_fs0,0,wd,signmuon,mup,full,75,0.5347110336321922,53,0.01921601730644703,99.372,0.3233956643104553,93.4,,,14.47685544900014
final_wd_signmuon_mup_e75_fs0,0,wd,signmuon,mup,full,75,0.5347110336321922,54,0.01654205651283264,99.414,0.30990547456741335,93.7,,,14.478810329994303
final_wd_signmuon_mup_e75_fs0,0,wd,signmuon,mup,full,75,0.5347110336321922,55,0.01451804636798799,99.518,0.2884541000366211,94.04,,,14.478147182991961
final_wd_signmuon_mup_e75_fs0,0,wd,signmuon,mup,full,75,0.5347110336321922,56,0.01289214540630579,99.564,0.3068780358314514,93.74,,,14.473312720001559
final_wd_signmuon_mup_e75_fs0,0,wd,signmuon,mup,full,75,0.5347110336321922,57,0.011233246124535799,99.622,0.32174248113632203,93.88,,,14.48318233700411
final_wd_signmuon_mup_e75_fs0,0,wd,signmuon,mup,full,75,0.5347110336321922,58,0.009571067573651672,99.676,0.31273513250350954,93.8,,,14.486370209007873
final_wd_signmuon_mup_e75_fs0,0,wd,signmuon,mup,full,75,0.5347110336321922,59,0.008065371418837458,99.738,0.3010270147323608,94.28,,,14.481934406008804
final_wd_signmuon_mup_e75_fs0,0,wd,signmuon,mup,full,75,0.5347110336321922,60,0.006165269207544625,99.81400000000001,0.3117606977939606,94.19,,,14.477654251997592
final_wd_signmuon_mup_e75_fs0,0,wd,signmuon,mup,full,75,0.5347110336321922,61,0.004940952395386994,99.848,0.30713623106479643,94.19,,,14.490018418990076
final_wd_signmuon_mup_e75_fs0,0,wd,signmuon,mup,full,75,0.5347110336321922,62,0.004270213032905012,99.876,0.29917741003036497,94.45,,,14.495027690994903
final_wd_signmuon_mup_e75_fs0,0,wd,signmuon,mup,full,75,0.5347110336321922,63,0.0030383767022844404,99.90599999999999,0.3066434239387512,94.58,,,14.491215927002486
final_wd_signmuon_mup_e75_fs0,0,wd,signmuon,mup,full,75,0.5347110336321922,64,0.00239626003916841,99.92999999999999,0.3055921361923218,94.49,,,14.492888091990608
final_wd_signmuon_mup_e75_fs0,0,wd,signmuon,mup,full,75,0.5347110336321922,65,0.0020233879533293657,99.936,0.30132168946266175,94.52000000000001,,,14.485496331006289
final_wd_signmuon_mup_e75_fs0,0,wd,signmuon,mup,full,75,0.5347110336321922,66,0.0020110445826826617,99.94,0.30207048807144166,94.43,,,14.483192358995439
final_wd_signmuon_mup_e75_fs0,0,wd,signmuon,mup,full,75,0.5347110336321922,67,0.0012079764734511263,99.97,0.29414940257072447,94.75,,,14.486185482004657
final_wd_signmuon_mup_e75_fs0,0,wd,signmuon,mup,full,75,0.5347110336321922,68,0.0010673080659052358,99.964,0.2940843943595886,94.85,,,14.493118533006054
final_wd_signmuon_mup_e75_fs0,0,wd,signmuon,mup,full,75,0.5347110336321922,69,0.0009791112571698613,99.97200000000001,0.2970587520122528,94.78999999999999,,,14.498477764995187
final_wd_signmuon_mup_e75_fs0,0,wd,signmuon,mup,full,75,0.5347110336321922,70,0.0009219857317698188,99.98,0.2967496387004852,94.84,,,14.498968910003896
final_wd_signmuon_mup_e75_fs0,0,wd,signmuon,mup,full,75,0.5347110336321922,71,0.0004895937744126423,99.99,0.2947467958450317,94.83,,,14.497595466993516
final_wd_signmuon_mup_e75_fs0,0,wd,signmuon,mup,full,75,0.5347110336321922,72,0.0006025351438438519,99.988,0.294969682598114,94.88,,,14.501117771011195
final_wd_signmuon_mup_e75_fs0,0,wd,signmuon,mup,full,75,0.5347110336321922,73,0.00036053102505364225,99.992,0.29760976643562315,94.84,,,14.485200286988402
final_wd_signmuon_mup_e75_fs0,0,wd,signmuon,mup,full,75,0.5347110336321922,74,0.0003418394559517037,99.992,0.29442105832099913,94.92,,,14.494407897000201
final_wd_signmuon_mup_e75_fs0,0,wd,signmuon,mup,full,75,0.5347110336321922,75,0.00033574909525690603,99.99,0.29637343139648437,94.84,,,14.488360257004388
tune_alpha0.5_signmuon_lr0.003394_e15_t,0,alpha,signmuon,power:0.5,tune,15,0.0033941125496954275,0,2.3028948455810547,10.246666666666666,2.302789026641846,10.38,2.3021115951538085,10.34,
tune_alpha0.5_signmuon_lr0.003394_e15_t,0,alpha,signmuon,power:0.5,tune,15,0.0033941125496954275,1,1.2694680441538493,53.80444444444444,0.7881717239379883,72.2,0.8099877274513244,71.52,13.638575181998021
tune_alpha0.5_signmuon_lr0.003394_e15_t,0,alpha,signmuon,power:0.5,tune,15,0.0033941125496954275,2,0.672343311436971,76.74,0.7016869382858276,76.51,0.7205943322658539,76.03999999999999,13.001426627997716
tune_alpha0.5_signmuon_lr0.003394_e15_t,0,alpha,signmuon,power:0.5,tune,15,0.0033941125496954275,3,0.4912460822635227,83.12888888888888,0.5639551162719727,81.31,0.561023680639267,81.17999999999999,13.01294798500021
tune_alpha0.5_signmuon_lr0.003394_e15_t,0,alpha,signmuon,power:0.5,tune,15,0.0033941125496954275,4,0.3890562081019084,86.68,0.4081249461650848,86.1,0.41675533452033997,85.92,13.008009522003704
tune_alpha0.5_signmuon_lr0.003394_e15_t,0,alpha,signmuon,power:0.5,tune,15,0.0033941125496954275,5,0.3153650779724121,89.16666666666667,0.3886276361465454,87.4,0.3751180630683899,87.42,13.023264064999239
tune_alpha0.5_signmuon_lr0.003394_e15_t,0,alpha,signmuon,power:0.5,tune,15,0.0033941125496954275,6,0.25935299842092724,91.0488888888889,0.3418127110481262,88.77000000000001,0.34940226879119873,88.62,13.033220744000573
tune_alpha0.5_signmuon_lr0.003394_e15_t,0,alpha,signmuon,power:0.5,tune,15,0.0033941125496954275,7,0.2075272185696496,92.84222222222223,0.3246987771034241,89.45,0.31638298568725587,89.53999999999999,13.032343589002267
tune_alpha0.5_signmuon_lr0.003394_e15_t,0,alpha,signmuon,power:0.5,tune,15,0.0033941125496954275,8,0.168663782787323,94.2511111111111,0.3285736969947815,89.56,0.3209651081085205,89.8,13.033635146995948
tune_alpha0.5_signmuon_lr0.003394_e15_t,0,alpha,signmuon,power:0.5,tune,15,0.0033941125496954275,9,0.12690020483599768,95.67333333333333,0.31694157214164737,90.14,0.28737527742385865,91.10000000000001,13.02605239499826
tune_alpha0.5_signmuon_lr0.003394_e15_t,0,alpha,signmuon,power:0.5,tune,15,0.0033941125496954275,10,0.09913663773536682,96.61555555555556,0.31668109903335573,90.75999999999999,0.30070786056518556,91.03999999999999,13.022931906001759
tune_alpha0.5_signmuon_lr0.003394_e15_t,0,alpha,signmuon,power:0.5,tune,15,0.0033941125496954275,11,0.07190014939440621,97.52666666666666,0.3100899257183075,91.17,0.2990712808609009,91.2,13.022417136999138
tune_alpha0.5_signmuon_lr0.003394_e15_t,0,alpha,signmuon,power:0.5,tune,15,0.0033941125496954275,12,0.053341783531506856,98.27333333333334,0.3010026436328888,91.64,0.29073353366851806,91.9,13.023811958002625
tune_alpha0.5_signmuon_lr0.003394_e15_t,0,alpha,signmuon,power:0.5,tune,15,0.0033941125496954275,13,0.04123713674810198,98.69777777777777,0.2999084195613861,91.91,0.28251021156311035,92.0,13.026494281999476
tune_alpha0.5_signmuon_lr0.003394_e15_t,0,alpha,signmuon,power:0.5,tune,15,0.0033941125496954275,14,0.03260100711319182,99.04666666666667,0.302817015838623,91.94,0.2851440110206604,92.14,13.023413293994963
tune_alpha0.5_signmuon_lr0.003394_e15_t,0,alpha,signmuon,power:0.5,tune,15,0.0033941125496954275,15,0.02821714783642027,99.21111111111112,0.30024145011901854,91.95,0.28626242666244506,92.10000000000001,13.022348108999722
tune_alpha0.5_signmuon_lr0.01073_e15_t,0,alpha,signmuon,power:0.5,tune,15,0.010733126291998988,0,2.3028948455810547,10.246666666666666,2.3027890270233153,10.38,2.3021115951538085,10.34,
tune_alpha0.5_signmuon_lr0.01073_e15_t,0,alpha,signmuon,power:0.5,tune,15,0.010733126291998988,1,1.1122258105807834,60.086666666666666,0.6661533890724182,77.46,0.6820740056037903,77.2,13.664145902002929
tune_alpha0.5_signmuon_lr0.01073_e15_t,0,alpha,signmuon,power:0.5,tune,15,0.010733126291998988,2,0.5797168819745382,79.97777777777777,0.6252755675792694,79.42,0.6226875541687011,79.46,13.0271373009964
tune_alpha0.5_signmuon_lr0.01073_e15_t,0,alpha,signmuon,power:0.5,tune,15,0.010733126291998988,3,0.43456487947040134,85.11555555555556,0.4553063074111938,84.64,0.4647194187164307,84.24000000000001,13.03990155399515
tune_alpha0.5_signmuon_lr0.01073_e15_t,0,alpha,signmuon,power:0.5,tune,15,0.010733126291998988,4,0.34442116374969484,88.05333333333333,0.3723456181526184,87.45,0.38565751905441287,86.96000000000001,13.049660216995107
tune_alpha0.5_signmuon_lr0.01073_e15_t,0,alpha,signmuon,power:0.5,tune,15,0.010733126291998988,5,0.27990365799797906,90.36888888888889,0.35282045187950134,88.25,0.3489301441192627,88.68,13.05091051600175
tune_alpha0.5_signmuon_lr0.01073_e15_t,0,alpha,signmuon,power:0.5,tune,15,0.010733126291998988,6,0.22977093039618599,92.3288888888889,0.3128316940307617,89.57000000000001,0.31319637603759765,89.38000000000001,13.06396456999937
tune_alpha0.5_signmuon_lr0.01073_e15_t,0,alpha,signmuon,power:0.5,tune,15,0.010733126291998988,7,0.18299066717889573,93.80222222222223,0.29330717315673827,90.86,0.2916663690567017,90.56,13.069943260998116
tune_alpha0.5_signmuon_lr0.01073_e15_t,0,alpha,signmuon,power:0.5,tune,15,0.010733126291998988,8,0.14224561813937292,95.13777777777777,0.299543266248703,90.75,0.29067035207748415,90.42,13.070044698004494
tune_alpha0.5_signmuon_lr0.01073_e15_t,0,alpha,signmuon,power:0.5,tune,15,0.010733126291998988,9,0.10583133037355211,96.3711111111111,0.2712229571342468,91.84,0.2772873857498169,91.28,13.063210050000635
tune_alpha0.5_signmuon_lr0.01073_e15_t,0,alpha,signmuon,power:0.5,tune,15,0.010733126291998988,10,0.08416392401324378,97.09777777777778,0.2752653178453445,91.96,0.2617103623390198,92.06,13.057682119004312
tune_alpha0.5_signmuon_lr0.01073_e15_t,0,alpha,signmuon,power:0.5,tune,15,0.010733126291998988,11,0.057365982766283886,98.06444444444445,0.2616255580663681,92.85,0.2551432243347168,92.7,13.050728458001686
tune_alpha0.5_signmuon_lr0.01073_e15_t,0,alpha,signmuon,power:0.5,tune,15,0.010733126291998988,12,0.040674125505155985,98.70222222222222,0.2530475115299225,93.28,0.25196215705871583,92.88,13.047811181997531
tune_alpha0.5_signmuon_lr0.01073_e15_t,0,alpha,signmuon,power:0.5,tune,15,0.010733126291998988,13,0.029846874091360304,99.09777777777778,0.2578671501159668,93.38,0.24957805032730102,93.24,13.05501791399729
tune_alpha0.5_signmuon_lr0.01073_e15_t,0,alpha,signmuon,power:0.5,tune,15,0.010733126291998988,14,0.023473456427123812,99.30222222222223,0.26549164905548095,93.19,0.24594944639205932,93.06,13.048996247001924
tune_alpha0.5_signmuon_lr0.01073_e15_t,0,alpha,signmuon,power:0.5,tune,15,0.010733126291998988,15,0.01842379034774171,99.47777777777777,0.2601985000371933,93.31,0.24798871250152588,93.12,13.040324893998331
tune_alpha0.5_signmuon_lr0.03394_e15_t,0,alpha,signmuon,power:0.5,tune,15,0.03394112549695427,0,2.3028948455810547,10.246666666666666,2.302789026641846,10.38,2.3021115951538085,10.34,
tune_alpha0.5_signmuon_lr0.03394_e15_t,0,alpha,signmuon,power:0.5,tune,15,0.03394112549695427,1,1.0867603467729356,61.44888888888889,0.6710827670097351,77.18,0.6690464870452881,77.10000000000001,13.640551614000287
tune_alpha0.5_signmuon_lr0.03394_e15_t,0,alpha,signmuon,power:0.5,tune,15,0.03394112549695427,2,0.5717467939482795,80.19333333333334,0.663216322851181,78.5,0.6626787239074707,79.03999999999999,13.011423239004216
tune_alpha0.5_signmuon_lr0.03394_e15_t,0,alpha,signmuon,power:0.5,tune,15,0.03394112549695427,3,0.43251364645428125,85.07333333333334,0.4222601536273956,86.11999999999999,0.4207972867965698,86.02,13.022668470002827
tune_alpha0.5_signmuon_lr0.03394_e15_t,0,alpha,signmuon,power:0.5,tune,15,0.03394112549695427,4,0.33988053278393215,88.19333333333333,0.3851994290351868,86.81,0.3690380682945251,87.56,13.026367188998847
tune_alpha0.5_signmuon_lr0.03394_e15_t,0,alpha,signmuon,power:0.5,tune,15,0.03394112549695427,5,0.27573451066811877,90.5911111111111,0.37645805840492247,87.89,0.36648816776275633,88.16000000000001,13.03998082599719
tune_alpha0.5_signmuon_lr0.03394_e15_t,0,alpha,signmuon,power:0.5,tune,15,0.03394112549695427,6,0.22694831790394254,92.27777777777779,0.3078133416175842,89.52,0.30837082891464235,89.53999999999999,13.046375539997825
tune_alpha0.5_signmuon_lr0.03394_e15_t,0,alpha,signmuon,power:0.5,tune,15,0.03394112549695427,7,0.18135089091195,93.78,0.28308588128089907,90.74,0.2863274859428406,90.78,13.044486020997283
tune_alpha0.5_signmuon_lr0.03394_e15_t,0,alpha,signmuon,power:0.5,tune,15,0.03394112549695427,8,0.14278965469996135,95.12,0.278374228143692,91.12,0.2761022077381611,91.36,13.04362928000046
tune_alpha0.5_signmuon_lr0.03394_e15_t,0,alpha,signmuon,power:0.5,tune,15,0.03394112549695427,9,0.1059637541770935,96.36222222222223,0.25585138692855836,92.10000000000001,0.24089788126945497,92.17999999999999,13.045641545002582
tune_alpha0.5_signmuon_lr0.03394_e15_t,0,alpha,signmuon,power:0.5,tune,15,0.03394112549695427,10,0.07884653672907088,97.44,0.26988862500190736,92.03,0.26054041986465454,92.56,13.041172066004947
tune_alpha0.5_signmuon_lr0.03394_e15_t,0,alpha,signmuon,power:0.5,tune,15,0.03394112549695427,11,0.057288007315165465,98.06444444444445,0.26412260336875915,92.46,0.2618600965023041,92.32000000000001,13.0371031869945
tune_alpha0.5_signmuon_lr0.03394_e15_t,0,alpha,signmuon,power:0.5,tune,15,0.03394112549695427,12,0.040722507679462436,98.69111111111111,0.25701598315238955,93.03,0.2342190347671509,93.26,13.03244797699881
tune_alpha0.5_signmuon_lr0.03394_e15_t,0,alpha,signmuon,power:0.5,tune,15,0.03394112549695427,13,0.029244899110330475,99.0911111111111,0.2516173533439636,93.14,0.2292900236606598,93.30000000000001,13.034893228003057
tune_alpha0.5_signmuon_lr0.03394_e15_t,0,alpha,signmuon,power:0.5,tune,15,0.03394112549695427,14,0.021700837393601735,99.34666666666668,0.2528348285675049,93.37,0.23045063514709474,93.46,13.050217666997924
tune_alpha0.5_signmuon_lr0.03394_e15_t,0,alpha,signmuon,power:0.5,tune,15,0.03394112549695427,15,0.01853222552438577,99.44888888888889,0.251365212726593,93.35,0.2293159604549408,93.5,13.04376691699872
tune_alpha0.5_signmuon_lr0.1073_e15_t,0,alpha,signmuon,power:0.5,tune,15,0.10733126291998989,0,2.3028948455810547,10.246666666666666,2.3027890270233153,10.38,2.302111595916748,10.34,
tune_alpha0.5_signmuon_lr0.1073_e15_t,0,alpha,signmuon,power:0.5,tune,15,0.10733126291998989,1,1.1021284370422364,60.540000000000006,0.6801811340332031,76.67,0.6894093805313111,75.64,13.644486887002131
tune_alpha0.5_signmuon_lr0.1073_e15_t,0,alpha,signmuon,power:0.5,tune,15,0.10733126291998989,2,0.5727219980133904,80.39111111111112,0.5841115303993225,80.57,0.5859610316753388,80.24,13.009198095998727
tune_alpha0.5_signmuon_lr0.1073_e15_t,0,alpha,signmuon,power:0.5,tune,15,0.10733126291998989,3,0.43074021474520363,85.10666666666667,0.4282345741271973,85.69,0.4270885006904602,85.66,13.010285112002748
tune_alpha0.5_signmuon_lr0.1073_e15_t,0,alpha,signmuon,power:0.5,tune,15,0.10733126291998989,4,0.34381998591423035,88.32888888888888,0.3810928017616272,87.19,0.3672250089645386,87.32,13.010992718001944
tune_alpha0.5_signmuon_lr0.1073_e15_t,0,alpha,signmuon,power:0.5,tune,15,0.10733126291998989,5,0.2784490191459656,90.39333333333333,0.35589441480636597,88.48,0.3485417465209961,88.72,13.025791920001211
tune_alpha0.5_signmuon_lr0.1073_e15_t,0,alpha,signmuon,power:0.5,tune,15,0.10733126291998989,6,0.22802555585967169,92.24888888888889,0.3059298238754272,89.68,0.31754712886810305,89.3,13.02735532799852
tune_alpha0.5_signmuon_lr0.1073_e15_t,0,alpha,signmuon,power:0.5,tune,15,0.10733126291998989,7,0.17704659672843084,93.90222222222222,0.3002694927215576,90.71000000000001,0.2815453458786011,90.5,13.035859957999492
tune_alpha0.5_signmuon_lr0.1073_e15_t,0,alpha,signmuon,power:0.5,tune,15,0.10733126291998989,8,0.13972572638458675,95.22666666666667,0.296753769159317,90.77,0.29268878087997435,90.78,13.038542980000784
tune_alpha0.5_signmuon_lr0.1073_e15_t,0,alpha,signmuon,power:0.5,tune,15,0.10733126291998989,9,0.10537008687390222,96.49333333333333,0.28767849044799804,91.29,0.27188135833740235,91.22,13.036312842996267
tune_alpha0.5_signmuon_lr0.1073_e15_t,0,alpha,signmuon,power:0.5,tune,15,0.10733126291998989,10,0.07772656318843364,97.38888888888889,0.270570650100708,91.97,0.2618404977798462,92.42,13.031720291000966
tune_alpha0.5_signmuon_lr0.1073_e15_t,0,alpha,signmuon,power:0.5,tune,15,0.10733126291998989,11,0.056760115996334286,98.10666666666667,0.2695495646953583,92.44,0.2476615704536438,92.62,13.032064955004898
tune_alpha0.5_signmuon_lr0.1073_e15_t,0,alpha,signmuon,power:0.5,tune,15,0.10733126291998989,12,0.040962676905923416,98.67333333333333,0.2596504584789276,93.03,0.24247475633621215,92.80000000000001,13.036482843999693
tune_alpha0.5_signmuon_lr0.1073_e15_t,0,alpha,signmuon,power:0.5,tune,15,0.10733126291998989,13,0.029807391333580017,99.06666666666666,0.25839696888923647,93.13,0.24243154821395874,93.2,13.025553651001246
tune_alpha0.5_signmuon_lr0.1073_e15_t,0,alpha,signmuon,power:0.5,tune,15,0.10733126291998989,14,0.02148115821282069,99.37555555555555,0.2603060332775116,93.08999999999999,0.23564792079925537,93.5,13.023261486996489
tune_alpha0.5_signmuon_lr0.1073_e15_t,0,alpha,signmuon,power:0.5,tune,15,0.10733126291998989,15,0.017638939169214832,99.54666666666667,0.25845960397720336,93.2,0.23538903884887696,93.34,13.022091863000242
tune_alpha0.5_signmuon_lr0.3394_e15_t,0,alpha,signmuon,power:0.5,tune,15,0.3394112549695428,0,2.3028948455810547,10.246666666666666,2.302789026641846,10.38,2.3021115951538085,10.34,
tune_alpha0.5_signmuon_lr0.3394_e15_t,0,alpha,signmuon,power:0.5,tune,15,0.3394112549695428,1,1.1380789389716255,59.52222222222222,0.7267008099555969,75.13,0.7391844118118286,73.83999999999999,13.657371574001445
tune_alpha0.5_signmuon_lr0.3394_e15_t,0,alpha,signmuon,power:0.5,tune,15,0.3394112549695428,2,0.5805353262795342,79.98222222222222,0.5444799533843994,81.75,0.5457125503540039,81.74,13.009853987998213
tune_alpha0.5_signmuon_lr0.3394_e15_t,0,alpha,signmuon,power:0.5,tune,15,0.3394112549695428,3,0.43456134448581274,85.23777777777778,0.4422152801036835,85.13,0.44689001083374025,85.02,13.01978796300682
tune_alpha0.5_signmuon_lr0.3394_e15_t,0,alpha,signmuon,power:0.5,tune,15,0.3394112549695428,4,0.34052936623361374,88.48222222222222,0.3857976413726807,86.97,0.3697081819534302,87.44,13.014198265002051
tune_alpha0.5_signmuon_lr0.3394_e15_t,0,alpha,signmuon,power:0.5,tune,15,0.3394112549695428,5,0.27893852416144477,90.35777777777778,0.3822113648891449,87.57000000000001,0.37597697734832763,88.08,13.02945751399966
tune_alpha0.5_signmuon_lr0.3394_e15_t,0,alpha,signmuon,power:0.5,tune,15,0.3394112549695428,6,0.22702000407377879,92.2311111111111,0.30486801948547365,89.79,0.30023725929260253,89.92,13.037195488002908
tune_alpha0.5_signmuon_lr0.3394_e15_t,0,alpha,signmuon,power:0.5,tune,15,0.3394112549695428,7,0.17903911077711318,93.79333333333332,0.30219380078315733,90.55,0.2959212780952454,90.36,13.039047822996508
tune_alpha0.5_signmuon_lr0.3394_e15_t,0,alpha,signmuon,power:0.5,tune,15,0.3394112549695428,8,0.13926579532225927,95.14666666666668,0.2975321717977524,90.81,0.28156172330379486,91.10000000000001,13.041525326996634
tune_alpha0.5_signmuon_lr0.3394_e15_t,0,alpha,signmuon,power:0.5,tune,15,0.3394112549695428,9,0.10360349741776784,96.47333333333333,0.26359468665122987,92.06,0.25309995975494387,92.06,13.035687781004526
tune_alpha0.5_signmuon_lr0.3394_e15_t,0,alpha,signmuon,power:0.5,tune,15,0.3394112549695428,10,0.08140505164133179,97.24000000000001,0.26082565159797666,92.28,0.2619940046310425,92.16,13.027643003995763
tune_alpha0.5_signmuon_lr0.3394_e15_t,0,alpha,signmuon,power:0.5,tune,15,0.3394112549695428,11,0.055785691647728286,98.13777777777779,0.2602463991880417,92.45,0.2558671136021614,92.75999999999999,13.029223015000753
tune_alpha0.5_signmuon_lr0.3394_e15_t,0,alpha,signmuon,power:0.5,tune,15,0.3394112549695428,12,0.038197236477004154,98.81777777777778,0.2592045038223267,92.86,0.24852716808319092,93.04,13.026602176003507
tune_alpha0.5_signmuon_lr0.3394_e15_t,0,alpha,signmuon,power:0.5,tune,15,0.3394112549695428,13,0.028657001204954253,99.13111111111111,0.2577063950538635,93.28,0.24209066705703736,93.26,13.033772214999772
tune_alpha0.5_signmuon_lr0.3394_e15_t,0,alpha,signmuon,power:0.5,tune,15,0.3394112549695428,14,0.021140397224823634,99.38666666666667,0.2518567430973053,93.43,0.23856731271743775,93.34,13.031106103000639
tune_alpha0.5_signmuon_lr0.3394_e15_t,0,alpha,signmuon,power:0.5,tune,15,0.3394112549695428,15,0.01799055040081342,99.54444444444445,0.24898459296226502,93.47,0.23434416699409485,93.7,13.033073447993957
tune_alpha0_signmuon_lr0.0001,0,alpha,signmuon,power:0,tune,6,0.0001,0,2.3028948455810547,10.246666666666666,2.3027890270233153,10.38,2.302111595916748,10.34,
tune_alpha0_signmuon_lr0.0001,0,alpha,signmuon,power:0,tune,6,0.0001,1,1.262488164583842,54.2,0.8247620134353638,71.21,0.8343847238540649,70.76,13.71407638799974
tune_alpha0_signmuon_lr0.0001,0,alpha,signmuon,power:0,tune,6,0.0001,2,0.6867443176905315,76.0111111111111,0.67287470536232,77.28,0.6842935579299927,76.38000000000001,13.079975870001363
tune_alpha0_signmuon_lr0.0001,0,alpha,signmuon,power:0,tune,6,0.0001,3,0.491818474706014,82.95555555555556,0.5048232511997223,83.16,0.4994540328979492,82.98,13.083350271001109
tune_alpha0_signmuon_lr0.0001,0,alpha,signmuon,power:0,tune,6,0.0001,4,0.3654856961356269,87.32222222222222,0.417801575756073,86.06,0.41631729373931886,85.46000000000001,13.089060681999399
tune_alpha0_signmuon_lr0.0001,0,alpha,signmuon,power:0,tune,6,0.0001,5,0.26770609698030684,90.95555555555556,0.35890565247535705,88.2,0.3594867956161499,87.46000000000001,13.093554114999279
tune_alpha0_signmuon_lr0.0001,0,alpha,signmuon,power:0,tune,6,0.0001,6,0.20720779480139415,92.95777777777778,0.3296756326675415,89.35,0.32988072242736816,88.86,13.096868180000456
tune_alpha0_signmuon_lr0.0001_e15_t,0,alpha,signmuon,power:0,tune,15,0.0001,0,2.3028948455810547,10.246666666666666,2.302789026641846,10.38,2.3021115951538085,10.34,
tune_alpha0_signmuon_lr0.0001_e15_t,0,alpha,signmuon,power:0,tune,15,0.0001,1,1.2647736504448785,54.29555555555555,0.8512372653007507,70.8,0.8557558833122253,69.84,13.643639620000613
tune_alpha0_signmuon_lr0.0001_e15_t,0,alpha,signmuon,power:0,tune,15,0.0001,2,0.6938834293100569,75.93333333333334,0.5895121912479401,79.85,0.5912733286857605,79.3,13.003344290002133
tune_alpha0_signmuon_lr0.0001_e15_t,0,alpha,signmuon,power:0,tune,15,0.0001,3,0.510838030772739,82.11333333333334,0.5291888645648957,81.94,0.5178113801956177,82.62,13.026905580001767
tune_alpha0_signmuon_lr0.0001_e15_t,0,alpha,signmuon,power:0,tune,15,0.0001,4,0.4031368648264143,86.06,0.4356343197822571,85.08,0.43191082153320315,85.16,13.021234232997813
tune_alpha0_signmuon_lr0.0001_e15_t,0,alpha,signmuon,power:0,tune,15,0.0001,5,0.32789765243000457,88.81777777777778,0.40444100604057315,86.53999999999999,0.4000349676132202,86.56,13.0208377309973
tune_alpha0_signmuon_lr0.0001_e15_t,0,alpha,signmuon,power:0,tune,15,0.0001,6,0.2699118179268307,90.70222222222222,0.3463945348739624,88.21,0.3471758508682251,88.12,13.022330063999107
tune_alpha0_signmuon_lr0.0001_e15_t,0,alpha,signmuon,power:0,tune,15,0.0001,7,0.21470116641256545,92.63111111111111,0.3355917766571045,88.58,0.3366275334358215,88.94,13.029086444999848
tune_alpha0_signmuon_lr0.0001_e15_t,0,alpha,signmuon,power:0,tune,15,0.0001,8,0.1710430198325051,94.08222222222223,0.3201797784805298,90.03,0.32437182121276853,89.66,13.03519969300396
tune_alpha0_signmuon_lr0.0001_e15_t,0,alpha,signmuon,power:0,tune,15,0.0001,9,0.13390968834559122,95.43111111111111,0.3181625972747803,90.53999999999999,0.30204185094833375,89.94,13.029444271996908
tune_alpha0_signmuon_lr0.0001_e15_t,0,alpha,signmuon,power:0,tune,15,0.0001,10,0.10364592569933997,96.48666666666666,0.3124664182662964,90.56,0.30097420015335086,90.48,13.02633151900227
tune_alpha0_signmuon_lr0.0001_e15_t,0,alpha,signmuon,power:0,tune,15,0.0001,11,0.07507033048537043,97.45555555555555,0.3051745128154755,90.98,0.2996218681335449,91.47999999999999,13.027167767999345
tune_alpha0_signmuon_lr0.0001_e15_t,0,alpha,signmuon,power:0,tune,15,0.0001,12,0.056019142113791574,98.20444444444445,0.30558392825126646,91.33,0.2929057797431946,91.74,13.026403779993416
tune_alpha0_signmuon_lr0.0001_e15_t,0,alpha,signmuon,power:0,tune,15,0.0001,13,0.04472528056104978,98.59555555555556,0.3062475542068481,91.61,0.2908792139053345,91.8,13.024627796003188
tune_alpha0_signmuon_lr0.0001_e15_t,0,alpha,signmuon,power:0,tune,15,0.0001,14,0.03468162659671572,98.96666666666667,0.30225652828216554,91.97,0.2849080171585083,92.42,13.019610096001998
tune_alpha0_signmuon_lr0.0001_e15_t,0,alpha,signmuon,power:0,tune,15,0.0001,15,0.031044067338440152,99.08888888888889,0.30049680519104005,92.05,0.2867700426101685,92.12,13.02077590800036
tune_alpha0_signmuon_lr0.0003162,0,alpha,signmuon,power:0,tune,6,0.00031622776601683794,0,2.3028948455810547,10.246666666666666,2.3027890270233153,10.38,2.302111595916748,10.34,
tune_alpha0_signmuon_lr0.0003162,0,alpha,signmuon,power:0,tune,6,0.00031622776601683794,1,1.1388626095030043,59.01333333333333,0.7829326354980469,73.45,0.7955297207832337,72.76,13.737869872000374
tune_alpha0_signmuon_lr0.0003162,0,alpha,signmuon,power:0,tune,6,0.00031622776601683794,2,0.6317339212947422,78.2,0.6992451787948608,77.53,0.725400079536438,76.8,13.0860205150002
tune_alpha0_signmuon_lr0.0003162,0,alpha,signmuon,power:0,tune,6,0.00031622776601683794,3,0.48137875054677326,83.4888888888889,0.5105662696361541,83.24000000000001,0.5330024299621582,81.92,13.099098045000574
tune_alpha0_signmuon_lr0.0003162,0,alpha,signmuon,power:0,tune,6,0.00031622776601683794,4,0.36940296298133,87.39777777777778,0.3990318928718567,86.59,0.4044050121307373,86.46000000000001,13.097947529999146
tune_alpha0_signmuon_lr0.0003162,0,alpha,signmuon,power:0,tune,6,0.00031622776601683794,5,0.2648768296347724,90.88888888888889,0.3613594451904297,88.33,0.36357770586013793,87.5,13.102539141000307
tune_alpha0_signmuon_lr0.0003162,0,alpha,signmuon,power:0,tune,6,0.00031622776601683794,6,0.19392940713829465,93.43333333333334,0.3015468915939331,90.07,0.30315639839172365,90.06,13.105038744999547
tune_alpha0_signmuon_lr0.0003162_e15_t,0,alpha,signmuon,power:0,tune,15,0.00031622776601683794,0,2.3028948455810547,10.246666666666666,2.3027890270233153,10.38,2.302111595916748,10.34,
tune_alpha0_signmuon_lr0.0003162_e15_t,0,alpha,signmuon,power:0,tune,15,0.00031622776601683794,1,1.1153839390648737,60.02444444444445,0.7029401094436646,75.79,0.7303334869384766,74.76,13.645876880997093
tune_alpha0_signmuon_lr0.0003162_e15_t,0,alpha,signmuon,power:0,tune,15,0.00031622776601683794,2,0.5864782640139262,79.85777777777778,0.6525359065532684,78.33,0.6581960580825805,77.94,13.007876440999098
tune_alpha0_signmuon_lr0.0003162_e15_t,0,alpha,signmuon,power:0,tune,15,0.00031622776601683794,3,0.44164633084932964,84.5911111111111,0.4388142385005951,85.11,0.44938498306274416,84.82,13.007255421995069
tune_alpha0_signmuon_lr0.0003162_e15_t,0,alpha,signmuon,power:0,tune,15,0.00031622776601683794,4,0.35009963096512686,87.78444444444445,0.40637756214141846,86.21,0.3981902746677399,86.16,13.022586566999962
tune_alpha0_signmuon_lr0.0003162_e15_t,0,alpha,signmuon,power:0,tune,15,0.00031622776601683794,5,0.28330068113274043,90.27555555555556,0.3903669441699982,87.15,0.37634315032958987,87.28,13.03315667300194
tune_alpha0_signmuon_lr0.0003162_e15_t,0,alpha,signmuon,power:0,tune,15,0.00031622776601683794,6,0.23269334132671357,92.0488888888889,0.33930554580688477,88.75999999999999,0.32579250931739806,89.1,13.036610268994991
tune_alpha0_signmuon_lr0.0003162_e15_t,0,alpha,signmuon,power:0,tune,15,0.00031622776601683794,7,0.18552203279071383,93.60888888888888,0.30249666261672975,90.12,0.29974937720298767,89.94,13.030911786001525
tune_alpha0_signmuon_lr0.0003162_e15_t,0,alpha,signmuon,power:0,tune,15,0.00031622776601683794,8,0.14448586088021595,95.11555555555556,0.300995827627182,90.53999999999999,0.2938618014574051,90.5,13.0342766390022
tune_alpha0_signmuon_lr0.0003162_e15_t,0,alpha,signmuon,power:0,tune,15,0.00031622776601683794,9,0.11106666558053759,96.17333333333333,0.28512011642456053,91.45,0.2619010578155518,91.24,13.03118048000033
tune_alpha0_signmuon_lr0.0003162_e15_t,0,alpha,signmuon,power:0,tune,15,0.00031622776601683794,10,0.08565115100873841,97.08888888888889,0.28048245916366576,92.03,0.2774190772533417,91.92,13.03497323099873
tune_alpha0_signmuon_lr0.0003162_e15_t,0,alpha,signmuon,power:0,tune,15,0.00031622776601683794,11,0.06160658135016759,97.95333333333333,0.28008352098464967,92.14,0.27959452252388,91.96,13.022346693003783
tune_alpha0_signmuon_lr0.0003162_e15_t,0,alpha,signmuon,power:0,tune,15,0.00031622776601683794,12,0.043914203131198884,98.51777777777778,0.27085086708068845,92.66,0.26150034700632097,92.94,13.024077907997707
tune_alpha0_signmuon_lr0.0003162_e15_t,0,alpha,signmuon,power:0,tune,15,0.00031622776601683794,13,0.03336560549139977,98.98666666666666,0.2687633602142334,93.05,0.25984135019779203,93.06,13.023614532998181
tune_alpha0_signmuon_lr0.0003162_e15_t,0,alpha,signmuon,power:0,tune,15,0.00031622776601683794,14,0.02437320885790719,99.24888888888889,0.2719190983772278,92.99,0.2576367542266846,93.02,13.01858792600251
tune_alpha0_signmuon_lr0.0003162_e15_t,0,alpha,signmuon,power:0,tune,15,0.00031622776601683794,15,0.02059308433632056,99.38222222222223,0.26965272359848025,92.95,0.25752188951969146,93.02,13.022035066998797
tune_alpha0_signmuon_lr0.001,0,alpha,signmuon,power:0,tune,6,0.001,0,2.3028948455810547,10.246666666666666,2.3027890270233153,10.38,2.3021115951538085,10.34,
tune_alpha0_signmuon_lr0.001,0,alpha,signmuon,power:0,tune,6,0.001,1,1.1489990249421862,58.74666666666667,1.0034661749839782,66.23,0.9888267916679382,65.78,13.716190037999695
tune_alpha0_signmuon_lr0.001,0,alpha,signmuon,power:0,tune,6,0.001,2,0.7548972560776605,74.06888888888888,0.8973535690307617,70.72,0.9014193307876587,70.86,13.082557769999767
tune_alpha0_signmuon_lr0.001,0,alpha,signmuon,power:0,tune,6,0.001,3,0.6295921145439148,78.53555555555556,0.7395315465927124,75.11,0.7703971051216125,74.36,13.086160088001634
tune_alpha0_signmuon_lr0.001,0,alpha,signmuon,power:0,tune,6,0.001,4,0.5113722979757521,82.63777777777777,0.5236219172477722,82.08,0.5272697059631347,81.64,13.092882741000722
tune_alpha0_signmuon_lr0.001,0,alpha,signmuon,power:0,tune,6,0.001,5,0.392515677218967,86.53999999999999,0.42828975706100464,85.5,0.42416162071228025,85.68,13.088997676999497
tune_alpha0_signmuon_lr0.001,0,alpha,signmuon,power:0,tune,6,0.001,6,0.2903018290201823,90.23333333333333,0.3473118703842163,88.55,0.3447044385910034,88.5,13.10685942300006
tune_alpha0_signmuon_lr0.001_e15_t,0,alpha,signmuon,power:0,tune,15,0.001,0,2.3028948455810547,10.246666666666666,2.302789026641846,10.38,2.3021115951538085,10.34,
tune_alpha0_signmuon_lr0.001_e15_t,0,alpha,signmuon,power:0,tune,15,0.001,1,1.0664024836646187,61.89555555555556,0.7181404226303101,75.61,0.7284327058792114,74.78,13.63170197999716
tune_alpha0_signmuon_lr0.001_e15_t,0,alpha,signmuon,power:0,tune,15,0.001,2,0.5664249031066895,80.54222222222222,0.5905534894943237,80.22,0.5794456128120422,80.5,13.003732363999006
tune_alpha0_signmuon_lr0.001_e15_t,0,alpha,signmuon,power:0,tune,15,0.001,3,0.42822038571039833,85.3711111111111,0.4362913533687592,85.5,0.4389787588119507,85.44,13.01411760100018
tune_alpha0_signmuon_lr0.001_e15_t,0,alpha,signmuon,power:0,tune,15,0.001,4,0.3377634456899431,88.39111111111112,0.3702018856048584,87.17,0.35913511209487914,87.42,13.013199028006056
tune_alpha0_signmuon_lr0.001_e15_t,0,alpha,signmuon,power:0,tune,15,0.001,5,0.27483959117995366,90.6288888888889,0.3668359471321106,88.17,0.34676256980896,88.5,13.017845416005002
tune_alpha0_signmuon_lr0.001_e15_t,0,alpha,signmuon,power:0,tune,15,0.001,6,0.22420460361904568,92.30444444444444,0.33694168128967283,88.99000000000001,0.33663889026641847,89.56,13.02147180299653
tune_alpha0_signmuon_lr0.001_e15_t,0,alpha,signmuon,power:0,tune,15,0.001,7,0.17800022116767036,93.84222222222223,0.2953636224746704,90.39,0.31369526591300967,90.12,13.026961440002196
tune_alpha0_signmuon_lr0.001_e15_t,0,alpha,signmuon,power:0,tune,15,0.001,8,0.13995378716786702,95.22666666666667,0.3078359694480896,90.86999999999999,0.295450496673584,90.88000000000001,13.035121969995089
tune_alpha0_signmuon_lr0.001_e15_t,0,alpha,signmuon,power:0,tune,15,0.001,9,0.10457982260915968,96.3711111111111,0.28697431390285494,91.83,0.2741933056116104,91.75999999999999,13.042840223002713
tune_alpha0_signmuon_lr0.001_e15_t,0,alpha,signmuon,power:0,tune,15,0.001,10,0.08034933751953972,97.30666666666666,0.2830060091972351,92.17,0.2808000680923462,91.5,13.02996851199714
tune_alpha0_signmuon_lr0.001_e15_t,0,alpha,signmuon,power:0,tune,15,0.001,11,0.05495182376172807,98.20444444444445,0.2752262906074524,92.69,0.2584021928787231,92.12,13.027874633000465
tune_alpha0_signmuon_lr0.001_e15_t,0,alpha,signmuon,power:0,tune,15,0.001,12,0.038468356540468006,98.76,0.2715065213918686,93.03,0.2514949595451355,92.88,13.031910584999423
tune_alpha0_signmuon_lr0.001_e15_t,0,alpha,signmuon,power:0,tune,15,0.001,13,0.029539350033799806,99.07555555555555,0.26385026662349703,93.17,0.25288376545906066,93.10000000000001,13.030427487996349
tune_alpha0_signmuon_lr0.001_e15_t,0,alpha,signmuon,power:0,tune,15,0.001,14,0.0212371300207244,99.40444444444444,0.2698058915615082,93.36,0.2494314073562622,93.17999999999999,13.02177481399849
tune_alpha0_signmuon_lr0.001_e15_t,0,alpha,signmuon,power:0,tune,15,0.001,15,0.01784662369589011,99.53111111111112,0.2686835503101349,93.27,0.2517859097957611,93.10000000000001,13.022753416000342
tune_alpha0_signmuon_lr0.003162_e15_t,0,alpha,signmuon,power:0,tune,15,0.0031622776601683794,0,2.3028948455810547,10.246666666666666,2.302789026641846,10.38,2.302111595916748,10.34,
tune_alpha0_signmuon_lr0.003162_e15_t,0,alpha,signmuon,power:0,tune,15,0.0031622776601683794,1,1.0953827794498867,60.81333333333333,0.7247411310195923,75.29,0.7277750228881836,75.36,13.654730392001511
tune_alpha0_signmuon_lr0.003162_e15_t,0,alpha,signmuon,power:0,tune,15,0.0031622776601683794,2,0.5724507045163049,80.34666666666666,0.6617729211807251,78.86,0.6549340244293212,78.66,13.016872004998731
tune_alpha0_signmuon_lr0.003162_e15_t,0,alpha,signmuon,power:0,tune,15,0.0031622776601683794,3,0.4313759941154056,85.15333333333334,0.4263798914909363,86.1,0.4284766887664795,86.1,13.019558067004255
tune_alpha0_signmuon_lr0.003162_e15_t,0,alpha,signmuon,power:0,tune,15,0.0031622776601683794,4,0.3416111527495914,88.15555555555555,0.40046229538917544,86.39,0.3803625762939453,87.02,13.023160431999713
tune_alpha0_signmuon_lr0.003162_e15_t,0,alpha,signmuon,power:0,tune,15,0.0031622776601683794,5,0.2760726242303848,90.42444444444445,0.35263575887680054,88.41,0.3397329891204834,88.88000000000001,13.027454129005491
tune_alpha0_signmuon_lr0.003162_e15_t,0,alpha,signmuon,power:0,tune,15,0.0031622776601683794,6,0.22806044257216984,92.09777777777778,0.3209577681541443,89.61,0.3159725312232971,89.36,13.020095216998016
tune_alpha0_signmuon_lr0.003162_e15_t,0,alpha,signmuon,power:0,tune,15,0.0031622776601683794,7,0.1765606165038215,93.95333333333333,0.29346998023986814,90.94,0.30465859394073486,90.38000000000001,13.026680996998039
tune_alpha0_signmuon_lr0.003162_e15_t,0,alpha,signmuon,power:0,tune,15,0.0031622776601683794,8,0.14082955548763276,95.21111111111111,0.3055261996269226,90.75,0.30375628871917726,90.68,13.030907025997294
tune_alpha0_signmuon_lr0.003162_e15_t,0,alpha,signmuon,power:0,tune,15,0.0031622776601683794,9,0.10489870414733887,96.33333333333334,0.27364352235794065,91.46,0.25944487178325654,91.8,13.02843413699884
tune_alpha0_signmuon_lr0.003162_e15_t,0,alpha,signmuon,power:0,tune,15,0.0031622776601683794,10,0.07759840057426029,97.42,0.27066059465408326,91.86,0.2720693283081055,92.24,13.029661797998415
tune_alpha0_signmuon_lr0.003162_e15_t,0,alpha,signmuon,power:0,tune,15,0.0031622776601683794,11,0.05625482279360294,98.17333333333333,0.26995986394882204,92.39,0.2682683313369751,92.54,13.021822237002198
tune_alpha0_signmuon_lr0.003162_e15_t,0,alpha,signmuon,power:0,tune,15,0.0031622776601683794,12,0.03925173960328102,98.76888888888888,0.25749375553131104,93.04,0.2506251996040344,93.16,13.032908662993577
tune_alpha0_signmuon_lr0.003162_e15_t,0,alpha,signmuon,power:0,tune,15,0.0031622776601683794,13,0.02855774205426375,99.11777777777779,0.2547033205509186,93.14,0.25495468950271605,93.46,13.024654499997268
tune_alpha0_signmuon_lr0.003162_e15_t,0,alpha,signmuon,power:0,tune,15,0.0031622776601683794,14,0.022559330177969402,99.32,0.256412726354599,93.14,0.2530415095329285,93.10000000000001,13.023615564001375
tune_alpha0_signmuon_lr0.003162_e15_t,0,alpha,signmuon,power:0,tune,15,0.0031622776601683794,15,0.01751855128010114,99.49555555555555,0.2544166094779968,93.26,0.2511656113624573,93.42,13.024792718999379
tune_alpha0_signmuon_lr0.01_e15_t,0,alpha,signmuon,power:0,tune,15,0.01,0,2.3028948455810547,10.246666666666666,2.302789026641846,10.38,2.3021115951538085,10.34,
tune_alpha0_signmuon_lr0.01_e15_t,0,alpha,signmuon,power:0,tune,15,0.01,1,1.1087251754548815,60.68888888888889,0.6664202572345733,77.03999999999999,0.6767452490806579,76.24,13.646617745995172
tune_alpha0_signmuon_lr0.01_e15_t,0,alpha,signmuon,power:0,tune,15,0.01,2,0.5733267407523261,80.42,0.5991535592079162,80.0,0.5899182065963745,80.08,13.006772104999982
tune_alpha0_signmuon_lr0.01_e15_t,0,alpha,signmuon,power:0,tune,15,0.01,3,0.4295593018213908,85.30222222222223,0.44905398845672606,85.09,0.45480692110061643,84.3,13.01391943499766
tune_alpha0_signmuon_lr0.01_e15_t,0,alpha,signmuon,power:0,tune,15,0.01,4,0.3359704198572371,88.52666666666667,0.40148242478370666,86.50999999999999,0.381646688747406,87.3,13.019170113002474
tune_alpha0_signmuon_lr0.01_e15_t,0,alpha,signmuon,power:0,tune,15,0.01,5,0.27261022805637786,90.72222222222223,0.3876357403755188,87.63,0.3638686490058899,88.62,13.031999448001443
tune_alpha0_signmuon_lr0.01_e15_t,0,alpha,signmuon,power:0,tune,15,0.01,6,0.2248893967601988,92.40222222222222,0.3127184736251831,89.49000000000001,0.3229913739204407,89.03999999999999,13.029855608998332
tune_alpha0_signmuon_lr0.01_e15_t,0,alpha,signmuon,power:0,tune,15,0.01,7,0.17667049858835007,93.93111111111111,0.27927738981246947,91.22,0.2880580023765564,91.03999999999999,13.051558234998083
tune_alpha0_signmuon_lr0.01_e15_t,0,alpha,signmuon,power:0,tune,15,0.01,8,0.1385750093407101,95.23555555555555,0.29651068587303164,91.08000000000001,0.2900842848300934,91.06,13.053348892994109
tune_alpha0_signmuon_lr0.01_e15_t,0,alpha,signmuon,power:0,tune,15,0.01,9,0.10642471175326242,96.38444444444444,0.27723282294273377,91.46,0.2646580963134766,91.8,13.046658278995892
tune_alpha0_signmuon_lr0.01_e15_t,0,alpha,signmuon,power:0,tune,15,0.01,10,0.08124766598277622,97.27333333333334,0.29212022762298584,91.96,0.29751406116485596,91.88,13.044963963002374
tune_alpha0_signmuon_lr0.01_e15_t,0,alpha,signmuon,power:0,tune,15,0.01,11,0.05426981297681729,98.26888888888888,0.2638539269924164,92.75999999999999,0.26162632083892823,92.74,13.040012860001298
tune_alpha0_signmuon_lr0.01_e15_t,0,alpha,signmuon,power:0,tune,15,0.01,12,0.03839714813099967,98.74888888888889,0.26603815698623656,93.01,0.26714791812896727,92.62,13.038596886995947
tune_alpha0_signmuon_lr0.01_e15_t,0,alpha,signmuon,power:0,tune,15,0.01,13,0.0293879629890124,99.06,0.26568744611740114,93.07,0.26532305269241335,92.80000000000001,13.028690743994957
tune_alpha0_signmuon_lr0.01_e15_t,0,alpha,signmuon,power:0,tune,15,0.01,14,0.02122761027018229,99.39777777777778,0.2649037223339081,93.34,0.2617915915489197,93.22,13.045146674005082
tune_alpha0_signmuon_lr0.01_e15_t,0,alpha,signmuon,power:0,tune,15,0.01,15,0.018500290473633343,99.52666666666666,0.26235684704780576,93.36,0.2620669852256775,93.26,13.037556868999673
tune_alpha1_signmuon_lr0.1152_e15_t,0,alpha,signmuon,power:1,tune,15,0.11520000000000002,0,2.3028948455810547,10.246666666666666,2.302789026641846,10.38,2.3021115951538085,10.34,
tune_alpha1_signmuon_lr0.1152_e15_t,0,alpha,signmuon,power:1,tune,15,0.11520000000000002,1,1.2741978448020088,53.559999999999995,0.8384431743621826,70.50999999999999,0.8493030637741089,69.86,13.634411393002665
tune_alpha1_signmuon_lr0.1152_e15_t,0,alpha,signmuon,power:1,tune,15,0.11520000000000002,2,0.6655004532337189,76.98,0.7904572145462037,74.92999999999999,0.8148280583381653,74.38,13.00340275200142
tune_alpha1_signmuon_lr0.1152_e15_t,0,alpha,signmuon,power:1,tune,15,0.11520000000000002,3,0.4909884641011556,83.11777777777777,0.48762943572998046,83.72,0.5027105304718018,83.39999999999999,13.012328463999438
tune_alpha1_signmuon_lr0.1152_e15_t,0,alpha,signmuon,power:1,tune,15,0.11520000000000002,4,0.38933285925653244,86.55333333333334,0.41102827277183535,85.91,0.4168310761451721,85.66,13.01132191400393
tune_alpha1_signmuon_lr0.1152_e15_t,0,alpha,signmuon,power:1,tune,15,0.11520000000000002,5,0.3125596657011244,89.28222222222222,0.40099575767517087,86.56,0.39938478431701663,86.5,13.034054596995702
tune_alpha1_signmuon_lr0.1152_e15_t,0,alpha,signmuon,power:1,tune,15,0.11520000000000002,6,0.25980999522738984,91.07111111111111,0.3457398102760315,88.29,0.3542847699165344,88.12,13.033300119001069
tune_alpha1_signmuon_lr0.1152_e15_t,0,alpha,signmuon,power:1,tune,15,0.11520000000000002,7,0.20890506252182856,92.85111111111111,0.3258730792045593,89.12,0.34649505019187926,88.72,13.036639796999225
tune_alpha1_signmuon_lr0.1152_e15_t,0,alpha,signmuon,power:1,tune,15,0.11520000000000002,8,0.16718366923862032,94.16666666666667,0.31211142902374267,89.98,0.32587943098545075,89.66,13.033536552000442
tune_alpha1_signmuon_lr0.1152_e15_t,0,alpha,signmuon,power:1,tune,15,0.11520000000000002,9,0.12907797421216965,95.54444444444444,0.2993697605609894,91.02,0.3074514067649841,90.34,13.03131227200356
tune_alpha1_signmuon_lr0.1152_e15_t,0,alpha,signmuon,power:1,tune,15,0.11520000000000002,10,0.10029117770989736,96.53333333333333,0.2874847692489624,91.14999999999999,0.32031576766967773,90.86,13.037973528000293
tune_alpha1_signmuon_lr0.1152_e15_t,0,alpha,signmuon,power:1,tune,15,0.11520000000000002,11,0.07765497910777727,97.42444444444445,0.28114831371307375,91.81,0.30855321879386904,91.32000000000001,13.02491426099732
tune_alpha1_signmuon_lr0.1152_e15_t,0,alpha,signmuon,power:1,tune,15,0.11520000000000002,12,0.05518945811986923,98.22222222222223,0.2703458572387695,92.22,0.2872030952453613,91.75999999999999,13.022657149005681
tune_alpha1_signmuon_lr0.1152_e15_t,0,alpha,signmuon,power:1,tune,15,0.11520000000000002,13,0.04409313111040327,98.63333333333333,0.27048003339767457,92.25999999999999,0.2932425454616547,91.9,13.021824642004503
tune_alpha1_signmuon_lr0.1152_e15_t,0,alpha,signmuon,power:1,tune,15,0.11520000000000002,14,0.03631619801123937,98.91111111111111,0.27140420126914977,92.47999999999999,0.2864577881813049,92.10000000000001,13.01859608200175
tune_alpha1_signmuon_lr0.1152_e15_t,0,alpha,signmuon,power:1,tune,15,0.11520000000000002,15,0.03158773027277655,99.04888888888888,0.26890551018714903,92.5,0.2879990273952484,92.12,13.027493122004671
tune_alpha1_signmuon_lr0.3643_e15_t,0,alpha,signmuon,power:1,tune,15,0.36429438645139733,0,2.3028948455810547,10.246666666666666,2.302789026260376,10.38,2.302111595916748,10.34,
tune_alpha1_signmuon_lr0.3643_e15_t,0,alpha,signmuon,power:1,tune,15,0.36429438645139733,1,1.132913493177626,59.24666666666667,0.746187579202652,75.03999999999999,0.7690015171051026,74.06,13.642565489004483
tune_alpha1_signmuon_lr0.3643_e15_t,0,alpha,signmuon,power:1,tune,15,0.36429438645139733,2,0.5776224620130327,80.16444444444446,0.6135501374721527,80.04,0.6324643204689026,79.46,13.006874904996948
tune_alpha1_signmuon_lr0.3643_e15_t,0,alpha,signmuon,power:1,tune,15,0.36429438645139733,3,0.4381133997599284,85.0,0.44165392532348635,85.32,0.4431060061454773,84.68,13.010345242997573
tune_alpha1_signmuon_lr0.3643_e15_t,0,alpha,signmuon,power:1,tune,15,0.36429438645139733,4,0.34607783958646987,88.11555555555556,0.37562605271339417,87.22,0.3728910681724548,87.08,13.018448085000273
tune_alpha1_signmuon_lr0.3643_e15_t,0,alpha,signmuon,power:1,tune,15,0.36429438645139733,5,0.28106771659056345,90.32,0.3554830682754517,88.37,0.3495052639007568,88.08,13.036754895998456
tune_alpha1_signmuon_lr0.3643_e15_t,0,alpha,signmuon,power:1,tune,15,0.36429438645139733,6,0.23036127042505475,91.98666666666668,0.31200822954177854,89.67,0.316695697593689,90.03999999999999,13.031078389998584
tune_alpha1_signmuon_lr0.3643_e15_t,0,alpha,signmuon,power:1,tune,15,0.36429438645139733,7,0.18175071063041687,93.74666666666667,0.3023145546913147,90.16,0.29529497413635253,90.36,13.029096995996952
tune_alpha1_signmuon_lr0.3643_e15_t,0,alpha,signmuon,power:1,tune,15,0.36429438645139733,8,0.14227295212083393,95.09333333333333,0.30207832131385803,90.88000000000001,0.2934657244682312,90.82000000000001,13.040782030002447
tune_alpha1_signmuon_lr0.3643_e15_t,0,alpha,signmuon,power:1,tune,15,0.36429438645139733,9,0.1068864759127299,96.37777777777778,0.2671148352146149,91.94,0.2556426226615906,91.82000000000001,13.030088197003352
tune_alpha1_signmuon_lr0.3643_e15_t,0,alpha,signmuon,power:1,tune,15,0.36429438645139733,10,0.08297754748662313,97.18666666666667,0.2913041296958923,91.74,0.2796231266975403,92.04,13.029586635006126
tune_alpha1_signmuon_lr0.3643_e15_t,0,alpha,signmuon,power:1,tune,15,0.36429438645139733,11,0.05962332697841856,97.96000000000001,0.28125025873184206,92.22,0.26877912068367005,92.22,13.026153544997214
tune_alpha1_signmuon_lr0.3643_e15_t,0,alpha,signmuon,power:1,tune,15,0.36429438645139733,12,0.04262221903337372,98.62666666666667,0.2666081431388855,92.91,0.253320978307724,93.14,13.02971279600024
tune_alpha1_signmuon_lr0.3643_e15_t,0,alpha,signmuon,power:1,tune,15,0.36429438645139733,13,0.032200418090158035,98.99555555555555,0.25907191472053526,93.24,0.24696372318267823,93.38,13.020503357001871
tune_alpha1_signmuon_lr0.3643_e15_t,0,alpha,signmuon,power:1,tune,15,0.36429438645139733,14,0.022977218456400765,99.32444444444445,0.26300836873054506,93.24,0.24531893491744994,93.4,13.017685008002445
tune_alpha1_signmuon_lr0.3643_e15_t,0,alpha,signmuon,power:1,tune,15,0.36429438645139733,15,0.01912958435879813,99.4888888888889,0.2614020574569702,93.30000000000001,0.24431635465621948,93.44,13.028396855996107
tune_alpha1_signmuon_lr1.152_e15_t,0,alpha,signmuon,power:1,tune,15,1.1520000000000001,0,2.3028948455810547,10.246666666666666,2.3027890270233153,10.38,2.302111595916748,10.34,
tune_alpha1_signmuon_lr1.152_e15_t,0,alpha,signmuon,power:1,tune,15,1.1520000000000001,1,1.0879990271992153,61.23777777777778,0.6734367832183837,76.84,0.6950204758644104,75.56,13.657185379001021
tune_alpha1_signmuon_lr1.152_e15_t,0,alpha,signmuon,power:1,tune,15,1.1520000000000001,2,0.5687947676022848,80.36222222222223,0.650273372554779,78.63,0.6523110270500183,78.14,13.01252839499648
tune_alpha1_signmuon_lr1.152_e15_t,0,alpha,signmuon,power:1,tune,15,1.1520000000000001,3,0.427109945403205,85.28,0.47773189449310305,84.27,0.48852894248962403,83.84,13.010656009006198
tune_alpha1_signmuon_lr1.152_e15_t,0,alpha,signmuon,power:1,tune,15,1.1520000000000001,4,0.338857070239385,88.34444444444445,0.4085857736587524,86.0,0.3918990280151367,86.6,13.032039233999967
tune_alpha1_signmuon_lr1.152_e15_t,0,alpha,signmuon,power:1,tune,15,1.1520000000000001,5,0.2738470044930776,90.63111111111111,0.3546058346748352,88.24,0.34447746181488037,88.92,13.044818947004387
tune_alpha1_signmuon_lr1.152_e15_t,0,alpha,signmuon,power:1,tune,15,1.1520000000000001,6,0.22457988845772214,92.22222222222223,0.31103578634262086,89.60000000000001,0.3009542335510254,90.12,13.043730188001064
tune_alpha1_signmuon_lr1.152_e15_t,0,alpha,signmuon,power:1,tune,15,1.1520000000000001,7,0.1770209150340822,93.94,0.2946169525146484,90.69,0.28513168659210203,90.64,13.045259561004059
tune_alpha1_signmuon_lr1.152_e15_t,0,alpha,signmuon,power:1,tune,15,1.1520000000000001,8,0.13740881511105432,95.32666666666667,0.29187782497406006,91.42,0.2834950616836548,91.2,13.038940499005548
tune_alpha1_signmuon_lr1.152_e15_t,0,alpha,signmuon,power:1,tune,15,1.1520000000000001,9,0.10302198584344652,96.50888888888889,0.28166746916770935,91.83,0.26485142183303834,91.78,13.036204807998729
tune_alpha1_signmuon_lr1.152_e15_t,0,alpha,signmuon,power:1,tune,15,1.1520000000000001,10,0.07896297848092185,97.3,0.26728053674697877,92.21000000000001,0.24439222278594971,92.52,13.031453091003641
tune_alpha1_signmuon_lr1.152_e15_t,0,alpha,signmuon,power:1,tune,15,1.1520000000000001,11,0.054833256655765904,98.19555555555556,0.26954919390678406,92.32000000000001,0.23883831787109375,93.04,13.033717302001605
tune_alpha1_signmuon_lr1.152_e15_t,0,alpha,signmuon,power:1,tune,15,1.1520000000000001,12,0.0388803725944625,98.68666666666667,0.2663212764263153,92.84,0.24265991792678834,92.9,13.02510727000481
tune_alpha1_signmuon_lr1.152_e15_t,0,alpha,signmuon,power:1,tune,15,1.1520000000000001,13,0.029994752825465466,99.03555555555556,0.25073863344192504,92.97,0.22993672873973847,93.76,13.020371807993797
tune_alpha1_signmuon_lr1.152_e15_t,0,alpha,signmuon,power:1,tune,15,1.1520000000000001,14,0.02172771357364125,99.39555555555556,0.2527379843235016,93.30000000000001,0.23071899785995484,93.60000000000001,13.019039927996346
tune_alpha1_signmuon_lr1.152_e15_t,0,alpha,signmuon,power:1,tune,15,1.1520000000000001,15,0.0176390289651023,99.51333333333334,0.25195643873214724,93.28999999999999,0.23119370350837706,93.78,13.019660316997033
tune_alpha1_signmuon_lr11.52_e15_t,0,alpha,signmuon,power:1,tune,15,11.520000000000001,0,2.3028948455810547,10.246666666666666,2.3027890270233153,10.38,2.302111595916748,10.34,
tune_alpha1_signmuon_lr11.52_e15_t,0,alpha,signmuon,power:1,tune,15,11.520000000000001,1,1.1558751393847995,58.74444444444444,0.717071066570282,75.7,0.7232419095993042,75.2,13.638096285998472
tune_alpha1_signmuon_lr11.52_e15_t,0,alpha,signmuon,power:1,tune,15,11.520000000000001,2,0.585526529539956,79.78666666666666,0.6271610610961914,79.24,0.6321728224754334,79.02,13.000084845996753
tune_alpha1_signmuon_lr11.52_e15_t,0,alpha,signmuon,power:1,tune,15,11.520000000000001,3,0.43777880261739094,85.01333333333334,0.4269767373561859,85.38,0.42031645641326904,85.42,13.012673575001827
tune_alpha1_signmuon_lr11.52_e15_t,0,alpha,signmuon,power:1,tune,15,11.520000000000001,4,0.3476633373949263,88.13777777777779,0.4105685500144958,86.14,0.4034082308292389,86.1,13.029275253000378
tune_alpha1_signmuon_lr11.52_e15_t,0,alpha,signmuon,power:1,tune,15,11.520000000000001,5,0.27757217162450154,90.52222222222223,0.3933174765586853,87.03999999999999,0.38654698867797854,87.28,13.03512675800448
tune_alpha1_signmuon_lr11.52_e15_t,0,alpha,signmuon,power:1,tune,15,11.520000000000001,6,0.23010187397532994,92.06666666666666,0.2970364945411682,90.03,0.30660276622772215,90.0,13.028308762004599
tune_alpha1_signmuon_lr11.52_e15_t,0,alpha,signmuon,power:1,tune,15,11.520000000000001,7,0.17944234568277995,93.84444444444443,0.2901754144668579,90.72,0.2967529764175415,90.7,13.035399549997237
tune_alpha1_signmuon_lr11.52_e15_t,0,alpha,signmuon,power:1,tune,15,11.520000000000001,8,0.1405937385665046,95.16,0.29002482442855837,90.9,0.2837685635924339,90.98,13.03592230999493
tune_alpha1_signmuon_lr11.52_e15_t,0,alpha,signmuon,power:1,tune,15,11.520000000000001,9,0.10729814694060219,96.36888888888889,0.27468932626247405,92.01,0.262875443315506,92.17999999999999,13.033642333997705
tune_alpha1_signmuon_lr11.52_e15_t,0,alpha,signmuon,power:1,tune,15,11.520000000000001,10,0.08091870488590665,97.32222222222222,0.2773998147010803,92.08,0.2809035197257996,91.94,13.03376149799442
tune_alpha1_signmuon_lr11.52_e15_t,0,alpha,signmuon,power:1,tune,15,11.520000000000001,11,0.056321912114487754,98.09777777777778,0.2682725730419159,92.49000000000001,0.2658733981132507,92.32000000000001,13.02892132299894
tune_alpha1_signmuon_lr11.52_e15_t,0,alpha,signmuon,power:1,tune,15,11.520000000000001,12,0.041578691003057694,98.65777777777778,0.2582462016582489,92.94,0.26027240700721743,92.62,13.028882459999295
tune_alpha1_signmuon_lr11.52_e15_t,0,alpha,signmuon,power:1,tune,15,11.520000000000001,13,0.030241629157132573,99.05555555555556,0.26224746594429016,93.08,0.25257727785110473,92.80000000000001,13.026265897002304
tune_alpha1_signmuon_lr11.52_e15_t,0,alpha,signmuon,power:1,tune,15,11.520000000000001,14,0.022385966675811345,99.37333333333333,0.2626860311985016,93.13,0.25354109091758725,92.86,13.03387495700008
tune_alpha1_signmuon_lr11.52_e15_t,0,alpha,signmuon,power:1,tune,15,11.520000000000001,15,0.01842267370786932,99.50444444444445,0.25932795734405517,93.22,0.2524097920894623,92.84,13.027369279006962
tune_alpha1_signmuon_lr3.643_e15_t,0,alpha,signmuon,power:1,tune,15,3.6429438645139736,0,2.3028948455810547,10.246666666666666,2.302789026641846,10.38,2.3021115955352784,10.34,
tune_alpha1_signmuon_lr3.643_e15_t,0,alpha,signmuon,power:1,tune,15,3.6429438645139736,1,1.1371536147965324,59.42666666666667,0.694276113986969,76.85,0.6870873408317566,76.72,13.65979675899871
tune_alpha1_signmuon_lr3.643_e15_t,0,alpha,signmuon,power:1,tune,15,3.6429438645139736,2,0.5835300080882179,79.90222222222222,0.6576201885223388,78.62,0.6698016400337219,78.12,13.014033396000741
tune_alpha1_signmuon_lr3.643_e15_t,0,alpha,signmuon,power:1,tune,15,3.6429438645139736,3,0.43540816463894316,85.06444444444445,0.4560687630653381,84.73,0.4512507086277008,84.68,13.01631007099786
tune_alpha1_signmuon_lr3.643_e15_t,0,alpha,signmuon,power:1,tune,15,3.6429438645139736,4,0.34522547760539585,88.17111111111112,0.39956298151016234,86.45,0.3917374384880066,86.8,13.023143124999478
tune_alpha1_signmuon_lr3.643_e15_t,0,alpha,signmuon,power:1,tune,15,3.6429438645139736,5,0.27818854547076755,90.48666666666666,0.3501091550827026,88.63,0.33437709097862245,89.24,13.045649453000806
tune_alpha1_signmuon_lr3.643_e15_t,0,alpha,signmuon,power:1,tune,15,3.6429438645139736,6,0.22950860285758973,92.13777777777777,0.3054484226226807,89.59,0.3085295366287231,89.60000000000001,13.047831253003096
tune_alpha1_signmuon_lr3.643_e15_t,0,alpha,signmuon,power:1,tune,15,3.6429438645139736,7,0.1799814108265771,93.78666666666666,0.2949993982791901,90.67,0.2909875163555145,90.72,13.046567406003305
tune_alpha1_signmuon_lr3.643_e15_t,0,alpha,signmuon,power:1,tune,15,3.6429438645139736,8,0.14073548868762123,95.17999999999999,0.2911572352409363,90.81,0.29354844098091126,90.7,13.048001369003032
tune_alpha1_signmuon_lr3.643_e15_t,0,alpha,signmuon,power:1,tune,15,3.6429438645139736,9,0.10326239613162147,96.46444444444444,0.2759370442390442,91.72,0.2641825155258179,91.7,13.05047164199641
tune_alpha1_signmuon_lr3.643_e15_t,0,alpha,signmuon,power:1,tune,15,3.6429438645139736,10,0.0796454722377989,97.29555555555555,0.26544183177948,92.14,0.2628906227588654,92.5,13.05280331800168
tune_alpha1_signmuon_lr3.643_e15_t,0,alpha,signmuon,power:1,tune,15,3.6429438645139736,11,0.056946392023563386,98.09555555555556,0.2697780785083771,92.36999999999999,0.2578414165973663,92.4,13.045834240001568
tune_alpha1_signmuon_lr3.643_e15_t,0,alpha,signmuon,power:1,tune,15,3.6429438645139736,12,0.04008857045438555,98.71555555555555,0.27037002482414246,92.69,0.24824297051429747,93.30000000000001,13.034317784004088
tune_alpha1_signmuon_lr3.643_e15_t,0,alpha,signmuon,power:1,tune,15,3.6429438645139736,13,0.030717582405772475,99.02444444444444,0.2643373236656189,92.96,0.24649001121520997,93.14,13.02786151899636
tune_alpha1_signmuon_lr3.643_e15_t,0,alpha,signmuon,power:1,tune,15,3.6429438645139736,14,0.021244219401809903,99.38444444444444,0.2660837685108185,93.16,0.2541398612499237,93.26,13.034795536994352
tune_alpha1_signmuon_lr3.643_e15_t,0,alpha,signmuon,power:1,tune,15,3.6429438645139736,15,0.017898182231022252,99.52222222222223,0.2643845402240753,93.02,0.25220907406806947,93.47999999999999,13.037071519000165
tune_gain_muon,0,gain,muon,unit-gain,tune,20,0.015,0,2.3028948455810547,10.246666666666666,2.3027890270233153,10.38,2.3021115951538085,10.34,
tune_gain_muon,0,gain,muon,unit-gain,tune,20,0.015,1,1.1355582048839994,59.56444444444444,0.7936871357917785,73.05,0.7935399566650391,72.74000000000001,13.63040596799874
tune_gain_muon,0,gain,muon,unit-gain,tune,20,0.015,2,0.6725515880160862,76.74666666666667,0.7783180786132813,75.4,0.7981913543701172,74.46000000000001,13.005770904999736
tune_gain_muon,0,gain,muon,unit-gain,tune,20,0.015,3,0.572688120481703,80.39777777777778,0.624965927696228,79.27,0.6205615369796753,79.25999999999999,13.013267213998915
tune_gain_muon,0,gain,muon,unit-gain,tune,20,0.015,4,0.5202912154303657,82.17555555555556,0.5331278881072998,81.74,0.5414413427352905,81.56,13.009000186000776
tune_gain_muon,0,gain,muon,unit-gain,tune,20,0.015,5,0.48394987065527173,83.5,0.6216649977684021,80.39,0.6073317501068115,79.72,13.02107421600158
tune_gain_muon,0,gain,muon,unit-gain,tune,20,0.015,6,0.4515244973871443,84.69111111111111,0.511404585647583,82.72,0.510631768989563,82.5,13.018619701000716
tune_gain_muon,0,gain,muon,unit-gain,tune,20,0.015,7,0.4161282498465644,85.78,0.45094110474586485,84.68,0.44042579126358034,85.24000000000001,13.022161654000229
tune_gain_muon,0,gain,muon,unit-gain,tune,20,0.015,8,0.3907448990450965,86.54222222222222,0.4520471677780151,85.28,0.4326329698562622,85.0,13.027239166000072
tune_gain_muon,0,gain,muon,unit-gain,tune,20,0.015,9,0.3573491437382168,87.83999999999999,0.44553512971401216,85.74000000000001,0.40667140045166017,86.33999999999999,13.025022896999872
tune_gain_muon,0,gain,muon,unit-gain,tune,20,0.015,10,0.32866340023146734,88.64222222222222,0.4053225483894348,87.03,0.4061536157608032,86.92,13.01670751599886
tune_gain_muon,0,gain,muon,unit-gain,tune,20,0.015,11,0.28757697568469576,90.11111111111111,0.3805209493637085,87.33,0.3730107452392578,88.06,13.022077573999923
tune_gain_muon,0,gain,muon,unit-gain,tune,20,0.015,12,0.25169953388108146,91.23777777777778,0.3805508066177368,88.21,0.36483534269332885,88.22,13.026756257999295
tune_gain_muon,0,gain,muon,unit-gain,tune,20,0.015,13,0.2162862933980094,92.60888888888888,0.36198066148757935,88.98,0.36406713180541994,88.4,13.034903967998616
tune_gain_muon,0,gain,muon,unit-gain,tune,20,0.015,14,0.17762234136793348,93.84444444444443,0.32034308576583864,90.42,0.30208549575805665,90.68,13.030690490999405
tune_gain_muon,0,gain,muon,unit-gain,tune,20,0.015,15,0.144587911245558,95.01555555555555,0.29783556385040283,90.83,0.2790634959101677,91.14,13.033084079999753
tune_gain_muon,0,gain,muon,unit-gain,tune,20,0.015,16,0.10828999208079444,96.32666666666667,0.2970791752576828,91.51,0.28033225615024565,91.64,13.032125723999343
tune_gain_muon,0,gain,muon,unit-gain,tune,20,0.015,17,0.08205826968881819,97.20222222222222,0.2923438677549362,92.13,0.27625384764671324,92.4,13.02592313400055
tune_gain_muon,0,gain,muon,unit-gain,tune,20,0.015,18,0.05935764300955666,98.06444444444445,0.291933447265625,92.41,0.27614627819061277,92.67999999999999,13.02690671900018
tune_gain_muon,0,gain,muon,unit-gain,tune,20,0.015,19,0.041410339544216794,98.69555555555556,0.29321149649620054,92.67999999999999,0.26990019168853757,92.9,13.0231618910002
tune_gain_muon,0,gain,muon,unit-gain,tune,20,0.015,20,0.03448868286675877,98.88666666666667,0.29061663703918456,92.67999999999999,0.26607500891685487,93.14,13.033369691000189
tune_gain_muon_e20_t,0,gain,muon,unit-gain,tune,20,0.005,0,2.3028948455810547,10.246666666666666,2.302789026641846,10.38,2.302111595916748,10.34,
tune_gain_muon_e20_t,0,gain,muon,unit-gain,tune,20,0.005,1,1.1739891366004944,57.75333333333334,0.7647307054519653,74.22,0.7533575578689575,74.02,13.593039156003215
tune_gain_muon_e20_t,0,gain,muon,unit-gain,tune,20,0.005,2,0.609954486518436,78.90888888888888,0.6932868489265442,77.14999999999999,0.7009463471412659,76.55999999999999,12.951084797998192
tune_gain_muon_e20_t,0,gain,muon,unit-gain,tune,20,0.005,3,0.45627509732776217,84.24222222222222,0.4512875523090363,84.78,0.46117086029052734,84.78,12.9546722879968
tune_gain_muon_e20_t,0,gain,muon,unit-gain,tune,20,0.005,4,0.36796530542373657,87.28888888888889,0.4231212159156799,85.82,0.41245997967720033,85.68,12.960270914998546
tune_gain_muon_e20_t,0,gain,muon,unit-gain,tune,20,0.005,5,0.3096501604663001,89.21777777777777,0.3922298084259033,87.28,0.3891348222732544,87.22,12.965837871000986
tune_gain_muon_e20_t,0,gain,muon,unit-gain,tune,20,0.005,6,0.27042277783287894,90.57111111111111,0.3365615047454834,88.79,0.3483760545730591,88.38000000000001,12.961839072995645
tune_gain_muon_e20_t,0,gain,muon,unit-gain,tune,20,0.005,7,0.22924962131182353,92.10888888888888,0.33177336139678953,89.08,0.33770560209751127,88.94,12.969551644993771
tune_gain_muon_e20_t,0,gain,muon,unit-gain,tune,20,0.005,8,0.20096675542990367,93.09555555555555,0.35363913192749025,88.94999999999999,0.35063287689685824,88.92,12.978030336998927
tune_gain_muon_e20_t,0,gain,muon,unit-gain,tune,20,0.005,9,0.1757205275244183,93.98222222222222,0.32235887861251833,89.92,0.3152913173675537,90.32,12.977454013001989
tune_gain_muon_e20_t,0,gain,muon,unit-gain,tune,20,0.005,10,0.16238875436120562,94.41333333333334,0.3508674757003784,89.94,0.3562929084777832,89.32,12.978621276000922
tune_gain_muon_e20_t,0,gain,muon,unit-gain,tune,20,0.005,11,0.14432479697598352,94.94,0.33712001881599424,90.06,0.334802082824707,90.02,12.974856221000664
tune_gain_muon_e20_t,0,gain,muon,unit-gain,tune,20,0.005,12,0.12796106272273594,95.51777777777778,0.3839894673347473,89.32,0.39132534289360044,89.2,12.973854026000481
tune_gain_muon_e20_t,0,gain,muon,unit-gain,tune,20,0.005,13,0.1176316641330719,95.84888888888888,0.3079573956489563,91.28,0.3136715500354767,90.94,12.977005593995273
tune_gain_muon_e20_t,0,gain,muon,unit-gain,tune,20,0.005,14,0.10502591819233364,96.32888888888888,0.35391785640716555,90.58,0.3521682577133179,90.2,12.980058953995467
tune_gain_muon_e20_t,0,gain,muon,unit-gain,tune,20,0.005,15,0.09799898178974788,96.64666666666668,0.35515181102752685,90.69,0.33922215514183046,90.36,12.979403812998498
tune_gain_muon_e20_t,0,gain,muon,unit-gain,tune,20,0.005,16,0.08995335300233628,96.89777777777778,0.3407552061080933,91.33,0.3285798168182373,91.16,12.968227479002962
tune_gain_muon_e20_t,0,gain,muon,unit-gain,tune,20,0.005,17,0.08273254371020529,97.14666666666668,0.39717842316627505,90.21000000000001,0.3687053911924362,90.53999999999999,12.965471956995316
tune_gain_muon_e20_t,0,gain,muon,unit-gain,tune,20,0.005,18,0.07735455150736703,97.34222222222222,0.3689572931289673,90.62,0.36863536937236785,90.74,12.960810033997404
tune_gain_muon_e20_t,0,gain,muon,unit-gain,tune,20,0.005,19,0.0721718087805642,97.47777777777777,0.3329268005371094,91.55,0.31983712312877177,91.78,12.96304807800334
tune_gain_muon_e20_t,0,gain,muon,unit-gain,tune,20,0.005,20,0.06914246535698573,97.5911111111111,0.3642701114654541,91.49000000000001,0.36500138022899625,90.94,12.961662933004845
tune_gain_signmuon,0,gain,signmuon,unit-gain,tune,20,0.034,0,2.3028948455810547,10.246666666666666,2.302789026641846,10.38,2.3021115951538085,10.34,
tune_gain_signmuon,0,gain,signmuon,unit-gain,tune,20,0.034,1,1.1783757273779976,57.80888888888889,0.9563215845108032,68.16,0.9453878117561341,68.42,13.24591517800036
tune_gain_signmuon,0,gain,signmuon,unit-gain,tune,20,0.034,2,0.7898275075912475,72.53333333333333,0.841671919631958,71.81,0.8395449607849121,72.1,12.705563319999783
tune_gain_signmuon,0,gain,signmuon,unit-gain,tune,20,0.034,3,0.7279512560950385,74.94,0.7295144846916198,74.99,0.7457495761871338,75.1,12.788066803999754
tune_gain_signmuon,0,gain,signmuon,unit-gain,tune,20,0.034,4,0.6867257007069058,76.36888888888889,0.7606924004554748,73.52,0.7671526422500611,73.7,12.857600557999831
tune_gain_signmuon,0,gain,signmuon,unit-gain,tune,20,0.034,5,0.6548826183319092,77.42222222222223,0.8378387969970703,73.61999999999999,0.8403417073249817,73.32,12.892017498999849
tune_gain_signmuon,0,gain,signmuon,unit-gain,tune,20,0.034,6,0.622219693046146,78.8111111111111,0.8591260809898377,71.08,0.8727203941345215,71.22,12.929295858999467
tune_gain_signmuon,0,gain,signmuon,unit-gain,tune,20,0.034,7,0.5869577858077155,79.78888888888889,0.8246926179885864,73.44000000000001,0.8116688966751099,73.52,12.95083899599922
tune_gain_signmuon,0,gain,signmuon,unit-gain,tune,20,0.034,8,0.5581297206136916,81.03777777777778,0.674930120420456,77.38000000000001,0.66857551279068,77.48,12.973688664000292
tune_gain_signmuon,0,gain,signmuon,unit-gain,tune,20,0.034,9,0.5245173887517717,81.99555555555555,0.5542683200359344,81.91000000000001,0.5537739998817444,81.62,12.985707764000836
tune_gain_signmuon,0,gain,signmuon,unit-gain,tune,20,0.034,10,0.4846446900897556,83.17777777777778,0.5252803622722626,82.77,0.5231547177314758,82.52000000000001,13.008209919000365
tune_gain_signmuon,0,gain,signmuon,unit-gain,tune,20,0.034,11,0.441978435866038,84.78,0.46738555612564087,84.35000000000001,0.4951280210494995,83.62,13.012185660001705
tune_gain_signmuon,0,gain,signmuon,unit-gain,tune,20,0.034,12,0.39802491765552095,86.24888888888889,0.4792548399925232,84.22,0.4980610357284546,83.98,13.019999792999442
tune_gain_signmuon,0,gain,signmuon,unit-gain,tune,20,0.034,13,0.3571399117098914,87.87777777777778,0.42608652238845823,85.9,0.4212968238830566,85.86,13.024346222999156
tune_gain_signmuon,0,gain,signmuon,unit-gain,tune,20,0.034,14,0.30798291345172457,89.29333333333334,0.35657999262809753,88.21,0.36264039697647094,88.1,13.025887417999911
tune_gain_signmuon,0,gain,signmuon,unit-gain,tune,20,0.034,15,0.262706032371521,91.06444444444445,0.3486693774223328,88.96,0.3475608072757721,88.12,13.04376122299982
tune_gain_signmuon,0,gain,signmuon,unit-gain,tune,20,0.034,16,0.2139622314532598,92.71333333333334,0.32457045965194703,90.03,0.3323323899269104,89.48,13.034482811999624
tune_gain_signmuon,0,gain,signmuon,unit-gain,tune,20,0.034,17,0.16648473606639438,94.37555555555555,0.29628028435707093,90.64999999999999,0.2998668043613434,90.52,13.035315096998602
tune_gain_signmuon,0,gain,signmuon,unit-gain,tune,20,0.034,18,0.12710948980583084,95.7311111111111,0.28633889207839963,91.61,0.28835048007965086,91.38,13.033361367000907
tune_gain_signmuon,0,gain,signmuon,unit-gain,tune,20,0.034,19,0.09513332182168961,96.7688888888889,0.2883707327604294,91.78,0.2867922417640686,91.56,13.045483179999792
tune_gain_signmuon,0,gain,signmuon,unit-gain,tune,20,0.034,20,0.0796190085000462,97.37333333333333,0.2863106708288193,92.07,0.2804187406539917,91.8,13.04580936399907
tune_gain_signmuon_e20_t,0,gain,signmuon,unit-gain,tune,20,0.011333333333333334,0,2.3028948455810547,10.246666666666666,2.302789026641846,10.38,2.3021115955352784,10.34,
tune_gain_signmuon_e20_t,0,gain,signmuon,unit-gain,tune,20,0.011333333333333334,1,1.109446927664015,60.31999999999999,0.6908225584506988,76.42999999999999,0.6840525326728821,75.6,13.290751560001809
tune_gain_signmuon_e20_t,0,gain,signmuon,unit-gain,tune,20,0.011333333333333334,2,0.580489030122757,79.87777777777778,0.6086181216239929,79.72,0.6241177076339721,78.96,12.747265673002403
tune_gain_signmuon_e20_t,0,gain,signmuon,unit-gain,tune,20,0.011333333333333334,3,0.442759727329678,84.80444444444444,0.4289193608760834,85.92,0.44403742208480834,84.89999999999999,12.812725767995289
tune_gain_signmuon_e20_t,0,gain,signmuon,unit-gain,tune,20,0.011333333333333334,4,0.3608496454609765,87.64666666666666,0.38269124360084533,87.22,0.38665651664733885,87.12,12.87263218699809
tune_gain_signmuon_e20_t,0,gain,signmuon,unit-gain,tune,20,0.011333333333333334,5,0.2978343589173423,89.75111111111111,0.41788124513626096,86.59,0.41481747007369996,86.68,12.921083633002127
tune_gain_signmuon_e20_t,0,gain,signmuon,unit-gain,tune,20,0.011333333333333334,6,0.2593523300939136,91.17555555555555,0.33089673137664793,89.02,0.3428231153011322,88.75999999999999,12.939078281997354
tune_gain_signmuon_e20_t,0,gain,signmuon,unit-gain,tune,20,0.011333333333333334,7,0.2221882652733061,92.45777777777778,0.32514760694503786,89.64999999999999,0.33428400440216066,89.64,12.959739776997594
tune_gain_signmuon_e20_t,0,gain,signmuon,unit-gain,tune,20,0.011333333333333334,8,0.19381934431261486,93.32000000000001,0.32316415674686433,90.13,0.3229301493406296,89.78,12.979963080004381
tune_gain_signmuon_e20_t,0,gain,signmuon,unit-gain,tune,20,0.011333333333333334,9,0.16917972122828165,94.13555555555556,0.292557910323143,90.85,0.27020891189575197,91.38,12.995806483995693
tune_gain_signmuon_e20_t,0,gain,signmuon,unit-gain,tune,20,0.011333333333333334,10,0.1576684750398,94.48666666666666,0.3236992317199707,90.64,0.3297639139175415,89.88000000000001,13.006618813000387
tune_gain_signmuon_e20_t,0,gain,signmuon,unit-gain,tune,20,0.011333333333333334,11,0.1341058606677585,95.26444444444444,0.34293113164901734,90.19,0.35343161468505857,89.66,13.007728404998488
tune_gain_signmuon_e20_t,0,gain,signmuon,unit-gain,tune,20,0.011333333333333334,12,0.12465765690803528,95.70444444444445,0.3104450996160507,91.05,0.31626403551101684,90.9,13.01223733099323
tune_gain_signmuon_e20_t,0,gain,signmuon,unit-gain,tune,20,0.011333333333333334,13,0.11164173767036861,96.15555555555557,0.3225847496032715,90.92,0.3399742094039917,90.7,13.01590517799923
tune_gain_signmuon_e20_t,0,gain,signmuon,unit-gain,tune,20,0.011333333333333334,14,0.10360333009825813,96.40888888888888,0.32080487508773803,91.25999999999999,0.31074313106536866,91.5,13.009895759998471
tune_gain_signmuon_e20_t,0,gain,signmuon,unit-gain,tune,20,0.011333333333333334,15,0.09615217186080086,96.71333333333332,0.3294687694072723,91.03999999999999,0.3144238684177399,91.38,13.01329026500025
tune_gain_signmuon_e20_t,0,gain,signmuon,unit-gain,tune,20,0.011333333333333334,16,0.08527390943633185,96.98666666666666,0.3560664002344012,90.97,0.3547784327507019,90.25999999999999,13.014721438004926
tune_gain_signmuon_e20_t,0,gain,signmuon,unit-gain,tune,20,0.011333333333333334,17,0.07993798945082559,97.19777777777779,0.3363030275344849,91.33,0.3231725438117981,91.02,13.018558798001322
tune_gain_signmuon_e20_t,0,gain,signmuon,unit-gain,tune,20,0.011333333333333334,18,0.07389228410720826,97.46444444444444,0.33315104327201844,91.75999999999999,0.3453757827043533,91.52,13.020823347003898
tune_gain_signmuon_e20_t,0,gain,signmuon,unit-gain,tune,20,0.011333333333333334,19,0.06900449524852964,97.66666666666667,0.3521146772861481,91.3,0.3632977993011475,91.22,13.018274697002198
tune_gain_signmuon_e20_t,0,gain,signmuon,unit-gain,tune,20,0.011333333333333334,20,0.06331326101620992,97.84,0.3595402874231339,91.67999999999999,0.3638852204084396,91.34,13.025127581000561
tune_lr_adam_mup_0.0001_e15_t,0,lr,adam,mup,tune,15,0.0001,0,2.3028948455810547,10.246666666666666,2.3027890270233153,10.38,2.302111595916748,10.34,
tune_lr_adam_mup_0.0001_e15_t,0,lr,adam,mup,tune,15,0.0001,1,1.4588587111579048,46.526666666666664,1.1598942830085754,59.099999999999994,1.1627792079925536,59.260000000000005,11.945868913993763
tune_lr_adam_mup_0.0001_e15_t,0,lr,adam,mup,tune,15,0.0001,2,1.0146955045170254,63.80444444444444,0.9974798374176025,65.10000000000001,0.9976976264953613,65.3,11.415025199996307
tune_lr_adam_mup_0.0001_e15_t,0,lr,adam,mup,tune,15,0.0001,3,0.8079895872963799,71.57555555555555,0.7582787690639495,74.27,0.7819344669342041,72.84,11.423638441003277
tune_lr_adam_mup_0.0001_e15_t,0,lr,adam,mup,tune,15,0.0001,4,0.6743122579468621,76.40222222222222,0.6766109592914581,76.97,0.6974468399047852,76.18,11.428173834006884
tune_lr_adam_mup_0.0001_e15_t,0,lr,adam,mup,tune,15,0.0001,5,0.5882034488677979,79.46222222222222,0.6523119269371033,78.75,0.6766701759338379,76.75999999999999,11.436467848005123
tune_lr_adam_mup_0.0001_e15_t,0,lr,adam,mup,tune,15,0.0001,6,0.5190747363196478,81.95333333333333,0.5720742991447448,80.11,0.5851792369842529,80.04,11.43384625500039
tune_lr_adam_mup_0.0001_e15_t,0,lr,adam,mup,tune,15,0.0001,7,0.45639592107137045,84.18666666666667,0.5156396446228028,82.91,0.5257779365539551,82.17999999999999,11.435729801996786
tune_lr_adam_mup_0.0001_e15_t,0,lr,adam,mup,tune,15,0.0001,8,0.40613516931003996,86.04666666666667,0.5129162725448608,82.76,0.5314577271461487,81.46,11.437052510002104
tune_lr_adam_mup_0.0001_e15_t,0,lr,adam,mup,tune,15,0.0001,9,0.3649602266099718,87.27777777777777,0.4826169405221939,83.83,0.4897154479980469,83.67999999999999,11.442729969996435
tune_lr_adam_mup_0.0001_e15_t,0,lr,adam,mup,tune,15,0.0001,10,0.3267898460653093,88.70444444444445,0.4556055820465088,84.76,0.4461123333930969,85.1,11.43554077099543
tune_lr_adam_mup_0.0001_e15_t,0,lr,adam,mup,tune,15,0.0001,11,0.28584400642183094,90.12222222222222,0.4245370454311371,85.91,0.42629933700561523,85.76,11.43801712399727
tune_lr_adam_mup_0.0001_e15_t,0,lr,adam,mup,tune,15,0.0001,12,0.25787615593804253,91.06666666666666,0.42546227152347565,86.3,0.426276393699646,86.24000000000001,11.433609308005543
tune_lr_adam_mup_0.0001_e15_t,0,lr,adam,mup,tune,15,0.0001,13,0.23390552653736538,91.8488888888889,0.398767784678936,86.92,0.3909089075088501,87.36,11.42771951299801
tune_lr_adam_mup_0.0001_e15_t,0,lr,adam,mup,tune,15,0.0001,14,0.2165608891752031,92.59333333333333,0.39236236040592193,87.3,0.3850266122817993,87.42,11.429098329004773
tune_lr_adam_mup_0.0001_e15_t,0,lr,adam,mup,tune,15,0.0001,15,0.20886818378766378,92.77111111111111,0.38993033471107486,87.38,0.38345450925827024,87.74,11.441273408003326
tune_lr_adam_mup_0.0004642_e15_t,0,lr,adam,mup,tune,15,0.00046415888336127773,0,2.30289483473036,10.246666666666666,2.3027890357971192,10.38,2.30211160736084,10.34,
tune_lr_adam_mup_0.0004642_e15_t,0,lr,adam,mup,tune,15,0.00046415888336127773,1,1.4000452142079671,48.73111111111111,1.2088506395339966,57.74,1.235143000793457,57.120000000000005,11.941581180995854
tune_lr_adam_mup_0.0004642_e15_t,0,lr,adam,mup,tune,15,0.00046415888336127773,2,0.912621951813168,67.62666666666667,0.9546840834617615,68.19,0.9666460298538208,66.96,11.414752685006533
tune_lr_adam_mup_0.0004642_e15_t,0,lr,adam,mup,tune,15,0.00046415888336127773,3,0.7011088556289673,75.53333333333333,0.8288064567565918,72.68,0.8307964542388916,72.02,11.421136968005158
tune_lr_adam_mup_0.0004642_e15_t,0,lr,adam,mup,tune,15,0.00046415888336127773,4,0.5852898077752855,79.80000000000001,0.6654469848632812,77.52,0.6694435011863709,76.24,11.424056000003475
tune_lr_adam_mup_0.0004642_e15_t,0,lr,adam,mup,tune,15,0.00046415888336127773,5,0.5089889720439911,82.39777777777778,0.5761811979293823,80.93,0.5556612937927247,81.56,11.429745204004575
tune_lr_adam_mup_0.0004642_e15_t,0,lr,adam,mup,tune,15,0.00046415888336127773,6,0.4412151455508338,84.93555555555555,0.48281324858665464,83.50999999999999,0.47997677216529844,83.6,11.429740139996284
tune_lr_adam_mup_0.0004642_e15_t,0,lr,adam,mup,tune,15,0.00046415888336127773,7,0.38714459169705706,86.65777777777778,0.49266080894470216,83.93,0.5017559463500977,83.56,11.43698855600087
tune_lr_adam_mup_0.0004642_e15_t,0,lr,adam,mup,tune,15,0.00046415888336127773,8,0.34043758052190143,88.15333333333332,0.40283230249881746,86.5,0.3957337100505829,86.5,11.43186777200026
tune_lr_adam_mup_0.0004642_e15_t,0,lr,adam,mup,tune,15,0.00046415888336127773,9,0.2945940901120504,89.75777777777778,0.3825602557659149,87.27000000000001,0.3717525129318237,87.7,11.42534796900145
tune_lr_adam_mup_0.0004642_e15_t,0,lr,adam,mup,tune,15,0.00046415888336127773,10,0.25873787287076316,91.02666666666667,0.39659305263757705,87.64,0.39185035037994387,87.6,11.426213479004218
tune_lr_adam_mup_0.0004642_e15_t,0,lr,adam,mup,tune,15,0.00046415888336127773,11,0.21695952729913923,92.35555555555555,0.3406797379016876,89.19,0.3401275673389435,89.22,11.433603867000784
tune_lr_adam_mup_0.0004642_e15_t,0,lr,adam,mup,tune,15,0.00046415888336127773,12,0.1861520441611608,93.59555555555555,0.32951619391441345,89.96,0.3268566991329193,89.56,11.434180477001064
tune_lr_adam_mup_0.0004642_e15_t,0,lr,adam,mup,tune,15,0.00046415888336127773,13,0.16160490076012082,94.47777777777779,0.3162749421596527,90.18,0.31479371252059934,89.88000000000001,11.432602987995779
tune_lr_adam_mup_0.0004642_e15_t,0,lr,adam,mup,tune,15,0.00046415888336127773,14,0.14224672479894426,95.1511111111111,0.31664761471748354,90.25,0.31074557914733886,90.32,11.428571229997033
tune_lr_adam_mup_0.0004642_e15_t,0,lr,adam,mup,tune,15,0.00046415888336127773,15,0.13248396386570402,95.55111111111111,0.3129414995908737,90.35,0.309759037399292,90.5,11.421890241996152
tune_lr_adam_mup_0.002154_e15_t,0,lr,adam,mup,tune,15,0.002154434690031882,0,2.3028948455810547,10.246666666666666,2.3027890270233153,10.38,2.302111595916748,10.34,
tune_lr_adam_mup_0.002154_e15_t,0,lr,adam,mup,tune,15,0.002154434690031882,1,1.6544597307629056,39.022222222222226,1.5602898916244508,46.27,1.5276743446350098,47.52,11.92419601000438
tune_lr_adam_mup_0.002154_e15_t,0,lr,adam,mup,tune,15,0.002154434690031882,2,1.1651557119051617,57.784444444444446,1.070703870010376,62.339999999999996,1.0949051639556884,60.919999999999995,11.400279851004598
tune_lr_adam_mup_0.002154_e15_t,0,lr,adam,mup,tune,15,0.002154434690031882,3,0.9257127392239041,67.36222222222223,1.0627700387954713,63.339999999999996,1.0566052146911622,63.1,11.408666387003905
tune_lr_adam_mup_0.002154_e15_t,0,lr,adam,mup,tune,15,0.002154434690031882,4,0.775511810069614,72.7088888888889,0.7891322860717773,73.68,0.7853097049713135,72.88,11.423827873004484
tune_lr_adam_mup_0.002154_e15_t,0,lr,adam,mup,tune,15,0.002154434690031882,5,0.6580561982154847,77.08,0.6940084329605103,76.64,0.6959542422294617,75.78,11.423632894999173
tune_lr_adam_mup_0.002154_e15_t,0,lr,adam,mup,tune,15,0.002154434690031882,6,0.5601308917681376,80.57777777777778,0.6058707805633545,79.16,0.6004384597778321,78.78,11.422645691993239
tune_lr_adam_mup_0.002154_e15_t,0,lr,adam,mup,tune,15,0.002154434690031882,7,0.4855631569544474,83.04444444444444,0.5581171202659607,81.55,0.545536447763443,82.14,11.423015330998169
tune_lr_adam_mup_0.002154_e15_t,0,lr,adam,mup,tune,15,0.002154434690031882,8,0.43035388975143435,85.14,0.4976252817630768,83.52000000000001,0.4901643888473511,83.7,11.422452090999286
tune_lr_adam_mup_0.002154_e15_t,0,lr,adam,mup,tune,15,0.002154434690031882,9,0.3754009646203783,86.81555555555556,0.4459907605171204,85.65,0.4280241358757019,86.11999999999999,11.425205008003104
tune_lr_adam_mup_0.002154_e15_t,0,lr,adam,mup,tune,15,0.002154434690031882,10,0.3310709616714054,88.61333333333333,0.4512123148918152,85.63,0.43218795394897463,85.72,11.425198085999
tune_lr_adam_mup_0.002154_e15_t,0,lr,adam,mup,tune,15,0.002154434690031882,11,0.28216715814802384,90.17777777777778,0.42726920375823974,86.53999999999999,0.43121150093078614,85.88,11.420140080997953
tune_lr_adam_mup_0.002154_e15_t,0,lr,adam,mup,tune,15,0.002154434690031882,12,0.24423724676238165,91.51555555555557,0.3752772879600525,88.08,0.37395206270217896,87.92,11.421693322001374
tune_lr_adam_mup_0.002154_e15_t,0,lr,adam,mup,tune,15,0.002154434690031882,13,0.21585105940898258,92.46666666666667,0.3415857090473175,89.34,0.3298140960693359,88.92,11.42246827899362
tune_lr_adam_mup_0.002154_e15_t,0,lr,adam,mup,tune,15,0.002154434690031882,14,0.19131329791810778,93.43111111111111,0.3312743770122528,89.63,0.32325062990188597,89.12,11.428050269001687
tune_lr_adam_mup_0.002154_e15_t,0,lr,adam,mup,tune,15,0.002154434690031882,15,0.17845218353271483,93.87555555555555,0.3247669363975525,89.92999999999999,0.31710304279327395,89.4,11.420884904997365
tune_lr_adam_mup_0.01_e15_t,0,lr,adam,mup,tune,15,0.01,0,2.3028948455810547,10.246666666666666,2.3027890270233153,10.38,2.3021115951538085,10.34,
tune_lr_adam_mup_0.01_e15_t,0,lr,adam,mup,tune,15,0.01,1,1.718312025557624,36.406666666666666,1.4916676231384278,45.53,1.4968908348083496,44.92,11.922171730002447
tune_lr_adam_mup_0.01_e15_t,0,lr,adam,mup,tune,15,0.01,2,1.2858350179036457,53.45333333333333,1.1255465757369996,59.809999999999995,1.1256307027816772,59.540000000000006,11.394488158002787
tune_lr_adam_mup_0.01_e15_t,0,lr,adam,mup,tune,15,0.01,3,1.0204616737153795,64.00222222222223,0.977407881450653,65.42,0.9825297050476074,65.32,11.411486944001808
tune_lr_adam_mup_0.01_e15_t,0,lr,adam,mup,tune,15,0.01,4,0.846354908296797,70.22666666666667,0.8873436314582824,69.3,0.8950727544784546,68.96,11.422739075002028
tune_lr_adam_mup_0.01_e15_t,0,lr,adam,mup,tune,15,0.01,5,0.7031358379787869,75.19555555555556,0.7689250358581543,74.85000000000001,0.7763020186901093,73.7,11.425177023003926
tune_lr_adam_mup_0.01_e15_t,0,lr,adam,mup,tune,15,0.01,6,0.6046917424413893,79.12222222222223,0.628592080116272,78.03999999999999,0.6370941655158997,78.0,11.42588271999557
tune_lr_adam_mup_0.01_e15_t,0,lr,adam,mup,tune,15,0.01,7,0.5200783562766181,81.98666666666666,0.5352086710929871,82.03,0.5348374714851379,81.76,11.421507881001162
tune_lr_adam_mup_0.01_e15_t,0,lr,adam,mup,tune,15,0.01,8,0.4594013369295332,83.99111111111111,0.496607644033432,83.44,0.49181299905776976,83.48,11.421643998997752
tune_lr_adam_mup_0.01_e15_t,0,lr,adam,mup,tune,15,0.01,9,0.40675792153146534,85.94444444444444,0.49153674306869505,84.06,0.4739443281173706,84.5,11.416570994995709
tune_lr_adam_mup_0.01_e15_t,0,lr,adam,mup,tune,15,0.01,10,0.3608787217352125,87.5111111111111,0.40933631343841553,86.35000000000001,0.41421372022628783,85.84,11.419204558995261
tune_lr_adam_mup_0.01_e15_t,0,lr,adam,mup,tune,15,0.01,11,0.31118409400516084,89.01777777777778,0.41309979066848757,86.33,0.41666551599502566,86.61999999999999,11.414156506994914
tune_lr_adam_mup_0.01_e15_t,0,lr,adam,mup,tune,15,0.01,12,0.2686627132071389,90.58444444444444,0.37572032332420346,87.83999999999999,0.37575594625473024,87.6,11.420969254999363
tune_lr_adam_mup_0.01_e15_t,0,lr,adam,mup,tune,15,0.01,13,0.2359193795495563,91.87777777777778,0.36795852813720703,88.01,0.3652856046676636,88.44,11.419701628001349
tune_lr_adam_mup_0.01_e15_t,0,lr,adam,mup,tune,15,0.01,14,0.20652233887778387,92.87555555555555,0.3482666211605072,88.82,0.34331450004577635,89.02,11.418175052000151
tune_lr_adam_mup_0.01_e15_t,0,lr,adam,mup,tune,15,0.01,15,0.19178231003549365,93.50888888888889,0.3375341287612915,89.29,0.33588673238754274,89.16,11.420581648002553
tune_lr_adam_scaled_mup_0.1152_e15_t,0,lr,adam,mup,tune,15,0.11520000000000002,0,2.3028948455810547,10.246666666666666,2.302789026260376,10.38,2.3021115951538085,10.34,
tune_lr_adam_scaled_mup_0.1152_e15_t,0,lr,adam,mup,tune,15,0.11520000000000002,1,1.5027042148802014,44.50222222222222,1.1461318571090697,59.51,1.1635224361419678,59.4,11.94147678399895
tune_lr_adam_scaled_mup_0.1152_e15_t,0,lr,adam,mup,tune,15,0.11520000000000002,2,1.0175609293195937,63.45111111111111,1.077561490535736,62.339999999999996,1.0876032848358155,61.68,11.407939911005087
tune_lr_adam_scaled_mup_0.1152_e15_t,0,lr,adam,mup,tune,15,0.11520000000000002,3,0.7932768961800469,72.04222222222222,0.7411142118453979,74.3,0.74800830078125,73.64,11.413981208002951
tune_lr_adam_scaled_mup_0.1152_e15_t,0,lr,adam,mup,tune,15,0.11520000000000002,4,0.6594996981726753,76.86666666666667,0.6434909529685974,77.96,0.6531751970291138,77.10000000000001,11.428009406998171
tune_lr_adam_scaled_mup_0.1152_e15_t,0,lr,adam,mup,tune,15,0.11520000000000002,5,0.5757946905030145,79.98444444444445,0.6164906354904175,79.84,0.6328484987258911,78.78,11.432689531000506
tune_lr_adam_scaled_mup_0.1152_e15_t,0,lr,adam,mup,tune,15,0.11520000000000002,6,0.5009323154025608,82.67999999999999,0.5358704657554626,82.02000000000001,0.5430238903045654,81.5,11.43787442699977
tune_lr_adam_scaled_mup_0.1152_e15_t,0,lr,adam,mup,tune,15,0.11520000000000002,7,0.4424342818578084,84.52444444444444,0.4904364005088806,83.84,0.5098565805912018,83.39999999999999,11.4402758599972
tune_lr_adam_scaled_mup_0.1152_e15_t,0,lr,adam,mup,tune,15,0.11520000000000002,8,0.3944602698273129,86.20222222222222,0.4672848168849945,84.42,0.47711212635040284,84.11999999999999,11.436186894999992
tune_lr_adam_scaled_mup_0.1152_e15_t,0,lr,adam,mup,tune,15,0.11520000000000002,9,0.3470562692642212,87.96666666666667,0.462015632724762,84.81,0.46451750106811523,84.6,11.43373886700283
tune_lr_adam_scaled_mup_0.1152_e15_t,0,lr,adam,mup,tune,15,0.11520000000000002,10,0.31689043684005735,89.08666666666667,0.42773409514427185,86.11,0.4343573912143707,85.34,11.42669764499442
tune_lr_adam_scaled_mup_0.1152_e15_t,0,lr,adam,mup,tune,15,0.11520000000000002,11,0.2759045183128781,90.41555555555556,0.40314273405075074,87.1,0.4115079216480255,86.44,11.43206476400519
tune_lr_adam_scaled_mup_0.1152_e15_t,0,lr,adam,mup,tune,15,0.11520000000000002,12,0.2510040962431166,91.32444444444444,0.3918680697441101,87.33999999999999,0.39941335620880125,87.22,11.428153774002567
tune_lr_adam_scaled_mup_0.1152_e15_t,0,lr,adam,mup,tune,15,0.11520000000000002,13,0.2324574513223436,91.90888888888888,0.37553035073280333,87.97,0.375178009223938,87.38,11.429748238006141
tune_lr_adam_scaled_mup_0.1152_e15_t,0,lr,adam,mup,tune,15,0.11520000000000002,14,0.21612304845386082,92.55555555555556,0.36628938493728636,88.08,0.36762615461349485,87.94,11.42780655700335
tune_lr_adam_scaled_mup_0.1152_e15_t,0,lr,adam,mup,tune,15,0.11520000000000002,15,0.20626540435155233,93.01555555555555,0.36372356343269346,88.19,0.3668571710586548,87.92,11.428609458998835
tune_lr_adam_scaled_mup_0.5347_e15_t,0,lr,adam,mup,tune,15,0.5347110336321922,0,2.3028948455810547,10.246666666666666,2.3027890270233153,10.38,2.302111595916748,10.34,
tune_lr_adam_scaled_mup_0.5347_e15_t,0,lr,adam,mup,tune,15,0.5347110336321922,1,1.4513126994662815,46.928888888888885,1.4880138660430908,50.67,1.5103009540557861,50.62,11.933645889999752
tune_lr_adam_scaled_mup_0.5347_e15_t,0,lr,adam,mup,tune,15,0.5347110336321922,2,0.9247176274511549,66.94888888888889,0.8924111903190612,69.89999999999999,0.8960157690048218,69.26,11.404726513996138
tune_lr_adam_scaled_mup_0.5347_e15_t,0,lr,adam,mup,tune,15,0.5347110336321922,3,0.7154867136107551,75.03999999999999,0.7543762882232666,75.02,0.7681861957550049,73.92,11.412404763002996
tune_lr_adam_scaled_mup_0.5347_e15_t,0,lr,adam,mup,tune,15,0.5347110336321922,4,0.5989169464641148,79.20888888888888,0.6897617467880249,76.71,0.6830933769226074,76.53999999999999,11.421157404998667
tune_lr_adam_scaled_mup_0.5347_e15_t,0,lr,adam,mup,tune,15,0.5347110336321922,5,0.5243056526290046,81.90222222222222,0.6431289330482483,78.36999999999999,0.6455584542274475,78.14,11.420790463998856
tune_lr_adam_scaled_mup_0.5347_e15_t,0,lr,adam,mup,tune,15,0.5347110336321922,6,0.4547747280544705,84.27333333333334,0.4923079435348511,83.38,0.48655395812988284,83.17999999999999,11.423685828995076
tune_lr_adam_scaled_mup_0.5347_e15_t,0,lr,adam,mup,tune,15,0.5347110336321922,7,0.39995889292822945,86.24000000000001,0.47510134325027464,84.25,0.4932298599243164,84.08,11.42826884600072
tune_lr_adam_scaled_mup_0.5347_e15_t,0,lr,adam,mup,tune,15,0.5347110336321922,8,0.3476174272113376,87.89555555555556,0.42124384479522703,86.18,0.4202983682632446,86.1,11.424408061000577
tune_lr_adam_scaled_mup_0.5347_e15_t,0,lr,adam,mup,tune,15,0.5347110336321922,9,0.301434597407447,89.52666666666667,0.4139542085170746,86.58,0.4066273641586304,86.2,11.419759301999875
tune_lr_adam_scaled_mup_0.5347_e15_t,0,lr,adam,mup,tune,15,0.5347110336321922,10,0.2653116843117608,90.96444444444445,0.3869612612247467,87.4,0.38291788234710694,87.16000000000001,11.430265875002078
tune_lr_adam_scaled_mup_0.5347_e15_t,0,lr,adam,mup,tune,15,0.5347110336321922,11,0.2249092794418335,92.04,0.3615668923854828,88.12,0.35452636241912844,88.28,11.427112281999143
tune_lr_adam_scaled_mup_0.5347_e15_t,0,lr,adam,mup,tune,15,0.5347110336321922,12,0.1895341956721412,93.33333333333333,0.35423645129203796,88.61,0.3505945167541504,88.88000000000001,11.420804544999555
tune_lr_adam_scaled_mup_0.5347_e15_t,0,lr,adam,mup,tune,15,0.5347110336321922,13,0.1677355520910687,94.2688888888889,0.32287400262355803,89.58,0.32244644775390624,89.72,11.417468024999835
tune_lr_adam_scaled_mup_0.5347_e15_t,0,lr,adam,mup,tune,15,0.5347110336321922,14,0.14588327408366733,94.9711111111111,0.3213656215429306,89.9,0.30963657035827635,90.08,11.422439371999644
tune_lr_adam_scaled_mup_0.5347_e15_t,0,lr,adam,mup,tune,15,0.5347110336321922,15,0.13802767816119724,95.29333333333334,0.3180469160556793,89.9,0.30816316719055176,90.03999999999999,11.422604006998881
tune_lr_adam_scaled_mup_11.52_e15_t,0,lr,adam,mup,tune,15,11.520000000000001,0,2.3028948455810547,10.246666666666666,2.3027890270233153,10.38,2.3021115951538085,10.34,
tune_lr_adam_scaled_mup_11.52_e15_t,0,lr,adam,mup,tune,15,11.520000000000001,1,1.7936900930828519,33.806666666666665,1.5785841318130494,41.77,1.5910818964004516,42.54,11.925987151997106
tune_lr_adam_scaled_mup_11.52_e15_t,0,lr,adam,mup,tune,15,11.520000000000001,2,1.3937954966862995,49.22666666666667,1.2896264183044435,54.379999999999995,1.2995875343322754,54.339999999999996,11.402559399000893
tune_lr_adam_scaled_mup_11.52_e15_t,0,lr,adam,mup,tune,15,11.520000000000001,3,1.151850037044949,58.86222222222223,1.2377351392745972,57.82000000000001,1.2597053089141845,57.64,11.41203975800454
tune_lr_adam_scaled_mup_11.52_e15_t,0,lr,adam,mup,tune,15,11.520000000000001,4,0.9548464491526286,66.24444444444444,0.9940656585693359,64.75999999999999,0.9941711624145508,64.94,11.420432623002853
tune_lr_adam_scaled_mup_11.52_e15_t,0,lr,adam,mup,tune,15,11.520000000000001,5,0.814139751847585,71.47777777777777,0.8238027423858643,71.71,0.832875489616394,71.1,11.42447137000272
tune_lr_adam_scaled_mup_11.52_e15_t,0,lr,adam,mup,tune,15,11.520000000000001,6,0.6864526213539971,75.94888888888889,0.6886352468490601,76.23,0.6852626886367797,76.2,11.421130820002872
tune_lr_adam_scaled_mup_11.52_e15_t,0,lr,adam,mup,tune,15,11.520000000000001,7,0.5923973010169136,79.33555555555556,0.6231851643562317,78.99000000000001,0.6169515908241272,78.9,11.42271193000488
tune_lr_adam_scaled_mup_11.52_e15_t,0,lr,adam,mup,tune,15,11.520000000000001,8,0.5226207926856147,81.83111111111111,0.5474750988006591,81.11,0.5506276635169983,81.3,11.42904631300189
tune_lr_adam_scaled_mup_11.52_e15_t,0,lr,adam,mup,tune,15,11.520000000000001,9,0.46025777927504646,83.87555555555556,0.5152618556022645,82.69,0.5127508298873902,82.48,11.426026674998866
tune_lr_adam_scaled_mup_11.52_e15_t,0,lr,adam,mup,tune,15,11.520000000000001,10,0.4116052945084042,85.75555555555555,0.47836758317947387,84.1,0.4781854427337646,83.88,11.430541628993524
tune_lr_adam_scaled_mup_11.52_e15_t,0,lr,adam,mup,tune,15,11.520000000000001,11,0.3578168914265103,87.5111111111111,0.4404365557670593,85.11,0.4430283662319183,85.02,11.434111749003932
tune_lr_adam_scaled_mup_11.52_e15_t,0,lr,adam,mup,tune,15,11.520000000000001,12,0.31406491188473173,89.11777777777777,0.40818422107696534,86.39,0.4133951840877533,85.9,11.433742648994667
tune_lr_adam_scaled_mup_11.52_e15_t,0,lr,adam,mup,tune,15,11.520000000000001,13,0.27640239520072934,90.46,0.3840453207492828,87.19,0.38143295397758487,86.94,11.436804106997442
tune_lr_adam_scaled_mup_11.52_e15_t,0,lr,adam,mup,tune,15,11.520000000000001,14,0.24740125982496475,91.45777777777778,0.3646343819618225,87.83,0.3649457157611847,87.72,11.427644499999587
tune_lr_adam_scaled_mup_11.52_e15_t,0,lr,adam,mup,tune,15,11.520000000000001,15,0.23115727811919318,92.12,0.3584649487018585,87.96000000000001,0.3591450716495514,87.92,11.428281675005564
tune_lr_adam_scaled_mup_2.482_e15_t,0,lr,adam,mup,tune,15,2.48190876291673,0,2.3028948455810547,10.246666666666666,2.302789026260376,10.38,2.302111595916748,10.34,
tune_lr_adam_scaled_mup_2.482_e15_t,0,lr,adam,mup,tune,15,2.48190876291673,1,1.7238787350972493,36.29333333333334,1.4673273685455321,45.89,1.484703190612793,45.4,11.941912705995492
tune_lr_adam_scaled_mup_2.482_e15_t,0,lr,adam,mup,tune,15,2.48190876291673,2,1.272597274992201,53.731111111111105,1.1900394929885865,57.25,1.189803484916687,57.34,11.403450534002332
tune_lr_adam_scaled_mup_2.482_e15_t,0,lr,adam,mup,tune,15,2.48190876291673,3,1.0248404269960192,63.660000000000004,1.0004768623352052,65.36,1.0013361979484559,64.96,11.420064234996971
tune_lr_adam_scaled_mup_2.482_e15_t,0,lr,adam,mup,tune,15,2.48190876291673,4,0.8722714311599732,69.15333333333334,0.8750878687858582,70.12,0.872807350730896,69.67999999999999,11.422976928995922
tune_lr_adam_scaled_mup_2.482_e15_t,0,lr,adam,mup,tune,15,2.48190876291673,5,0.7445996725612216,73.74666666666667,0.7908982698440552,72.48,0.7982288822174072,71.82,11.433652084000641
tune_lr_adam_scaled_mup_2.482_e15_t,0,lr,adam,mup,tune,15,2.48190876291673,6,0.6356931680679321,77.81777777777778,0.6293733254432679,78.35,0.6239876558303833,78.36,11.437973365995276
tune_lr_adam_scaled_mup_2.482_e15_t,0,lr,adam,mup,tune,15,2.48190876291673,7,0.5442787758085463,81.00222222222222,0.6250904874801636,79.43,0.6243402195453643,79.12,11.437682956995559
tune_lr_adam_scaled_mup_2.482_e15_t,0,lr,adam,mup,tune,15,2.48190876291673,8,0.47828592277103,83.39555555555556,0.5505723915100098,81.75,0.5422235299110413,81.47999999999999,11.435291352994682
tune_lr_adam_scaled_mup_2.482_e15_t,0,lr,adam,mup,tune,15,2.48190876291673,9,0.4227427585019006,85.33555555555556,0.5007575804710388,83.8,0.4920647443771362,83.5,11.435217134996492
tune_lr_adam_scaled_mup_2.482_e15_t,0,lr,adam,mup,tune,15,2.48190876291673,10,0.3752708140479194,87.0,0.43488235411643983,85.54,0.43315013732910157,85.6,11.438358571002027
tune_lr_adam_scaled_mup_2.482_e15_t,0,lr,adam,mup,tune,15,2.48190876291673,11,0.32397479350831776,88.72666666666666,0.4010507635116577,86.83,0.39655013556480406,86.44,11.440071886994701
tune_lr_adam_scaled_mup_2.482_e15_t,0,lr,adam,mup,tune,15,2.48190876291673,12,0.28309924478530885,90.08,0.3880020853042603,87.31,0.38393889350891114,86.96000000000001,11.43312675600464
tune_lr_adam_scaled_mup_2.482_e15_t,0,lr,adam,mup,tune,15,2.48190876291673,13,0.25370150266488395,91.22222222222223,0.3692285405635834,87.7,0.36351463451385496,87.7,11.436783721997926
tune_lr_adam_scaled_mup_2.482_e15_t,0,lr,adam,mup,tune,15,2.48190876291673,14,0.2286514788309733,91.99777777777778,0.3596074465751648,88.4,0.3533343462944031,88.6,11.428816682004253
tune_lr_adam_scaled_mup_2.482_e15_t,0,lr,adam,mup,tune,15,2.48190876291673,15,0.2129712040954166,92.61111111111111,0.3546023329734802,88.6,0.3498539526939392,88.82,11.427392853001948
tune_lr_adam_scaled_unit-gain_0.0034_e15_t,0,lr,adam,unit-gain,tune,15,0.003400000000000002,0,2.3028948455810547,10.246666666666666,2.3027890270233153,10.38,2.302111595916748,10.34,
tune_lr_adam_scaled_unit-gain_0.0034_e15_t,0,lr,adam,unit-gain,tune,15,0.003400000000000002,1,1.4707632672839694,46.22222222222222,1.279302119255066,56.16,1.2963043462753296,55.17999999999999,12.058351122999738
tune_lr_adam_scaled_unit-gain_0.0034_e15_t,0,lr,adam,unit-gain,tune,15,0.003400000000000002,2,0.9916862119356791,64.64444444444445,1.03437269115448,64.49000000000001,1.0318773063659668,64.5,11.517520342997159
tune_lr_adam_scaled_unit-gain_0.0034_e15_t,0,lr,adam,unit-gain,tune,15,0.003400000000000002,3,0.7707366076469422,72.85111111111111,0.7386943842887879,74.82,0.7620425917625427,73.66,11.53022317399882
tune_lr_adam_scaled_unit-gain_0.0034_e15_t,0,lr,adam,unit-gain,tune,15,0.003400000000000002,4,0.6468600710233052,77.38222222222223,0.6513959263324738,77.84,0.6714714524269104,76.98,11.53871811999852
tune_lr_adam_scaled_unit-gain_0.0034_e15_t,0,lr,adam,unit-gain,tune,15,0.003400000000000002,5,0.567503281794654,80.17555555555556,0.6829863450050354,78.34,0.7057300777435302,77.18,11.545945681999001
tune_lr_adam_scaled_unit-gain_0.0034_e15_t,0,lr,adam,unit-gain,tune,15,0.003400000000000002,6,0.4963552967495388,82.71555555555555,0.5459430912971497,81.28,0.5556383903503418,81.3,11.544273563999013
tune_lr_adam_scaled_unit-gain_0.0034_e15_t,0,lr,adam,unit-gain,tune,15,0.003400000000000002,7,0.4385750485367245,84.68666666666667,0.48706666145324706,83.82,0.49739748153686525,82.98,11.545920617001684
tune_lr_adam_scaled_unit-gain_0.0034_e15_t,0,lr,adam,unit-gain,tune,15,0.003400000000000002,8,0.38909746469391715,86.49111111111111,0.46221353082656863,84.26,0.4773670257568359,83.89999999999999,11.550765771997249
tune_lr_adam_scaled_unit-gain_0.0034_e15_t,0,lr,adam,unit-gain,tune,15,0.003400000000000002,9,0.34625533151626586,87.83111111111111,0.45243363528251646,85.08,0.44293463249206544,85.04,11.55259353299698
tune_lr_adam_scaled_unit-gain_0.0034_e15_t,0,lr,adam,unit-gain,tune,15,0.003400000000000002,10,0.31241053000556096,89.14666666666666,0.42209485235214234,86.05000000000001,0.4372947687149048,85.52,11.545204961999843
tune_lr_adam_scaled_unit-gain_0.0034_e15_t,0,lr,adam,unit-gain,tune,15,0.003400000000000002,11,0.27097643101480273,90.6288888888889,0.39146411466598513,86.92999999999999,0.40420096788406373,86.32,11.537789507001435
tune_lr_adam_scaled_unit-gain_0.0034_e15_t,0,lr,adam,unit-gain,tune,15,0.003400000000000002,12,0.2424542685985565,91.58666666666667,0.3909442722797394,87.41,0.39859517612457274,86.9,11.55477866000001
tune_lr_adam_scaled_unit-gain_0.0034_e15_t,0,lr,adam,unit-gain,tune,15,0.003400000000000002,13,0.22022151414818233,92.30444444444444,0.3724858232021332,87.8,0.3730625483512878,87.28,11.546264931999758
tune_lr_adam_scaled_unit-gain_0.0034_e15_t,0,lr,adam,unit-gain,tune,15,0.003400000000000002,14,0.2034613123734792,92.96,0.369819780755043,87.98,0.36867793254852294,87.6,11.549726547997125
tune_lr_adam_scaled_unit-gain_0.0034_e15_t,0,lr,adam,unit-gain,tune,15,0.003400000000000002,15,0.1959459645430247,93.28888888888889,0.3624442071199417,88.26,0.365163219833374,87.72,11.543558583998674
tune_lr_adam_scaled_unit-gain_0.01578_e15_t,0,lr,adam,unit-gain,tune,15,0.01578140203428345,0,2.3028948455810547,10.246666666666666,2.3027890270233153,10.38,2.3021115951538085,10.34,
tune_lr_adam_scaled_unit-gain_0.01578_e15_t,0,lr,adam,unit-gain,tune,15,0.01578140203428345,1,1.4095635245853,48.348888888888894,1.3566144678115846,54.74,1.3591441394805908,55.1,12.07618456399723
tune_lr_adam_scaled_unit-gain_0.01578_e15_t,0,lr,adam,unit-gain,tune,15,0.01578140203428345,2,0.9290183675765992,67.11777777777777,0.9138119406700135,69.33,0.9207177780151368,69.0,11.539030892003211
tune_lr_adam_scaled_unit-gain_0.01578_e15_t,0,lr,adam,unit-gain,tune,15,0.01578140203428345,3,0.7313894079738193,74.52,0.7135774883270264,75.5,0.7331743449211121,74.26,11.5475961129996
tune_lr_adam_scaled_unit-gain_0.01578_e15_t,0,lr,adam,unit-gain,tune,15,0.01578140203428345,4,0.6232239061673482,78.14,0.647325464630127,77.75,0.6688390123367309,76.84,11.555176653997478
tune_lr_adam_scaled_unit-gain_0.01578_e15_t,0,lr,adam,unit-gain,tune,15,0.01578140203428345,5,0.5489483448346456,80.86666666666666,0.7552339621543884,76.52,0.7682972218513489,75.18,11.559856501000468
tune_lr_adam_scaled_unit-gain_0.01578_e15_t,0,lr,adam,unit-gain,tune,15,0.01578140203428345,6,0.48586662302017214,83.38,0.5525855073928833,82.04,0.5537264589309693,81.47999999999999,11.572282195000298
tune_lr_adam_scaled_unit-gain_0.01578_e15_t,0,lr,adam,unit-gain,tune,15,0.01578140203428345,7,0.42870584726333616,85.09555555555556,0.5779358179092408,81.61,0.5866712196826935,80.92,11.565913214999455
tune_lr_adam_scaled_unit-gain_0.01578_e15_t,0,lr,adam,unit-gain,tune,15,0.01578140203428345,8,0.37953480133480494,87.01777777777778,0.4096123429775238,85.97,0.41925991334915164,85.56,11.55895585899998
tune_lr_adam_scaled_unit-gain_0.01578_e15_t,0,lr,adam,unit-gain,tune,15,0.01578140203428345,9,0.32857839651637605,88.48666666666666,0.3978277849674225,86.96000000000001,0.37952452039718626,87.58,11.559915649002505
tune_lr_adam_scaled_unit-gain_0.01578_e15_t,0,lr,adam,unit-gain,tune,15,0.01578140203428345,10,0.2909178798728519,90.05777777777779,0.3469220728397369,88.48,0.3507115155220032,88.2,11.567037615997833
tune_lr_adam_scaled_unit-gain_0.01578_e15_t,0,lr,adam,unit-gain,tune,15,0.01578140203428345,11,0.24102516820695666,91.62444444444444,0.35557110381126406,88.41,0.34620357675552366,88.84,11.562034175996814
tune_lr_adam_scaled_unit-gain_0.01578_e15_t,0,lr,adam,unit-gain,tune,15,0.01578140203428345,12,0.19877753636307186,93.12,0.3267183220863342,89.5,0.3246921112060547,89.42,11.559938455997326
tune_lr_adam_scaled_unit-gain_0.01578_e15_t,0,lr,adam,unit-gain,tune,15,0.01578140203428345,13,0.16460599011447694,94.30222222222223,0.31059255604743957,90.29,0.30800494146347046,90.12,11.558205616001942
tune_lr_adam_scaled_unit-gain_0.01578_e15_t,0,lr,adam,unit-gain,tune,15,0.01578140203428345,14,0.1382362292872535,95.22444444444444,0.30753830161094664,90.42999999999999,0.3010802166938782,90.64,11.565441593000287
tune_lr_adam_scaled_unit-gain_0.01578_e15_t,0,lr,adam,unit-gain,tune,15,0.01578140203428345,15,0.1251751523229811,95.73333333333333,0.29817369389534,90.86999999999999,0.29548846092224124,90.88000000000001,11.555198464997375
tune_lr_adam_scaled_unit-gain_0.07325_e15_t,0,lr,adam,unit-gain,tune,15,0.07325077946108408,0,2.3028948455810547,10.246666666666666,2.302789026641846,10.38,2.3021115951538085,10.34,
tune_lr_adam_scaled_unit-gain_0.07325_e15_t,0,lr,adam,unit-gain,tune,15,0.07325077946108408,1,1.7458868227852715,35.64,1.5511730337142944,42.93,1.550307886314392,42.94,12.054405137001595
tune_lr_adam_scaled_unit-gain_0.07325_e15_t,0,lr,adam,unit-gain,tune,15,0.07325077946108408,2,1.372547300169203,50.09111111111111,1.3288327798843385,52.65,1.3575010982513427,52.800000000000004,11.532051357000455
tune_lr_adam_scaled_unit-gain_0.07325_e15_t,0,lr,adam,unit-gain,tune,15,0.07325077946108408,3,1.1483672778659397,58.91555555555556,1.5532222341537476,46.150000000000006,1.5602039178848266,46.78,11.541263430997788
tune_lr_adam_scaled_unit-gain_0.07325_e15_t,0,lr,adam,unit-gain,tune,15,0.07325077946108408,4,1.0291509707132975,63.42888888888889,1.1221381242752075,61.22,1.112634803581238,61.68,11.545803312998032
tune_lr_adam_scaled_unit-gain_0.07325_e15_t,0,lr,adam,unit-gain,tune,15,0.07325077946108408,5,0.9089136459350586,68.04444444444444,1.135915466117859,62.339999999999996,1.1505478897094727,61.8,11.545790416999807
tune_lr_adam_scaled_unit-gain_0.07325_e15_t,0,lr,adam,unit-gain,tune,15,0.07325077946108408,6,0.8091766125467088,71.87333333333333,0.9429817085266113,67.65,0.9488232023239136,67.06,11.54029360000277
tune_lr_adam_scaled_unit-gain_0.07325_e15_t,0,lr,adam,unit-gain,tune,15,0.07325077946108408,7,0.7246587551434834,74.92888888888889,0.873684306716919,70.82000000000001,0.8779277355194092,70.32000000000001,11.538457499998913
tune_lr_adam_scaled_unit-gain_0.07325_e15_t,0,lr,adam,unit-gain,tune,15,0.07325077946108408,8,0.6566319511519538,77.07777777777778,0.7354038365364075,74.4,0.7326290050506592,74.46000000000001,11.534942554000736
tune_lr_adam_scaled_unit-gain_0.07325_e15_t,0,lr,adam,unit-gain,tune,15,0.07325077946108408,9,0.5880899138397641,79.66666666666666,0.7270466691970825,76.44,0.7415895330429078,74.96000000000001,11.531961100001354
tune_lr_adam_scaled_unit-gain_0.07325_e15_t,0,lr,adam,unit-gain,tune,15,0.07325077946108408,10,0.5172068332036336,82.08888888888889,0.5717620246648788,80.67,0.5712130697250366,80.97999999999999,11.531754334999277
tune_lr_adam_scaled_unit-gain_0.07325_e15_t,0,lr,adam,unit-gain,tune,15,0.07325077946108408,11,0.4468768705474006,84.67333333333333,0.4875567712783814,83.57,0.5097296650886536,82.8,11.52729247499883
tune_lr_adam_scaled_unit-gain_0.07325_e15_t,0,lr,adam,unit-gain,tune,15,0.07325077946108408,12,0.3778694041146172,87.02666666666666,0.49507884788513185,83.42,0.5022719132900239,83.14,11.52855406999879
tune_lr_adam_scaled_unit-gain_0.07325_e15_t,0,lr,adam,unit-gain,tune,15,0.07325077946108408,13,0.31655995372136436,89.12,0.4074097860336304,86.52,0.4171728193759918,86.18,11.521859691998543
tune_lr_adam_scaled_unit-gain_0.07325_e15_t,0,lr,adam,unit-gain,tune,15,0.07325077946108408,14,0.26016799880133734,91.06222222222222,0.33794888548851015,88.81,0.3456846261024475,88.32,11.51853971699893
tune_lr_adam_scaled_unit-gain_0.07325_e15_t,0,lr,adam,unit-gain,tune,15,0.07325077946108408,15,0.22163706466356914,92.53333333333333,0.31972492394447327,89.62,0.3214752585411072,89.4,11.525587661999452
tune_lr_adam_scaled_unit-gain_0.34_e15_t,0,lr,adam,unit-gain,tune,15,0.3400000000000002,0,2.3028948455810547,10.246666666666666,2.3027890270233153,10.38,2.302111595916748,10.34,
tune_lr_adam_scaled_unit-gain_0.34_e15_t,0,lr,adam,unit-gain,tune,15,0.3400000000000002,1,1.9229554011874728,27.968888888888888,2.2453562850952147,23.31,2.218026697731018,23.02,12.057314149999002
tune_lr_adam_scaled_unit-gain_0.34_e15_t,0,lr,adam,unit-gain,tune,15,0.3400000000000002,2,1.7589770037757027,33.455555555555556,2.1081493099212647,27.35,2.1417547702789306,26.840000000000003,11.526413712999783
tune_lr_adam_scaled_unit-gain_0.34_e15_t,0,lr,adam,unit-gain,tune,15,0.3400000000000002,3,1.6895295831044514,36.05555555555556,2.0580786884307862,26.07,2.054713850212097,26.44,11.530575865999708
tune_lr_adam_scaled_unit-gain_0.34_e15_t,0,lr,adam,unit-gain,tune,15,0.3400000000000002,4,1.6165928310818143,39.217777777777776,2.569680291366577,27.07,2.5826047637939453,26.38,11.545766478997393
tune_lr_adam_scaled_unit-gain_0.34_e15_t,0,lr,adam,unit-gain,tune,15,0.3400000000000002,5,1.534697792286343,42.86888888888889,2.153639362716675,32.550000000000004,2.1206112161636352,33.54,11.542520892002358
tune_lr_adam_scaled_unit-gain_0.34_e15_t,0,lr,adam,unit-gain,tune,15,0.3400000000000002,6,1.437748805639479,46.91111111111111,2.252399402618408,29.23,2.2632893980026245,29.080000000000002,11.538727545001166
tune_lr_adam_scaled_unit-gain_0.34_e15_t,0,lr,adam,unit-gain,tune,15,0.3400000000000002,7,1.334563380050659,51.25333333333333,2.3416088329315183,31.19,2.2803936840057375,31.680000000000003,11.534432469001331
tune_lr_adam_scaled_unit-gain_0.34_e15_t,0,lr,adam,unit-gain,tune,15,0.3400000000000002,8,1.2416245493570963,54.937777777777775,1.8601265062332153,42.4,1.8644825443267823,41.28,11.529579085003206
tune_lr_adam_scaled_unit-gain_0.34_e15_t,0,lr,adam,unit-gain,tune,15,0.3400000000000002,9,1.1369960023668078,58.84666666666667,1.309064540863037,57.57,1.3280773749351502,56.84,11.518683619000512
tune_lr_adam_scaled_unit-gain_0.34_e15_t,0,lr,adam,unit-gain,tune,15,0.3400000000000002,10,1.0263767162322999,63.446666666666665,1.0843560295104981,62.44,1.109496105003357,61.88,11.507554045001598
tune_lr_adam_scaled_unit-gain_0.34_e15_t,0,lr,adam,unit-gain,tune,15,0.3400000000000002,11,0.9160240956730312,67.68888888888888,1.2827217447280883,56.88999999999999,1.2787553753852845,56.940000000000005,11.49796529699961
tune_lr_adam_scaled_unit-gain_0.34_e15_t,0,lr,adam,unit-gain,tune,15,0.3400000000000002,12,0.7945051163037617,72.02888888888889,1.2624294046401978,59.35,1.2822368692398072,58.74,11.49439283600077
tune_lr_adam_scaled_unit-gain_0.34_e15_t,0,lr,adam,unit-gain,tune,15,0.3400000000000002,13,0.6881152342584398,76.00888888888889,0.7359636413574219,75.11,0.7598971012115479,74.16,11.485666120999667
tune_lr_adam_scaled_unit-gain_0.34_e15_t,0,lr,adam,unit-gain,tune,15,0.3400000000000002,14,0.5819527388360766,79.73333333333333,0.6544133017539978,77.85,0.6562312627792358,76.94,11.487099628000578
tune_lr_adam_scaled_unit-gain_0.34_e15_t,0,lr,adam,unit-gain,tune,15,0.3400000000000002,15,0.5045734463903639,82.60222222222222,0.5040864750862122,82.73,0.5285436598777771,81.84,11.497971486998722
tune_lr_adam_unit-gain_0.0001_e15_t,0,lr,adam,unit-gain,tune,15,0.0001,0,2.3028948455810547,10.246666666666666,2.3027890270233153,10.38,2.302111595916748,10.34,
tune_lr_adam_unit-gain_0.0001_e15_t,0,lr,adam,unit-gain,tune,15,0.0001,1,1.457636725446913,46.784444444444446,1.1945697458267213,58.35,1.2006923862457275,58.3,12.060464528000011
tune_lr_adam_unit-gain_0.0001_e15_t,0,lr,adam,unit-gain,tune,15,0.0001,2,1.0128760962910122,63.94,1.1459157054901123,61.24000000000001,1.1252291847229003,61.46,11.531554837998556
tune_lr_adam_unit-gain_0.0001_e15_t,0,lr,adam,unit-gain,tune,15,0.0001,3,0.8020576057857938,71.90222222222222,0.7739433837890625,73.65,0.7890548389434815,72.48,11.539424557002349
tune_lr_adam_unit-gain_0.0001_e15_t,0,lr,adam,unit-gain,tune,15,0.0001,4,0.6740522717687819,76.46666666666667,0.6673040493965149,76.57000000000001,0.6724756206512451,76.44,11.548146024000744
tune_lr_adam_unit-gain_0.0001_e15_t,0,lr,adam,unit-gain,tune,15,0.0001,5,0.589599677626292,79.51333333333334,0.6920096303939819,77.58,0.7192827916145325,76.28,11.546700762002729
tune_lr_adam_unit-gain_0.0001_e15_t,0,lr,adam,unit-gain,tune,15,0.0001,6,0.520101222313775,81.88888888888889,0.5446654573917389,81.17,0.5497867645263672,80.82000000000001,11.546138305999193
tune_lr_adam_unit-gain_0.0001_e15_t,0,lr,adam,unit-gain,tune,15,0.0001,7,0.46172655273013646,83.9511111111111,0.5470227214097977,81.88,0.5560437114715576,81.74,11.54916876399875
tune_lr_adam_unit-gain_0.0001_e15_t,0,lr,adam,unit-gain,tune,15,0.0001,8,0.4141170921696557,85.61111111111111,0.4990874750137329,82.86,0.5221510540008545,82.16,11.559074869001051
tune_lr_adam_unit-gain_0.0001_e15_t,0,lr,adam,unit-gain,tune,15,0.0001,9,0.36655530233383177,87.26888888888888,0.4737055260181427,84.42,0.4804582766532898,83.84,11.566688897000859
tune_lr_adam_unit-gain_0.0001_e15_t,0,lr,adam,unit-gain,tune,15,0.0001,10,0.3277154275417328,88.53111111111112,0.45796667296886445,85.14,0.46228089389801025,84.92,11.5534056409997
tune_lr_adam_unit-gain_0.0001_e15_t,0,lr,adam,unit-gain,tune,15,0.0001,11,0.28446019081539575,90.06888888888889,0.40628832833766937,86.42,0.4204560612678528,86.0,11.55743949799944
tune_lr_adam_unit-gain_0.0001_e15_t,0,lr,adam,unit-gain,tune,15,0.0001,12,0.2583097010930379,91.07111111111111,0.4221901408195496,86.53,0.43513096389770506,85.7,11.553420396001457
tune_lr_adam_unit-gain_0.0001_e15_t,0,lr,adam,unit-gain,tune,15,0.0001,13,0.23225804018709395,91.95333333333333,0.39679418174028397,87.41,0.3970627815246582,86.66,11.550496558000305
tune_lr_adam_unit-gain_0.0001_e15_t,0,lr,adam,unit-gain,tune,15,0.0001,14,0.21407635367181566,92.72,0.3895539966404438,87.4,0.3939609506607056,87.1,11.545702952000283
tune_lr_adam_unit-gain_0.0001_e15_t,0,lr,adam,unit-gain,tune,15,0.0001,15,0.20514774092568291,92.92222222222222,0.3860540227413177,87.58,0.39208746509552,87.18,11.537708808002208
tune_lr_adam_unit-gain_0.0004642_e15_t,0,lr,adam,unit-gain,tune,15,0.00046415888336127773,0,2.3028948455810547,10.246666666666666,2.3027890270233153,10.38,2.302111595916748,10.34,
tune_lr_adam_unit-gain_0.0004642_e15_t,0,lr,adam,unit-gain,tune,15,0.00046415888336127773,1,1.4048056634055244,48.788888888888884,1.217671720314026,57.13,1.2212719596862793,57.26,12.052095848001045
tune_lr_adam_unit-gain_0.0004642_e15_t,0,lr,adam,unit-gain,tune,15,0.00046415888336127773,2,0.9242853035079108,67.3288888888889,0.895930352306366,69.77,0.91119555311203,68.34,11.526706124001066
tune_lr_adam_unit-gain_0.0004642_e15_t,0,lr,adam,unit-gain,tune,15,0.00046415888336127773,3,0.7190662242465549,75.06444444444445,0.7301176299095153,75.42,0.7449211708068848,73.96000000000001,11.5270033529996
tune_lr_adam_unit-gain_0.0004642_e15_t,0,lr,adam,unit-gain,tune,15,0.00046415888336127773,4,0.6129427004072401,78.79333333333334,0.7167723143577576,75.77000000000001,0.727253349494934,74.8,11.533384211001248
tune_lr_adam_unit-gain_0.0004642_e15_t,0,lr,adam,unit-gain,tune,15,0.00046415888336127773,5,0.54032657178243,81.41333333333334,0.7117848923683167,77.58,0.6912962356567383,77.66,11.537988930998836
tune_lr_adam_unit-gain_0.0004642_e15_t,0,lr,adam,unit-gain,tune,15,0.00046415888336127773,6,0.4800639929877387,83.65333333333334,0.5457687491416932,81.78,0.5445045506477356,81.78,11.540021841999987
tune_lr_adam_unit-gain_0.0004642_e15_t,0,lr,adam,unit-gain,tune,15,0.00046415888336127773,7,0.4220698348045349,85.6,0.5773090362548828,81.51,0.5966809207916259,80.72,11.549083874000644
tune_lr_adam_unit-gain_0.0004642_e15_t,0,lr,adam,unit-gain,tune,15,0.00046415888336127773,8,0.3728503333038754,87.07111111111111,0.47272485041618345,84.61999999999999,0.46672963523864747,84.22,11.534784513001796
tune_lr_adam_unit-gain_0.0004642_e15_t,0,lr,adam,unit-gain,tune,15,0.00046415888336127773,9,0.3264880034526189,88.75777777777778,0.39270933923721313,87.17,0.38319747657775877,87.46000000000001,11.532884165000723
tune_lr_adam_unit-gain_0.0004642_e15_t,0,lr,adam,unit-gain,tune,15,0.00046415888336127773,10,0.286505389547348,90.04888888888888,0.39472421944737435,87.29,0.4043658546924591,87.16000000000001,11.53674022999985
tune_lr_adam_unit-gain_0.0004642_e15_t,0,lr,adam,unit-gain,tune,15,0.00046415888336127773,11,0.23871395863427056,91.7,0.33377233414649965,89.12,0.3371183197975159,88.64,11.537678296001104
tune_lr_adam_unit-gain_0.0004642_e15_t,0,lr,adam,unit-gain,tune,15,0.00046415888336127773,12,0.1971359226544698,93.1511111111111,0.33809033842086794,89.60000000000001,0.33889410400390624,88.84,11.529622071000631
tune_lr_adam_unit-gain_0.0004642_e15_t,0,lr,adam,unit-gain,tune,15,0.00046415888336127773,13,0.16683073728481929,94.27777777777779,0.3241589978694916,90.01,0.32381857089996335,89.5,11.533874831002322
tune_lr_adam_unit-gain_0.0004642_e15_t,0,lr,adam,unit-gain,tune,15,0.00046415888336127773,14,0.13588739351696438,95.32666666666667,0.3138869966745377,90.75999999999999,0.3093187479019165,90.38000000000001,11.530557258000044
tune_lr_adam_unit-gain_0.0004642_e15_t,0,lr,adam,unit-gain,tune,15,0.00046415888336127773,15,0.1212450179444419,95.88222222222223,0.30810873003005984,91.03,0.30794216814041137,90.60000000000001,11.533052138001949
tune_lr_adam_unit-gain_0.002154_e15_t,0,lr,adam,unit-gain,tune,15,0.002154434690031882,0,2.3028948455810547,10.246666666666666,2.3027890270233153,10.38,2.302111595916748,10.34,
tune_lr_adam_unit-gain_0.002154_e15_t,0,lr,adam,unit-gain,tune,15,0.002154434690031882,1,1.677488674290975,38.17111111111111,1.6662620122909546,41.64,1.6759383558273315,40.82,12.060836206001113
tune_lr_adam_unit-gain_0.002154_e15_t,0,lr,adam,unit-gain,tune,15,0.002154434690031882,2,1.2680925054126315,53.75777777777778,1.3447187860488892,52.629999999999995,1.3514065231323242,52.400000000000006,11.513928771000792
tune_lr_adam_unit-gain_0.002154_e15_t,0,lr,adam,unit-gain,tune,15,0.002154434690031882,3,1.0990805334938898,60.40444444444445,1.2215103109359742,56.47,1.2136950761795045,56.04,11.52125702000194
tune_lr_adam_unit-gain_0.002154_e15_t,0,lr,adam,unit-gain,tune,15,0.002154434690031882,4,0.9726432645903693,65.35333333333332,1.1966293405532837,60.83,1.2201122436523437,60.419999999999995,11.529373336998106
tune_lr_adam_unit-gain_0.002154_e15_t,0,lr,adam,unit-gain,tune,15,0.002154434690031882,5,0.8670287482791477,69.56444444444443,1.549643927001953,56.28999999999999,1.51360191822052,55.98,11.532533449000766
tune_lr_adam_unit-gain_0.002154_e15_t,0,lr,adam,unit-gain,tune,15,0.002154434690031882,6,0.7696995233959621,73.17777777777778,0.9057116325378418,69.78,0.9259656833648682,68.56,11.530593847001
tune_lr_adam_unit-gain_0.002154_e15_t,0,lr,adam,unit-gain,tune,15,0.002154434690031882,7,0.6867562110265096,76.13777777777779,0.956214319229126,68.77,0.9236635775566101,69.19999999999999,11.52608287700059
tune_lr_adam_unit-gain_0.002154_e15_t,0,lr,adam,unit-gain,tune,15,0.002154434690031882,8,0.6194877509646946,78.68888888888888,0.8402893488407135,73.33,0.8519902050018311,72.6,11.524569342000177
tune_lr_adam_unit-gain_0.002154_e15_t,0,lr,adam,unit-gain,tune,15,0.002154434690031882,9,0.5544470293733809,80.82666666666667,0.7639681024551391,75.78,0.7933885681152344,74.83999999999999,11.524975713000458
tune_lr_adam_unit-gain_0.002154_e15_t,0,lr,adam,unit-gain,tune,15,0.002154434690031882,10,0.4922936130523682,83.07777777777777,0.6009338185310363,80.52,0.6227912549972534,80.16,11.517778072997316
tune_lr_adam_unit-gain_0.002154_e15_t,0,lr,adam,unit-gain,tune,15,0.002154434690031882,11,0.4223389449649387,85.52444444444444,0.4604519962310791,84.52,0.47757185726165774,83.5,11.51873359199817
tune_lr_adam_unit-gain_0.002154_e15_t,0,lr,adam,unit-gain,tune,15,0.002154434690031882,12,0.35620159550772773,87.7088888888889,0.44373826761245727,85.87,0.44475105743408205,85.26,11.511943391000386
tune_lr_adam_unit-gain_0.002154_e15_t,0,lr,adam,unit-gain,tune,15,0.002154434690031882,13,0.30211240581936305,89.84666666666666,0.389375665807724,87.36,0.41371690158843993,86.56,11.52243968699986
tune_lr_adam_unit-gain_0.002154_e15_t,0,lr,adam,unit-gain,tune,15,0.002154434690031882,14,0.2480145486301846,91.46444444444445,0.3499397556304932,88.71,0.3663638391494751,88.34,11.504878577001364
tune_lr_adam_unit-gain_0.002154_e15_t,0,lr,adam,unit-gain,tune,15,0.002154434690031882,15,0.21803807684050666,92.5311111111111,0.3260348355293274,89.57000000000001,0.33642726726531985,89.46,11.519459476003249
tune_lr_adam_unit-gain_0.01_e15_t,0,lr,adam,unit-gain,tune,15,0.01,0,2.3028948455810547,10.246666666666666,2.3027890270233153,10.38,2.302111595916748,10.34,
tune_lr_adam_unit-gain_0.01_e15_t,0,lr,adam,unit-gain,tune,15,0.01,1,1.847177288500468,31.346666666666668,2.144054572677612,27.439999999999998,2.1763968914031984,27.26,12.048854090997338
tune_lr_adam_unit-gain_0.01_e15_t,0,lr,adam,unit-gain,tune,15,0.01,2,1.6165558497958714,39.34,2.5969742542266845,29.38,2.5717894104003904,29.12,11.507389136000711
tune_lr_adam_unit-gain_0.01_e15_t,0,lr,adam,unit-gain,tune,15,0.01,3,1.5202079572253757,43.337777777777774,2.3841580904006956,23.78,2.3633224742889403,24.060000000000002,11.518027185997198
tune_lr_adam_unit-gain_0.01_e15_t,0,lr,adam,unit-gain,tune,15,0.01,4,1.4687994319703843,45.01555555555555,1.7426185012817383,39.39,1.7332486780166625,39.48,11.511610904002737
tune_lr_adam_unit-gain_0.01_e15_t,0,lr,adam,unit-gain,tune,15,0.01,5,1.4167700636969673,47.35111111111111,2.05345504989624,37.2,1.9840250183105468,38.16,11.518714224999712
tune_lr_adam_unit-gain_0.01_e15_t,0,lr,adam,unit-gain,tune,15,0.01,6,1.3606954773161146,49.675555555555555,2.1031798292160033,31.740000000000002,2.0586777431488037,32.9,11.515276813999662
tune_lr_adam_unit-gain_0.01_e15_t,0,lr,adam,unit-gain,tune,15,0.01,7,1.300841610124376,52.404444444444444,1.369379566383362,53.28000000000001,1.36190727558136,52.92,11.51396379900325
tune_lr_adam_unit-gain_0.01_e15_t,0,lr,adam,unit-gain,tune,15,0.01,8,1.221537657462226,56.04666666666667,1.2593691680908203,54.64,1.2612847980499267,53.900000000000006,11.50758689400027
tune_lr_adam_unit-gain_0.01_e15_t,0,lr,adam,unit-gain,tune,15,0.01,9,1.1404875982284546,58.791111111111114,1.752539993095398,46.97,1.753618522644043,45.92,11.50053296400074
tune_lr_adam_unit-gain_0.01_e15_t,0,lr,adam,unit-gain,tune,15,0.01,10,1.0564565857993231,62.126666666666665,1.4612908197402954,51.66,1.4716394481658936,51.2,11.493809771000087
tune_lr_adam_unit-gain_0.01_e15_t,0,lr,adam,unit-gain,tune,15,0.01,11,0.9676256277508206,65.33777777777777,1.4022055419921875,54.32,1.3995104256629944,54.36,11.490501782001957
tune_lr_adam_unit-gain_0.01_e15_t,0,lr,adam,unit-gain,tune,15,0.01,12,0.8705097016970317,68.98666666666666,0.916335998916626,68.30000000000001,0.9137480143547058,67.58,11.48338472999967
tune_lr_adam_unit-gain_0.01_e15_t,0,lr,adam,unit-gain,tune,15,0.01,13,0.7704394568549262,73.04222222222222,0.919525395488739,69.0,0.9123038240432739,69.54,11.483719781001128
tune_lr_adam_unit-gain_0.01_e15_t,0,lr,adam,unit-gain,tune,15,0.01,14,0.6702254450903998,76.68444444444444,0.7137841613769531,75.17,0.7253949867248535,74.42,11.484642838000582
tune_lr_adam_unit-gain_0.01_e15_t,0,lr,adam,unit-gain,tune,15,0.01,15,0.5889295087920294,79.68222222222222,0.6021685879707337,79.02,0.6130329831123352,78.4,11.488403136998386
tune_lr_ef21muonsign_mup_0.0007_e15_t,0,lr,ef21muonsign,mup,tune,15,0.0007000000000000001,0,2.3028948455810547,10.246666666666666,2.3027890270233153,10.38,2.3021115951538085,10.34,
tune_lr_ef21muonsign_mup_0.0007_e15_t,0,lr,ef21muonsign,mup,tune,15,0.0007000000000000001,1,1.6133538574006823,40.59777777777778,1.2269010469436645,55.64,1.2219514881134033,55.120000000000005,14.365458686996135
tune_lr_ef21muonsign_mup_0.0007_e15_t,0,lr,ef21muonsign,mup,tune,15,0.0007000000000000001,2,1.1125324373457166,59.83111111111111,0.976482726097107,64.83,0.9804673748016357,64.94,13.72159962299338
tune_lr_ef21muonsign_mup_0.0007_e15_t,0,lr,ef21muonsign,mup,tune,15,0.0007000000000000001,3,0.8768034659809536,68.91555555555556,0.8504262910842896,70.61,0.8621789125442505,70.7,13.756040510997991
tune_lr_ef21muonsign_mup_0.0007_e15_t,0,lr,ef21muonsign,mup,tune,15,0.0007000000000000001,4,0.7151521049181621,74.83555555555556,0.7358655330657959,74.77000000000001,0.7510606122016906,73.96000000000001,13.760196684997936
tune_lr_ef21muonsign_mup_0.0007_e15_t,0,lr,ef21muonsign,mup,tune,15,0.0007000000000000001,5,0.6060572603967455,78.76222222222222,0.617869718503952,79.28,0.6465295331001282,78.38000000000001,13.772706384006597
tune_lr_ef21muonsign_mup_0.0007_e15_t,0,lr,ef21muonsign,mup,tune,15,0.0007000000000000001,6,0.5235677369965447,81.67111111111112,0.5430711761474609,81.31,0.5687224013328552,80.7,13.779283037001733
tune_lr_ef21muonsign_mup_0.0007_e15_t,0,lr,ef21muonsign,mup,tune,15,0.0007000000000000001,7,0.4593291459189521,84.03333333333333,0.5246632395267486,82.54,0.5528502163887024,81.86,13.778092353997636
tune_lr_ef21muonsign_mup_0.0007_e15_t,0,lr,ef21muonsign,mup,tune,15,0.0007000000000000001,8,0.4048522947417365,85.6711111111111,0.5178115126609802,82.72,0.5452818281173706,81.98,13.785512675000064
tune_lr_ef21muonsign_mup_0.0007_e15_t,0,lr,ef21muonsign,mup,tune,15,0.0007000000000000001,9,0.3581731147872077,87.52888888888889,0.46343413767814634,84.74000000000001,0.48465262832641604,83.34,13.76801096899726
tune_lr_ef21muonsign_mup_0.0007_e15_t,0,lr,ef21muonsign,mup,tune,15,0.0007000000000000001,10,0.32379819455676606,88.97555555555556,0.45395947680473325,84.94,0.4801506700515747,84.1,13.765732236999611
tune_lr_ef21muonsign_mup_0.0007_e15_t,0,lr,ef21muonsign,mup,tune,15,0.0007000000000000001,11,0.2910838479121526,89.97333333333334,0.44159130411148073,85.65,0.46133829536437987,85.28,13.757225997003843
tune_lr_ef21muonsign_mup_0.0007_e15_t,0,lr,ef21muonsign,mup,tune,15,0.0007000000000000001,12,0.26785536318355135,90.74666666666667,0.4315412650585175,86.02,0.4559961922645569,85.26,13.760529729996051
tune_lr_ef21muonsign_mup_0.0007_e15_t,0,lr,ef21muonsign,mup,tune,15,0.0007000000000000001,13,0.25702194138367973,91.10666666666667,0.4290779041290283,85.82,0.45091343841552733,85.2,13.76502045399684
tune_lr_ef21muonsign_mup_0.0007_e15_t,0,lr,ef21muonsign,mup,tune,15,0.0007000000000000001,14,0.23926070433722602,91.84,0.4251157278060913,86.17,0.4429188090324402,85.7,13.762090800002625
tune_lr_ef21muonsign_mup_0.0007_e15_t,0,lr,ef21muonsign,mup,tune,15,0.0007000000000000001,15,0.23641616356637743,92.00666666666667,0.42406028051376343,86.11999999999999,0.44406496295928954,85.7,13.755480027997692
tune_lr_ef21muonsign_mup_0.003249_e15_t,0,lr,ef21muonsign,mup,tune,15,0.003249112183528945,0,2.30289483473036,10.246666666666666,2.3027890361785888,10.38,2.30211160736084,10.34,
tune_lr_ef21muonsign_mup_0.003249_e15_t,0,lr,ef21muonsign,mup,tune,15,0.003249112183528945,1,1.3195769814173381,52.16222222222222,0.8615490886688233,70.27,0.8802639282226562,69.5,14.370852287996968
tune_lr_ef21muonsign_mup_0.003249_e15_t,0,lr,ef21muonsign,mup,tune,15,0.003249112183528945,2,0.7156221307542588,75.05555555555556,0.7663862543582917,74.28,0.7970603168249131,73.94,13.740544389002025
tune_lr_ef21muonsign_mup_0.003249_e15_t,0,lr,ef21muonsign,mup,tune,15,0.003249112183528945,3,0.5234200243314108,82.02444444444444,0.6142397654533386,79.96,0.627519577884674,79.86,13.7513887860041
tune_lr_ef21muonsign_mup_0.003249_e15_t,0,lr,ef21muonsign,mup,tune,15,0.003249112183528945,4,0.4149803896162245,85.66222222222221,0.4317542423725128,84.99,0.4388690646648407,85.3,13.768020360999799
tune_lr_ef21muonsign_mup_0.003249_e15_t,0,lr,ef21muonsign,mup,tune,15,0.003249112183528945,5,0.3367981963581509,88.46666666666667,0.44585780487060545,85.21,0.4564713309288025,84.84,13.779896579995693
tune_lr_ef21muonsign_mup_0.003249_e15_t,0,lr,ef21muonsign,mup,tune,15,0.003249112183528945,6,0.2763674527141783,90.38888888888889,0.3550827307701111,88.02,0.3763530716896057,87.78,13.778753521997714
tune_lr_ef21muonsign_mup_0.003249_e15_t,0,lr,ef21muonsign,mup,tune,15,0.003249112183528945,7,0.22714945476849874,92.22222222222223,0.3390857947349548,89.03999999999999,0.3439014642715454,88.72,13.777376267004001
tune_lr_ef21muonsign_mup_0.003249_e15_t,0,lr,ef21muonsign,mup,tune,15,0.003249112183528945,8,0.17843715369966295,93.79111111111112,0.3361230138540268,89.46,0.32708049054145816,89.48,13.786645856998803
tune_lr_ef21muonsign_mup_0.003249_e15_t,0,lr,ef21muonsign,mup,tune,15,0.003249112183528945,9,0.1418041136317783,95.20666666666666,0.301530482673645,90.74,0.2983241324186325,90.64,13.773788796002918
tune_lr_ef21muonsign_mup_0.003249_e15_t,0,lr,ef21muonsign,mup,tune,15,0.003249112183528945,10,0.10988174037403531,96.27111111111111,0.3115347152709961,90.84,0.3145592885494232,90.74,13.773758389004797
tune_lr_ef21muonsign_mup_0.003249_e15_t,0,lr,ef21muonsign,mup,tune,15,0.003249112183528945,11,0.08163281077543895,97.26666666666667,0.3093362852096558,91.23,0.31570539984703067,90.98,13.774126282994985
tune_lr_ef21muonsign_mup_0.003249_e15_t,0,lr,ef21muonsign,mup,tune,15,0.003249112183528945,12,0.060183932855394154,97.94666666666667,0.2899845546722412,91.74,0.2887554631233215,91.62,13.769637910998426
tune_lr_ef21muonsign_mup_0.003249_e15_t,0,lr,ef21muonsign,mup,tune,15,0.003249112183528945,13,0.04919042516615656,98.44222222222221,0.27639223713874816,92.23,0.2852891134262085,91.92,13.764705011999467
tune_lr_ef21muonsign_mup_0.003249_e15_t,0,lr,ef21muonsign,mup,tune,15,0.003249112183528945,14,0.03795452129178577,98.85111111111111,0.28082836198806765,92.31,0.2843998442173004,92.22,13.757193942998128
tune_lr_ef21muonsign_mup_0.003249_e15_t,0,lr,ef21muonsign,mup,tune,15,0.003249112183528945,15,0.03447022206783295,98.91777777777779,0.2791880922317505,92.38,0.2838015006542206,92.12,13.749504419000004
tune_lr_ef21muonsign_mup_0.01508_e15_t,0,lr,ef21muonsign,mup,tune,15,0.015081042830223186,0,2.3028948455810547,10.246666666666666,2.3027890270233153,10.38,2.3021115951538085,10.34,
tune_lr_ef21muonsign_mup_0.01508_e15_t,0,lr,ef21muonsign,mup,tune,15,0.015081042830223186,1,1.2479568933169047,55.03777777777778,0.8973884659767151,69.35,0.9050493186950683,69.24,14.36940201499965
tune_lr_ef21muonsign_mup_0.01508_e15_t,0,lr,ef21muonsign,mup,tune,15,0.015081042830223186,2,0.6668678598509894,77.0,0.8620131948471069,72.67,0.8897014511108399,72.0,13.72976916499465
tune_lr_ef21muonsign_mup_0.01508_e15_t,0,lr,ef21muonsign,mup,tune,15,0.015081042830223186,3,0.49320450923177933,82.97333333333333,0.5656459402561188,81.19,0.5821616230010986,80.84,13.754739941003209
tune_lr_ef21muonsign_mup_0.01508_e15_t,0,lr,ef21muonsign,mup,tune,15,0.015081042830223186,4,0.39142746046384175,86.42444444444445,0.4048951054573059,86.49,0.4057315322875977,85.92,13.771237305001705
tune_lr_ef21muonsign_mup_0.01508_e15_t,0,lr,ef21muonsign,mup,tune,15,0.015081042830223186,5,0.31797714445855885,89.01333333333334,0.45258599576950076,85.3,0.43659193410873415,85.66,13.775837532004516
tune_lr_ef21muonsign_mup_0.01508_e15_t,0,lr,ef21muonsign,mup,tune,15,0.015081042830223186,6,0.2597939132399029,91.11555555555556,0.35007266159057615,88.33,0.3517036563873291,88.78,13.775085824003327
tune_lr_ef21muonsign_mup_0.01508_e15_t,0,lr,ef21muonsign,mup,tune,15,0.015081042830223186,7,0.2113435849295722,92.66222222222223,0.33127759685516356,89.46,0.3344958749294281,89.44,13.774001625999517
tune_lr_ef21muonsign_mup_0.01508_e15_t,0,lr,ef21muonsign,mup,tune,15,0.015081042830223186,8,0.16628608519501156,94.2311111111111,0.3212984275817871,90.13,0.3155568345785141,90.03999999999999,13.766400855005486
tune_lr_ef21muonsign_mup_0.01508_e15_t,0,lr,ef21muonsign,mup,tune,15,0.015081042830223186,9,0.12641488636599646,95.7,0.3077733325958252,90.67,0.2836410108089447,90.68,13.767299078004726
tune_lr_ef21muonsign_mup_0.01508_e15_t,0,lr,ef21muonsign,mup,tune,15,0.015081042830223186,10,0.09742392509116067,96.72222222222221,0.2989666506767273,91.10000000000001,0.2864503321647644,91.36,13.761347964995366
tune_lr_ef21muonsign_mup_0.01508_e15_t,0,lr,ef21muonsign,mup,tune,15,0.015081042830223186,11,0.07208125933276283,97.61999999999999,0.2892759481430054,91.95,0.26615881741046904,92.56,13.749245956998493
tune_lr_ef21muonsign_mup_0.01508_e15_t,0,lr,ef21muonsign,mup,tune,15,0.015081042830223186,12,0.05155617495112949,98.34444444444445,0.2809867428779602,92.47,0.25711831901073456,92.97999999999999,13.742529936003848
tune_lr_ef21muonsign_mup_0.01508_e15_t,0,lr,ef21muonsign,mup,tune,15,0.015081042830223186,13,0.04047911415961054,98.69555555555556,0.2795617373943329,92.73,0.2621542964696884,92.64,13.751508289999038
tune_lr_ef21muonsign_mup_0.01508_e15_t,0,lr,ef21muonsign,mup,tune,15,0.015081042830223186,14,0.03100862304634518,99.08888888888889,0.2803331687450409,92.64,0.2606215252399445,92.82000000000001,13.739024202004657
tune_lr_ef21muonsign_mup_0.01508_e15_t,0,lr,ef21muonsign,mup,tune,15,0.015081042830223186,15,0.02559033611615499,99.29555555555555,0.2794371757507324,92.60000000000001,0.26018104124069213,92.96,13.734513167997648
tune_lr_ef21muonsign_mup_0.07_e15_t,0,lr,ef21muonsign,mup,tune,15,0.07000000000000002,0,2.3028948455810547,10.246666666666666,2.3027890270233153,10.38,2.302111595916748,10.34,
tune_lr_ef21muonsign_mup_0.07_e15_t,0,lr,ef21muonsign,mup,tune,15,0.07000000000000002,1,1.2815024314986334,53.937777777777775,0.9075924036026001,69.15,0.9263759292602539,68.56,14.367267631001596
tune_lr_ef21muonsign_mup_0.07_e15_t,0,lr,ef21muonsign,mup,tune,15,0.07000000000000002,2,0.675351453643375,76.71555555555555,0.9920228532791138,69.3,1.0096116407394409,68.94,13.7279786279978
tune_lr_ef21muonsign_mup_0.07_e15_t,0,lr,ef21muonsign,mup,tune,15,0.07000000000000002,3,0.500279464562734,82.79777777777778,0.5641371729373932,81.88,0.5683129783630371,80.94,13.745673217003059
tune_lr_ef21muonsign_mup_0.07_e15_t,0,lr,ef21muonsign,mup,tune,15,0.07000000000000002,4,0.3951892366144392,86.3911111111111,0.42250444860458375,85.92,0.41810752964019776,85.64,13.77003689200501
tune_lr_ef21muonsign_mup_0.07_e15_t,0,lr,ef21muonsign,mup,tune,15,0.07000000000000002,5,0.3187231629159715,89.11555555555556,0.4224824246406555,86.29,0.41987260570526125,86.38,13.780400133000512
tune_lr_ef21muonsign_mup_0.07_e15_t,0,lr,ef21muonsign,mup,tune,15,0.07000000000000002,6,0.2621771359999975,90.91333333333334,0.3559965839385986,87.99,0.35456747703552244,88.18,13.771361138002248
tune_lr_ef21muonsign_mup_0.07_e15_t,0,lr,ef21muonsign,mup,tune,15,0.07000000000000002,7,0.21098128476142883,92.78222222222222,0.3187132091522217,89.42,0.3270394278526306,89.24,13.775505138997687
tune_lr_ef21muonsign_mup_0.07_e15_t,0,lr,ef21muonsign,mup,tune,15,0.07000000000000002,8,0.16722105457782746,94.28666666666666,0.30797418653965,90.21000000000001,0.308207231259346,90.16,13.773084538996045
tune_lr_ef21muonsign_mup_0.07_e15_t,0,lr,ef21muonsign,mup,tune,15,0.07000000000000002,9,0.12799791044659084,95.54666666666667,0.3096102560520172,90.34,0.303288427233696,90.7,13.762133247000747
tune_lr_ef21muonsign_mup_0.07_e15_t,0,lr,ef21muonsign,mup,tune,15,0.07000000000000002,10,0.09923253467480342,96.62666666666667,0.2975360883712769,91.23,0.30210056476593017,90.75999999999999,13.75781772100163
tune_lr_ef21muonsign_mup_0.07_e15_t,0,lr,ef21muonsign,mup,tune,15,0.07000000000000002,11,0.0726194319576025,97.61111111111111,0.2808016419887543,92.02,0.27424772329330444,92.10000000000001,13.761447058001067
tune_lr_ef21muonsign_mup_0.07_e15_t,0,lr,ef21muonsign,mup,tune,15,0.07000000000000002,12,0.0527146607014868,98.27777777777777,0.27244803972244264,92.57,0.25729448499679564,92.44,13.756449808999605
tune_lr_ef21muonsign_mup_0.07_e15_t,0,lr,ef21muonsign,mup,tune,15,0.07000000000000002,13,0.039677317373289,98.78888888888889,0.2698391007423401,92.80000000000001,0.258870459318161,92.74,13.752217045999714
tune_lr_ef21muonsign_mup_0.07_e15_t,0,lr,ef21muonsign,mup,tune,15,0.07000000000000002,14,0.030941369896464878,99.04666666666667,0.273152684879303,92.63,0.2595302783966065,92.80000000000001,13.738959447000525
tune_lr_ef21muonsign_mup_0.07_e15_t,0,lr,ef21muonsign,mup,tune,15,0.07000000000000002,15,0.026226543284124798,99.29555555555555,0.2696164475440979,92.89,0.2566990210533142,92.88,13.738512454001466
tune_lr_ef21muonsign_unit-gain_0.0007_e15_t,0,lr,ef21muonsign,unit-gain,tune,15,0.0007000000000000001,0,2.3028948455810547,10.246666666666666,2.302789026260376,10.38,2.302111595916748,10.34,
tune_lr_ef21muonsign_unit-gain_0.0007_e15_t,0,lr,ef21muonsign,unit-gain,tune,15,0.0007000000000000001,1,1.611296626387702,40.58444444444444,1.2213507829666137,55.559999999999995,1.2125828144073487,55.94,14.461188915000093
tune_lr_ef21muonsign_unit-gain_0.0007_e15_t,0,lr,ef21muonsign,unit-gain,tune,15,0.0007000000000000001,2,1.1044782467736138,60.297777777777775,0.9511873255729675,65.92,0.9516735095977783,66.03999999999999,13.824158794999676
tune_lr_ef21muonsign_unit-gain_0.0007_e15_t,0,lr,ef21muonsign,unit-gain,tune,15,0.0007000000000000001,3,0.8640472615983751,69.57333333333334,0.8018451432228089,71.67999999999999,0.8138775337219238,71.17999999999999,13.847575141000561
tune_lr_ef21muonsign_unit-gain_0.0007_e15_t,0,lr,ef21muonsign,unit-gain,tune,15,0.0007000000000000001,4,0.6976567454126146,75.6111111111111,0.7271138492584228,75.31,0.74670315284729,73.96000000000001,13.837962392000918
tune_lr_ef21muonsign_unit-gain_0.0007_e15_t,0,lr,ef21muonsign,unit-gain,tune,15,0.0007000000000000001,5,0.5945834437794155,79.37555555555555,0.6057032995700836,79.59,0.6323148198604583,78.38000000000001,13.831490273001691
tune_lr_ef21muonsign_unit-gain_0.0007_e15_t,0,lr,ef21muonsign,unit-gain,tune,15,0.0007000000000000001,6,0.5098943159527248,82.15555555555557,0.5523343836784362,80.85,0.5753359468460083,80.72,13.848071335003624
tune_lr_ef21muonsign_unit-gain_0.0007_e15_t,0,lr,ef21muonsign,unit-gain,tune,15,0.0007000000000000001,7,0.44506816175248887,84.44,0.5027050951480866,82.98,0.525845498418808,82.5,13.845736744002352
tune_lr_ef21muonsign_unit-gain_0.0007_e15_t,0,lr,ef21muonsign,unit-gain,tune,15,0.0007000000000000001,8,0.3912241882695092,86.20666666666666,0.5168647428512573,82.5,0.5470863396644592,81.67999999999999,13.849821651001548
tune_lr_ef21muonsign_unit-gain_0.0007_e15_t,0,lr,ef21muonsign,unit-gain,tune,15,0.0007000000000000001,9,0.34261292305522495,88.05555555555556,0.44768797907829283,85.11999999999999,0.4723726482391357,84.66,13.85068154200053
tune_lr_ef21muonsign_unit-gain_0.0007_e15_t,0,lr,ef21muonsign,unit-gain,tune,15,0.0007000000000000001,10,0.31197458262443545,89.14888888888889,0.4574416949272156,84.78,0.48061893539428713,84.56,13.8427020550007
tune_lr_ef21muonsign_unit-gain_0.0007_e15_t,0,lr,ef21muonsign,unit-gain,tune,15,0.0007000000000000001,11,0.27639974088933733,90.61555555555556,0.44759166264533995,85.59,0.46730784039497375,85.18,13.84119458799978
tune_lr_ef21muonsign_unit-gain_0.0007_e15_t,0,lr,ef21muonsign,unit-gain,tune,15,0.0007000000000000001,12,0.25325549801190694,91.26444444444445,0.4308359379291534,86.17,0.45603506412506106,85.76,13.84287039999981
tune_lr_ef21muonsign_unit-gain_0.0007_e15_t,0,lr,ef21muonsign,unit-gain,tune,15,0.0007000000000000001,13,0.23688557808134292,91.97333333333333,0.4256236638069153,86.22,0.4490061851501465,85.78,13.842845112998475
tune_lr_ef21muonsign_unit-gain_0.0007_e15_t,0,lr,ef21muonsign,unit-gain,tune,15,0.0007000000000000001,14,0.2238799603091346,92.45555555555556,0.42462857632637024,86.53,0.4423600039482117,86.22,13.833227720999275
tune_lr_ef21muonsign_unit-gain_0.0007_e15_t,0,lr,ef21muonsign,unit-gain,tune,15,0.0007000000000000001,15,0.2180683614148034,92.56666666666666,0.4233626181602478,86.42,0.4453438953399658,86.18,13.830194646001473
tune_lr_ef21muonsign_unit-gain_0.003249_e15_t,0,lr,ef21muonsign,unit-gain,tune,15,0.003249112183528945,0,2.3028948455810547,10.246666666666666,2.3027890270233153,10.38,2.302111595916748,10.34,
tune_lr_ef21muonsign_unit-gain_0.003249_e15_t,0,lr,ef21muonsign,unit-gain,tune,15,0.003249112183528945,1,1.3197685789320204,52.39555555555555,0.9414387742042541,67.57,0.9529395175933838,67.52,14.45007333799731
tune_lr_ef21muonsign_unit-gain_0.003249_e15_t,0,lr,ef21muonsign,unit-gain,tune,15,0.003249112183528945,2,0.7121732644134098,75.24444444444444,0.7885549364089965,74.32,0.8158399255752563,73.28,13.813646181999502
tune_lr_ef21muonsign_unit-gain_0.003249_e15_t,0,lr,ef21muonsign,unit-gain,tune,15,0.003249112183528945,3,0.5266237926271227,81.91777777777777,0.6053726185798645,79.79,0.6081167602539063,79.78,13.841907755999273
tune_lr_ef21muonsign_unit-gain_0.003249_e15_t,0,lr,ef21muonsign,unit-gain,tune,15,0.003249112183528945,4,0.42342507484224107,85.3911111111111,0.46173629026412966,84.27,0.4596339592456818,84.17999999999999,13.832097426002292
tune_lr_ef21muonsign_unit-gain_0.003249_e15_t,0,lr,ef21muonsign,unit-gain,tune,15,0.003249112183528945,5,0.346709808116489,88.02444444444446,0.4606504457473755,84.89999999999999,0.46595304374694824,84.52,13.844453606998286
tune_lr_ef21muonsign_unit-gain_0.003249_e15_t,0,lr,ef21muonsign,unit-gain,tune,15,0.003249112183528945,6,0.2896464456187354,90.15777777777778,0.37353886346817017,87.78,0.3642634822845459,88.28,13.847456323001097
tune_lr_ef21muonsign_unit-gain_0.003249_e15_t,0,lr,ef21muonsign,unit-gain,tune,15,0.003249112183528945,7,0.2380048573811849,91.85333333333332,0.32476080203056334,89.11,0.319589115524292,89.22,13.854839317002188
tune_lr_ef21muonsign_unit-gain_0.003249_e15_t,0,lr,ef21muonsign,unit-gain,tune,15,0.003249112183528945,8,0.19547073791291977,93.32666666666667,0.33469501032829285,89.45,0.33371125226020815,89.5,13.849823377000575
tune_lr_ef21muonsign_unit-gain_0.003249_e15_t,0,lr,ef21muonsign,unit-gain,tune,15,0.003249112183528945,9,0.1542127986457613,94.64222222222223,0.30938388890028,90.36,0.3079684485435486,90.32,13.84422197800086
tune_lr_ef21muonsign_unit-gain_0.003249_e15_t,0,lr,ef21muonsign,unit-gain,tune,15,0.003249112183528945,10,0.12140096315145492,95.92,0.31767818899154665,90.35,0.32504517555236817,90.25999999999999,13.840888628001267
tune_lr_ef21muonsign_unit-gain_0.003249_e15_t,0,lr,ef21muonsign,unit-gain,tune,15,0.003249112183528945,11,0.0906124090049002,96.97111111111111,0.3082932402610779,90.79,0.31452438831329343,90.68,13.854408720999345
tune_lr_ef21muonsign_unit-gain_0.003249_e15_t,0,lr,ef21muonsign,unit-gain,tune,15,0.003249112183528945,12,0.06703755974902047,97.75111111111111,0.29383390679359433,91.66,0.29119118885993955,91.82000000000001,13.835658896998211
tune_lr_ef21muonsign_unit-gain_0.003249_e15_t,0,lr,ef21muonsign,unit-gain,tune,15,0.003249112183528945,13,0.051105918217367596,98.33777777777777,0.27850802392959595,92.31,0.28595172872543334,91.96,13.828243620999274
tune_lr_ef21muonsign_unit-gain_0.003249_e15_t,0,lr,ef21muonsign,unit-gain,tune,15,0.003249112183528945,14,0.038618831763002605,98.78444444444445,0.2839972723007202,92.44,0.28203552503585816,92.30000000000001,13.82366071299839
tune_lr_ef21muonsign_unit-gain_0.003249_e15_t,0,lr,ef21muonsign,unit-gain,tune,15,0.003249112183528945,15,0.03276829102800952,99.03333333333333,0.2818048146247864,92.5,0.2847239044189453,92.2,13.827174080997793
tune_lr_ef21muonsign_unit-gain_0.01508_e15_t,0,lr,ef21muonsign,unit-gain,tune,15,0.015081042830223186,0,2.3028948455810547,10.246666666666666,2.3027890270233153,10.38,2.3021115951538085,10.34,
tune_lr_ef21muonsign_unit-gain_0.01508_e15_t,0,lr,ef21muonsign,unit-gain,tune,15,0.015081042830223186,1,1.2604034708552891,54.455555555555556,1.2848597738265992,62.519999999999996,1.2727675109863281,61.980000000000004,14.44338367799719
tune_lr_ef21muonsign_unit-gain_0.01508_e15_t,0,lr,ef21muonsign,unit-gain,tune,15,0.015081042830223186,2,0.7488671354717679,73.93333333333332,0.8888824321746827,70.35,0.8977675212860108,70.62,13.799929458997212
tune_lr_ef21muonsign_unit-gain_0.01508_e15_t,0,lr,ef21muonsign,unit-gain,tune,15,0.015081042830223186,3,0.6287924333890279,78.37555555555555,0.7707508147239686,75.64,0.7935655769348144,74.6,13.814713843999925
tune_lr_ef21muonsign_unit-gain_0.01508_e15_t,0,lr,ef21muonsign,unit-gain,tune,15,0.015081042830223186,4,0.560674953227573,80.5111111111111,0.589305534362793,79.66,0.6126719034194946,79.0,13.810801157000242
tune_lr_ef21muonsign_unit-gain_0.01508_e15_t,0,lr,ef21muonsign,unit-gain,tune,15,0.015081042830223186,5,0.5091831454753876,82.58222222222223,0.6010979852676391,80.41,0.6089824506759643,79.86,13.821381685000233
tune_lr_ef21muonsign_unit-gain_0.01508_e15_t,0,lr,ef21muonsign,unit-gain,tune,15,0.015081042830223186,6,0.45885245565308463,84.32666666666667,0.552117133808136,81.89999999999999,0.5736766868591309,80.94,13.8330162309976
tune_lr_ef21muonsign_unit-gain_0.01508_e15_t,0,lr,ef21muonsign,unit-gain,tune,15,0.015081042830223186,7,0.41235562085045707,86.03555555555556,0.52318275847435,83.33,0.528960055923462,83.5,13.822661877999053
tune_lr_ef21muonsign_unit-gain_0.01508_e15_t,0,lr,ef21muonsign,unit-gain,tune,15,0.015081042830223186,8,0.3687634671476152,87.38666666666667,0.4848311908721924,84.48,0.48046924800872803,84.34,13.824524480001855
tune_lr_ef21muonsign_unit-gain_0.01508_e15_t,0,lr,ef21muonsign,unit-gain,tune,15,0.015081042830223186,9,0.3162685461150275,89.08888888888889,0.4101039326429367,87.07000000000001,0.37924082927703856,87.76,13.822333883999818
tune_lr_ef21muonsign_unit-gain_0.01508_e15_t,0,lr,ef21muonsign,unit-gain,tune,15,0.015081042830223186,10,0.2693473397254944,90.61333333333333,0.3917727705478668,87.36,0.41890088768005374,86.42,13.826975305000815
tune_lr_ef21muonsign_unit-gain_0.01508_e15_t,0,lr,ef21muonsign,unit-gain,tune,15,0.015081042830223186,11,0.21428509343465169,92.5311111111111,0.34271251587867735,88.68,0.3613157057762146,88.6,13.81084737600031
tune_lr_ef21muonsign_unit-gain_0.01508_e15_t,0,lr,ef21muonsign,unit-gain,tune,15,0.015081042830223186,12,0.1682854363573922,94.17333333333333,0.3062850045800209,90.71000000000001,0.29597288637161256,91.14,13.80859084000258
tune_lr_ef21muonsign_unit-gain_0.01508_e15_t,0,lr,ef21muonsign,unit-gain,tune,15,0.015081042830223186,13,0.12648005531628925,95.57777777777777,0.2909300366163254,91.32000000000001,0.2742814463615417,91.94,13.811546973000077
tune_lr_ef21muonsign_unit-gain_0.01508_e15_t,0,lr,ef21muonsign,unit-gain,tune,15,0.015081042830223186,14,0.09545473005506727,96.78222222222223,0.28127433723211287,91.61,0.2669486583709717,92.02,13.817367683997873
tune_lr_ef21muonsign_unit-gain_0.01508_e15_t,0,lr,ef21muonsign,unit-gain,tune,15,0.015081042830223186,15,0.08056723735862308,97.36666666666667,0.27501514291763307,91.89,0.2597416891098022,92.36,13.81815990800169
tune_lr_ef21muonsign_unit-gain_0.07_e15_t,0,lr,ef21muonsign,unit-gain,tune,15,0.07000000000000002,0,2.3028948455810547,10.246666666666666,2.302789026641846,10.38,2.302111595916748,10.34,
tune_lr_ef21muonsign_unit-gain_0.07_e15_t,0,lr,ef21muonsign,unit-gain,tune,15,0.07000000000000002,1,1.5835406878153484,41.94444444444444,2.158859392166138,40.21,2.170905108833313,39.82,14.444813701000385
tune_lr_ef21muonsign_unit-gain_0.07_e15_t,0,lr,ef21muonsign,unit-gain,tune,15,0.07000000000000002,2,1.3019648918787639,53.04666666666667,1.7168687761306762,40.550000000000004,1.7083919479370118,40.839999999999996,13.803686510000261
tune_lr_ef21muonsign_unit-gain_0.07_e15_t,0,lr,ef21muonsign,unit-gain,tune,15,0.07000000000000002,3,1.1792616369247437,58.24222222222222,1.7032903501510621,45.06,1.7064652992248535,45.94,13.811925091002195
tune_lr_ef21muonsign_unit-gain_0.07_e15_t,0,lr,ef21muonsign,unit-gain,tune,15,0.07000000000000002,4,1.072469090016683,62.26666666666667,1.9076142004013061,42.43,1.9191870063781737,42.16,13.818079822998698
tune_lr_ef21muonsign_unit-gain_0.07_e15_t,0,lr,ef21muonsign,unit-gain,tune,15,0.07000000000000002,5,1.0012144313812257,64.98888888888888,1.93940179977417,48.22,1.9880909872055055,47.48,13.814409219998197
tune_lr_ef21muonsign_unit-gain_0.07_e15_t,0,lr,ef21muonsign,unit-gain,tune,15,0.07000000000000002,6,0.9342540097342598,67.51555555555555,1.58995954246521,53.72,1.597923828125,53.32,13.803164979999565
tune_lr_ef21muonsign_unit-gain_0.07_e15_t,0,lr,ef21muonsign,unit-gain,tune,15,0.07000000000000002,7,0.8794307208591038,69.48444444444445,1.833831280708313,50.11,1.8534008335113525,49.76,13.80565867399855
tune_lr_ef21muonsign_unit-gain_0.07_e15_t,0,lr,ef21muonsign,unit-gain,tune,15,0.07000000000000002,8,0.8118367966439989,71.90666666666667,1.146167522907257,63.55,1.1680554613113403,62.4,13.802377501000592
tune_lr_ef21muonsign_unit-gain_0.07_e15_t,0,lr,ef21muonsign,unit-gain,tune,15,0.07000000000000002,9,0.7379228658570184,74.36222222222221,1.1764205722808838,61.73,1.2149267095565797,60.88,13.807571245000872
tune_lr_ef21muonsign_unit-gain_0.07_e15_t,0,lr,ef21muonsign,unit-gain,tune,15,0.07000000000000002,10,0.671427799765269,76.89333333333333,0.9328187595367432,69.28999999999999,0.9153857271194458,69.8,13.802283182998508
tune_lr_ef21muonsign_unit-gain_0.07_e15_t,0,lr,ef21muonsign,unit-gain,tune,15,0.07000000000000002,11,0.5846406906922659,79.70888888888888,0.6372293468475342,78.67,0.6658180967330932,77.92,13.808858315998805
tune_lr_ef21muonsign_unit-gain_0.07_e15_t,0,lr,ef21muonsign,unit-gain,tune,15,0.07000000000000002,12,0.49804542786280315,82.88888888888889,0.5982158030986786,79.5,0.6257508338928223,79.66,13.792021069999464
tune_lr_ef21muonsign_unit-gain_0.07_e15_t,0,lr,ef21muonsign,unit-gain,tune,15,0.07000000000000002,13,0.41583913883633083,85.66666666666667,0.48888712029457093,83.65,0.49978485498428343,83.12,13.796445034997305
tune_lr_ef21muonsign_unit-gain_0.07_e15_t,0,lr,ef21muonsign,unit-gain,tune,15,0.07000000000000002,14,0.33651993470721775,88.42222222222222,0.39275394768714905,87.31,0.40701289882659913,85.88,13.789181174000987
tune_lr_ef21muonsign_unit-gain_0.07_e15_t,0,lr,ef21muonsign,unit-gain,tune,15,0.07000000000000002,15,0.28079839486016167,90.41777777777777,0.3526207450628281,88.44999999999999,0.3606235065460205,87.9,13.794593728001928
tune_lr_ef21muonusign_mup_0.0008_e15_t,0,lr,ef21muonusign,mup,tune,15,0.0008000000000000004,0,2.3028948455810547,10.246666666666666,2.3027890270233153,10.38,2.302111594390869,10.34,
tune_lr_ef21muonusign_mup_0.0008_e15_t,0,lr,ef21muonusign,mup,tune,15,0.0008000000000000004,1,1.575924895307753,41.92666666666667,1.1881667928695678,57.16,1.188815707206726,57.3,13.961326524004107
tune_lr_ef21muonusign_mup_0.0008_e15_t,0,lr,ef21muonusign,mup,tune,15,0.0008000000000000004,2,1.0572084160910713,62.07111111111111,0.9091370193481445,67.23,0.9198325942993164,67.64,13.32868810799846
tune_lr_ef21muonusign_mup_0.0008_e15_t,0,lr,ef21muonusign,mup,tune,15,0.0008000000000000004,3,0.8134954347610474,71.24000000000001,0.7658051804065704,73.89,0.7807068450927734,73.48,13.346227262998582
tune_lr_ef21muonusign_mup_0.0008_e15_t,0,lr,ef21muonusign,mup,tune,15,0.0008000000000000004,4,0.6543129034996032,77.17111111111112,0.6378171905517578,78.29,0.6535211074829101,77.02,13.366844246003893
tune_lr_ef21muonusign_mup_0.0008_e15_t,0,lr,ef21muonusign,mup,tune,15,0.0008000000000000004,5,0.5523119444423251,80.93111111111111,0.5832629872322083,80.52,0.5908262159347534,80.4,13.369091968001158
tune_lr_ef21muonusign_mup_0.0008_e15_t,0,lr,ef21muonusign,mup,tune,15,0.0008000000000000004,6,0.4732271986643473,83.54,0.5082212708473206,82.59,0.5238945815086364,82.32000000000001,13.382454942002369
tune_lr_ef21muonusign_mup_0.0008_e15_t,0,lr,ef21muonusign,mup,tune,15,0.0008000000000000004,7,0.41325034170680575,85.82222222222222,0.47998454179763794,83.84,0.48320000467300417,83.46000000000001,13.373724288998346
tune_lr_ef21muonusign_mup_0.0008_e15_t,0,lr,ef21muonusign,mup,tune,15,0.0008000000000000004,8,0.35972659935951234,87.44888888888889,0.4745351719856262,84.2,0.4705841259479523,84.82,13.378634245993453
tune_lr_ef21muonusign_mup_0.0008_e15_t,0,lr,ef21muonusign,mup,tune,15,0.0008000000000000004,9,0.31010912923812867,89.30222222222223,0.4362610530138016,85.91,0.42289472761154173,86.24000000000001,13.368779061995156
tune_lr_ef21muonusign_mup_0.0008_e15_t,0,lr,ef21muonusign,mup,tune,15,0.0008000000000000004,10,0.2767038029776679,90.55777777777779,0.4448055927276611,85.45,0.43496751585006715,85.88,13.372438616999716
tune_lr_ef21muonusign_mup_0.0008_e15_t,0,lr,ef21muonusign,mup,tune,15,0.0008000000000000004,11,0.24735977370738982,91.48444444444445,0.43353259756565093,86.29,0.4215523543357849,86.44,13.370975413999986
tune_lr_ef21muonusign_mup_0.0008_e15_t,0,lr,ef21muonusign,mup,tune,15,0.0008000000000000004,12,0.22013485175238715,92.46888888888888,0.4190635962486267,86.72999999999999,0.4090490282058716,86.78,13.37414360800176
tune_lr_ef21muonusign_mup_0.0008_e15_t,0,lr,ef21muonusign,mup,tune,15,0.0008000000000000004,13,0.20773527445793152,92.92,0.4170116264820099,86.99,0.4030499053001404,87.24,13.36804147499788
tune_lr_ef21muonusign_mup_0.0008_e15_t,0,lr,ef21muonusign,mup,tune,15,0.0008000000000000004,14,0.1929533613840739,93.47111111111111,0.41707997059822083,86.95,0.399104764175415,87.46000000000001,13.373315155993623
tune_lr_ef21muonusign_mup_0.0008_e15_t,0,lr,ef21muonusign,mup,tune,15,0.0008000000000000004,15,0.18720603001382616,93.59777777777778,0.4160180975675583,86.97,0.3997911394119263,87.46000000000001,13.362756595000974
tune_lr_ef21muonusign_mup_0.003713_e15_t,0,lr,ef21muonusign,mup,tune,15,0.003713271066890223,0,2.3028948455810547,10.246666666666666,2.3027890270233153,10.38,2.3021115951538085,10.34,
tune_lr_ef21muonusign_mup_0.003713_e15_t,0,lr,ef21muonusign,mup,tune,15,0.003713271066890223,1,1.2976753982967801,52.95777777777778,0.8677908146858215,70.35,0.888848327255249,69.24,13.963889628001198
tune_lr_ef21muonusign_mup_0.003713_e15_t,0,lr,ef21muonusign,mup,tune,15,0.003713271066890223,2,0.6891214967515733,76.10444444444444,0.7385090373039246,75.4,0.7600124585151672,74.28,13.334597121996921
tune_lr_ef21muonusign_mup_0.003713_e15_t,0,lr,ef21muonusign,mup,tune,15,0.003713271066890223,3,0.50627174082862,82.69555555555556,0.495195116519928,83.54,0.4952456302642822,83.42,13.364420912999776
tune_lr_ef21muonusign_mup_0.003713_e15_t,0,lr,ef21muonusign,mup,tune,15,0.003713271066890223,4,0.40350510947969226,86.05333333333334,0.4066585394859314,86.00999999999999,0.40715163395404813,86.18,13.367480098997476
tune_lr_ef21muonusign_mup_0.003713_e15_t,0,lr,ef21muonusign,mup,tune,15,0.003713271066890223,5,0.3304952248732249,88.47555555555556,0.42349828329086303,86.22999999999999,0.41231149578094484,86.32,13.367111257000943
tune_lr_ef21muonusign_mup_0.003713_e15_t,0,lr,ef21muonusign,mup,tune,15,0.003713271066890223,6,0.27057384985287986,90.63111111111111,0.35631913919448854,88.22,0.3684532690048218,87.76,13.366451883004629
tune_lr_ef21muonusign_mup_0.003713_e15_t,0,lr,ef21muonusign,mup,tune,15,0.003713271066890223,7,0.21682132772339716,92.56666666666666,0.32638883571624755,89.51,0.33050660257339476,88.84,13.369938575997367
tune_lr_ef21muonusign_mup_0.003713_e15_t,0,lr,ef21muonusign,mup,tune,15,0.003713271066890223,8,0.1753541184981664,93.92888888888888,0.3197570279121399,90.03,0.318354545211792,89.72,13.369339651006158
tune_lr_ef21muonusign_mup_0.003713_e15_t,0,lr,ef21muonusign,mup,tune,15,0.003713271066890223,9,0.13763418242136638,95.21111111111111,0.302477179813385,90.63,0.3039005017280579,90.72,13.37269184300385
tune_lr_ef21muonusign_mup_0.003713_e15_t,0,lr,ef21muonusign,mup,tune,15,0.003713271066890223,10,0.10858997926976946,96.3,0.2926163787841797,91.35,0.29246079788208007,91.36,13.371648475003894
tune_lr_ef21muonusign_mup_0.003713_e15_t,0,lr,ef21muonusign,mup,tune,15,0.003713271066890223,11,0.07972869588534037,97.24666666666667,0.2921269334316254,91.75999999999999,0.28599940185546874,91.56,13.367546281995601
tune_lr_ef21muonusign_mup_0.003713_e15_t,0,lr,ef21muonusign,mup,tune,15,0.003713271066890223,12,0.0577782897538609,98.08222222222223,0.28213559589385984,92.19000000000001,0.279769010925293,92.38,13.36999196200486
tune_lr_ef21muonusign_mup_0.003713_e15_t,0,lr,ef21muonusign,mup,tune,15,0.003713271066890223,13,0.04724058253566424,98.51777777777778,0.2818101462364197,92.31,0.27699930362701414,92.4,13.363083217001986
tune_lr_ef21muonusign_mup_0.003713_e15_t,0,lr,ef21muonusign,mup,tune,15,0.003713271066890223,14,0.0354188860350185,98.88222222222223,0.28135564737319946,92.46,0.2722692174911499,92.74,13.358860499000002
tune_lr_ef21muonusign_mup_0.003713_e15_t,0,lr,ef21muonusign,mup,tune,15,0.003713271066890223,15,0.0327580696105957,99.02,0.2764910443305969,92.54,0.2719837924957275,92.56,13.361844416998792
tune_lr_ef21muonusign_mup_0.01724_e15_t,0,lr,ef21muonusign,mup,tune,15,0.017235477520255074,0,2.3028948455810547,10.246666666666666,2.3027890270233153,10.38,2.302111595916748,10.34,
tune_lr_ef21muonusign_mup_0.01724_e15_t,0,lr,ef21muonusign,mup,tune,15,0.017235477520255074,1,1.2502234932369656,54.99777777777778,0.8236123832225799,71.67,0.8312644063949585,70.74000000000001,13.973618731004535
tune_lr_ef21muonusign_mup_0.01724_e15_t,0,lr,ef21muonusign,mup,tune,15,0.017235477520255074,2,0.6677250915527344,76.96666666666667,0.803513001537323,74.18,0.8101661811828613,73.72,13.339948449000076
tune_lr_ef21muonusign_mup_0.01724_e15_t,0,lr,ef21muonusign,mup,tune,15,0.017235477520255074,3,0.49530276283688013,82.93111111111111,0.5369542372226715,82.23,0.5454320817947388,81.64,13.355712157004746
tune_lr_ef21muonusign_mup_0.01724_e15_t,0,lr,ef21muonusign,mup,tune,15,0.017235477520255074,4,0.39105050563812255,86.6,0.38820300903320315,86.72,0.3887815450668335,86.92,13.365410789003363
tune_lr_ef21muonusign_mup_0.01724_e15_t,0,lr,ef21muonusign,mup,tune,15,0.017235477520255074,5,0.3178799030356937,89.1,0.4193522394180298,86.4,0.4201612085342407,86.66,13.368196973999147
tune_lr_ef21muonusign_mup_0.01724_e15_t,0,lr,ef21muonusign,mup,tune,15,0.017235477520255074,6,0.25914838452339173,91.16666666666666,0.3317689191818237,88.67,0.3367964370727539,89.02,13.368655049998779
tune_lr_ef21muonusign_mup_0.01724_e15_t,0,lr,ef21muonusign,mup,tune,15,0.017235477520255074,7,0.2099412235048082,92.7511111111111,0.32235342044830323,89.60000000000001,0.3230309280395508,89.56,13.372157412995875
tune_lr_ef21muonusign_mup_0.01724_e15_t,0,lr,ef21muonusign,mup,tune,15,0.017235477520255074,8,0.1663900497012668,94.21333333333334,0.31721081466674805,90.14,0.3158810806751251,90.16,13.369831479998538
tune_lr_ef21muonusign_mup_0.01724_e15_t,0,lr,ef21muonusign,mup,tune,15,0.017235477520255074,9,0.1265760804918077,95.67333333333333,0.30015018553733824,91.23,0.2829607057571411,91.08000000000001,13.365758327003277
tune_lr_ef21muonusign_mup_0.01724_e15_t,0,lr,ef21muonusign,mup,tune,15,0.017235477520255074,10,0.09998729774951935,96.53555555555555,0.28177753572463987,91.7,0.2602445520877838,92.02,13.371876577002695
tune_lr_ef21muonusign_mup_0.01724_e15_t,0,lr,ef21muonusign,mup,tune,15,0.017235477520255074,11,0.07103365039825439,97.60444444444445,0.2912437273979187,91.97999999999999,0.27648219003677366,92.06,13.369039261997386
tune_lr_ef21muonusign_mup_0.01724_e15_t,0,lr,ef21muonusign,mup,tune,15,0.017235477520255074,12,0.052590272794829473,98.28,0.27539489736557005,92.78999999999999,0.2564919662475586,92.46,13.368052006000653
tune_lr_ef21muonusign_mup_0.01724_e15_t,0,lr,ef21muonusign,mup,tune,15,0.017235477520255074,13,0.03950194516877333,98.74666666666667,0.27064328293800355,92.78,0.25613619232177737,92.80000000000001,13.362438373005716
tune_lr_ef21muonusign_mup_0.01724_e15_t,0,lr,ef21muonusign,mup,tune,15,0.017235477520255074,14,0.02935452794233958,99.17777777777778,0.27517144923210146,92.74,0.2530255048274994,92.72,13.364832113002194
tune_lr_ef21muonusign_mup_0.01724_e15_t,0,lr,ef21muonusign,mup,tune,15,0.017235477520255074,15,0.02530395540363259,99.29555555555555,0.271823433637619,92.84,0.25210590834617613,92.97999999999999,13.371055391995469
tune_lr_ef21muonusign_mup_0.08_e15_t,0,lr,ef21muonusign,mup,tune,15,0.08000000000000003,0,2.3028948455810547,10.246666666666666,2.3027890270233153,10.38,2.3021115951538085,10.34,
tune_lr_ef21muonusign_mup_0.08_e15_t,0,lr,ef21muonusign,mup,tune,15,0.08000000000000003,1,1.2891294735802545,53.26222222222222,0.8232273633003235,71.52,0.8429441299438477,70.74000000000001,13.967299873998854
tune_lr_ef21muonusign_mup_0.08_e15_t,0,lr,ef21muonusign,mup,tune,15,0.08000000000000003,2,0.6785288454903496,76.52666666666667,0.7671911989212036,74.35000000000001,0.7860105107307435,73.92,13.356969940003182
tune_lr_ef21muonusign_mup_0.08_e15_t,0,lr,ef21muonusign,mup,tune,15,0.08000000000000003,3,0.5053904805077447,82.67999999999999,0.5194440907478333,82.38,0.5310317932128906,82.22,13.36991536399728
tune_lr_ef21muonusign_mup_0.08_e15_t,0,lr,ef21muonusign,mup,tune,15,0.08000000000000003,4,0.40280054898262024,85.91777777777779,0.3973405442237854,86.56,0.4031548286437988,86.18,13.376396690997353
tune_lr_ef21muonusign_mup_0.08_e15_t,0,lr,ef21muonusign,mup,tune,15,0.08000000000000003,5,0.3206900079674191,88.99111111111111,0.42051988849639893,86.6,0.4270155149459839,86.11999999999999,13.37429910100036
tune_lr_ef21muonusign_mup_0.08_e15_t,0,lr,ef21muonusign,mup,tune,15,0.08000000000000003,6,0.26180212252404955,90.84444444444445,0.34367691679000856,88.37,0.3405959578037262,88.84,13.376634289998037
tune_lr_ef21muonusign_mup_0.08_e15_t,0,lr,ef21muonusign,mup,tune,15,0.08000000000000003,7,0.21324875739415486,92.50444444444445,0.31265507578849794,89.86,0.3243379866600037,89.42,13.38114553700143
tune_lr_ef21muonusign_mup_0.08_e15_t,0,lr,ef21muonusign,mup,tune,15,0.08000000000000003,8,0.17043550335566202,94.14222222222223,0.31795149509906767,90.16999999999999,0.31587140040397643,89.98,13.37427549000131
tune_lr_ef21muonusign_mup_0.08_e15_t,0,lr,ef21muonusign,mup,tune,15,0.08000000000000003,9,0.1280026138411628,95.57111111111111,0.29882323184013365,90.86,0.30023868379592894,90.78,13.371913900002255
tune_lr_ef21muonusign_mup_0.08_e15_t,0,lr,ef21muonusign,mup,tune,15,0.08000000000000003,10,0.10160266564952003,96.51111111111112,0.2784229981422424,91.45,0.27357985725402834,91.75999999999999,13.375016066995158
tune_lr_ef21muonusign_mup_0.08_e15_t,0,lr,ef21muonusign,mup,tune,15,0.08000000000000003,11,0.0744561105410258,97.51777777777778,0.27807973890304566,92.02,0.25751387243270873,92.14,13.371475758001907
tune_lr_ef21muonusign_mup_0.08_e15_t,0,lr,ef21muonusign,mup,tune,15,0.08000000000000003,12,0.05203902369340261,98.32666666666667,0.2791954461097717,92.31,0.2609716859340668,92.54,13.378033900997252
tune_lr_ef21muonusign_mup_0.08_e15_t,0,lr,ef21muonusign,mup,tune,15,0.08000000000000003,13,0.04050329929656453,98.69777777777777,0.2711587438106537,92.58,0.25773553695678714,92.74,13.375399470998673
tune_lr_ef21muonusign_mup_0.08_e15_t,0,lr,ef21muonusign,mup,tune,15,0.08000000000000003,14,0.030678753895229765,99.10888888888888,0.2703610256195068,92.56,0.2514231225967407,92.75999999999999,13.379618446000677
tune_lr_ef21muonusign_mup_0.08_e15_t,0,lr,ef21muonusign,mup,tune,15,0.08000000000000003,15,0.026288846278852886,99.25111111111111,0.26763666925430296,92.61,0.2501361039161682,92.78,13.369243129993265
tune_lr_ef21muonusign_unit-gain_0.0008_e15_t,0,lr,ef21muonusign,unit-gain,tune,15,0.0008000000000000004,0,2.3028948455810547,10.246666666666666,2.3027890270233153,10.38,2.3021115951538085,10.34,
tune_lr_ef21muonusign_unit-gain_0.0008_e15_t,0,lr,ef21muonusign,unit-gain,tune,15,0.0008000000000000004,1,1.5760093357510037,41.873333333333335,1.1953691946029663,56.58,1.186434105682373,56.99999999999999,14.041607433999161
tune_lr_ef21muonusign_unit-gain_0.0008_e15_t,0,lr,ef21muonusign,unit-gain,tune,15,0.0008000000000000004,2,1.0598294669681125,61.92888888888889,0.9323182765007019,66.38,0.9519546323776246,66.38,13.40025587800119
tune_lr_ef21muonusign_unit-gain_0.0008_e15_t,0,lr,ef21muonusign,unit-gain,tune,15,0.0008000000000000004,3,0.8147859218491448,71.18222222222222,0.7359122991561889,74.1,0.7544962369918823,74.02,13.423105405003298
tune_lr_ef21muonusign_unit-gain_0.0008_e15_t,0,lr,ef21muonusign,unit-gain,tune,15,0.0008000000000000004,4,0.6543469533072578,77.18888888888888,0.6279178164958954,78.21000000000001,0.6515302663803101,77.53999999999999,13.432797227000265
tune_lr_ef21muonusign_unit-gain_0.0008_e15_t,0,lr,ef21muonusign,unit-gain,tune,15,0.0008000000000000004,5,0.5534067207336426,80.89777777777778,0.591459414100647,80.46,0.6146997483730317,79.2,13.441242013999727
tune_lr_ef21muonusign_unit-gain_0.0008_e15_t,0,lr,ef21muonusign,unit-gain,tune,15,0.0008000000000000004,6,0.47218822445339625,83.54444444444444,0.5104414335250854,82.5,0.5289050015449523,82.12,13.450234705000184
tune_lr_ef21muonusign_unit-gain_0.0008_e15_t,0,lr,ef21muonusign,unit-gain,tune,15,0.0008000000000000004,7,0.4072485350979699,85.92444444444445,0.4888055477619171,83.39999999999999,0.4963537751197815,83.66,13.451414511997427
tune_lr_ef21muonusign_unit-gain_0.0008_e15_t,0,lr,ef21muonusign,unit-gain,tune,15,0.0008000000000000004,8,0.3555433209578196,87.5111111111111,0.4840850724220276,83.77,0.48680969161987303,83.6,13.448188463997212
tune_lr_ef21muonusign_unit-gain_0.0008_e15_t,0,lr,ef21muonusign,unit-gain,tune,15,0.0008000000000000004,9,0.3078534544520908,89.36222222222221,0.43524249391555786,85.57000000000001,0.4360463406562805,86.02,13.445281248998072
tune_lr_ef21muonusign_unit-gain_0.0008_e15_t,0,lr,ef21muonusign,unit-gain,tune,15,0.0008000000000000004,10,0.27389478454589844,90.43777777777777,0.42983255462646486,85.61999999999999,0.4421116033554077,85.82,13.452111147998949
tune_lr_ef21muonusign_unit-gain_0.0008_e15_t,0,lr,ef21muonusign,unit-gain,tune,15,0.0008000000000000004,11,0.23889864292144775,91.73555555555556,0.42577173767089843,86.26,0.4259202304840088,86.36,13.45202802300264
tune_lr_ef21muonusign_unit-gain_0.0008_e15_t,0,lr,ef21muonusign,unit-gain,tune,15,0.0008000000000000004,12,0.2144623634762234,92.65777777777777,0.4123617609024048,86.92,0.4151667720794678,86.56,13.44090491300085
tune_lr_ef21muonusign_unit-gain_0.0008_e15_t,0,lr,ef21muonusign,unit-gain,tune,15,0.0008000000000000004,13,0.19967688444720375,93.29333333333332,0.41071962337493895,87.03,0.4075308241844177,86.72,13.436878745000286
tune_lr_ef21muonusign_unit-gain_0.0008_e15_t,0,lr,ef21muonusign,unit-gain,tune,15,0.0008000000000000004,14,0.18401109537813398,93.78666666666666,0.40957708716392516,87.22,0.4019603729248047,87.08,13.44295703899843
tune_lr_ef21muonusign_unit-gain_0.0008_e15_t,0,lr,ef21muonusign,unit-gain,tune,15,0.0008000000000000004,15,0.17755111747317845,94.09777777777778,0.40916418867111204,86.94,0.40613147506713865,86.88,13.432577171002777
tune_lr_ef21muonusign_unit-gain_0.003713_e15_t,0,lr,ef21muonusign,unit-gain,tune,15,0.003713271066890223,0,2.3028948455810547,10.246666666666666,2.3027890270233153,10.38,2.3021115951538085,10.34,
tune_lr_ef21muonusign_unit-gain_0.003713_e15_t,0,lr,ef21muonusign,unit-gain,tune,15,0.003713271066890223,1,1.2808689385414123,53.74666666666666,0.871048241519928,70.15,0.9013216514587402,69.24,14.049342954000167
tune_lr_ef21muonusign_unit-gain_0.003713_e15_t,0,lr,ef21muonusign,unit-gain,tune,15,0.003713271066890223,2,0.6915379731125302,75.97555555555556,0.7644214366436005,74.6,0.766109734916687,73.88,13.403128267000284
tune_lr_ef21muonusign_unit-gain_0.003713_e15_t,0,lr,ef21muonusign,unit-gain,tune,15,0.003713271066890223,3,0.5150826204299926,82.26222222222222,0.5544489786624909,81.57,0.5739471380233765,80.5,13.429769312002463
tune_lr_ef21muonusign_unit-gain_0.003713_e15_t,0,lr,ef21muonusign,unit-gain,tune,15,0.003713271066890223,4,0.41571771189901563,85.75333333333333,0.5070443956851959,83.54,0.5082043467521667,82.67999999999999,13.443609352998465
tune_lr_ef21muonusign_unit-gain_0.003713_e15_t,0,lr,ef21muonusign,unit-gain,tune,15,0.003713271066890223,5,0.34311865160200333,88.16888888888889,0.42936247453689574,86.03,0.43708650035858154,85.94000000000001,13.44332193000082
tune_lr_ef21muonusign_unit-gain_0.003713_e15_t,0,lr,ef21muonusign,unit-gain,tune,15,0.003713271066890223,6,0.2924864524708854,89.80666666666667,0.3694130597114563,87.28,0.3761773533821106,87.52,13.439590481000778
tune_lr_ef21muonusign_unit-gain_0.003713_e15_t,0,lr,ef21muonusign,unit-gain,tune,15,0.003713271066890223,7,0.24238501742151047,91.64888888888889,0.3336495735168457,89.14999999999999,0.342592316532135,88.94,13.45144968099703
tune_lr_ef21muonusign_unit-gain_0.003713_e15_t,0,lr,ef21muonusign,unit-gain,tune,15,0.003713271066890223,8,0.19777530355188583,93.13333333333334,0.34088222045898436,89.01,0.3492484747886658,88.84,13.45051846700153
tune_lr_ef21muonusign_unit-gain_0.003713_e15_t,0,lr,ef21muonusign,unit-gain,tune,15,0.003713271066890223,9,0.15608056223657396,94.61111111111111,0.3087076683759689,90.52,0.30485605692863466,90.46,13.449723263998749
tune_lr_ef21muonusign_unit-gain_0.003713_e15_t,0,lr,ef21muonusign,unit-gain,tune,15,0.003713271066890223,10,0.12534628716243637,95.71333333333332,0.2966622025966644,90.98,0.2961167456626892,90.78,13.452979005000088
tune_lr_ef21muonusign_unit-gain_0.003713_e15_t,0,lr,ef21muonusign,unit-gain,tune,15,0.003713271066890223,11,0.09200018247961998,96.82666666666667,0.30014691331386567,91.55,0.29055370845794676,91.32000000000001,13.43943470999875
tune_lr_ef21muonusign_unit-gain_0.003713_e15_t,0,lr,ef21muonusign,unit-gain,tune,15,0.003713271066890223,12,0.06945506330860986,97.65777777777778,0.28573519225120547,92.06,0.2816955864906311,91.88,13.43521239599795
tune_lr_ef21muonusign_unit-gain_0.003713_e15_t,0,lr,ef21muonusign,unit-gain,tune,15,0.003713271066890223,13,0.05177784396012624,98.33333333333333,0.28253307175636294,92.11,0.2788794731140137,92.2,13.428484037001908
tune_lr_ef21muonusign_unit-gain_0.003713_e15_t,0,lr,ef21muonusign,unit-gain,tune,15,0.003713271066890223,14,0.03919283997880088,98.76888888888888,0.2871947271823883,92.2,0.27318123483657836,92.58,13.424682048997056
tune_lr_ef21muonusign_unit-gain_0.003713_e15_t,0,lr,ef21muonusign,unit-gain,tune,15,0.003713271066890223,15,0.03312684765855471,98.99555555555555,0.28243215408325195,92.56,0.27295976848602294,92.44,13.432953097999416
tune_lr_ef21muonusign_unit-gain_0.01724_e15_t,0,lr,ef21muonusign,unit-gain,tune,15,0.017235477520255074,0,2.3028948455810547,10.246666666666666,2.3027890270233153,10.38,2.3021115951538085,10.34,
tune_lr_ef21muonusign_unit-gain_0.01724_e15_t,0,lr,ef21muonusign,unit-gain,tune,15,0.017235477520255074,1,1.2948955088509453,53.24444444444445,0.9444761377334595,67.42,0.9465771148681641,67.22,14.029373748999205
tune_lr_ef21muonusign_unit-gain_0.01724_e15_t,0,lr,ef21muonusign,unit-gain,tune,15,0.017235477520255074,2,0.7806508590486314,72.92444444444445,0.8692640348434448,71.61999999999999,0.8713996869087219,71.22,13.40473724599724
tune_lr_ef21muonusign_unit-gain_0.01724_e15_t,0,lr,ef21muonusign,unit-gain,tune,15,0.017235477520255074,3,0.6612239062839084,77.11111111111111,0.8122589146614074,74.96000000000001,0.838244757604599,73.5,13.424417468999309
tune_lr_ef21muonusign_unit-gain_0.01724_e15_t,0,lr,ef21muonusign,unit-gain,tune,15,0.017235477520255074,4,0.5954594209035238,79.44666666666666,0.6942347640991211,76.19,0.7037248744964599,75.36,13.435007145999407
tune_lr_ef21muonusign_unit-gain_0.01724_e15_t,0,lr,ef21muonusign,unit-gain,tune,15,0.017235477520255074,5,0.5469067685021295,81.21333333333334,0.6088357426643372,80.53,0.6003749478340149,80.32000000000001,13.43838619899907
tune_lr_ef21muonusign_unit-gain_0.01724_e15_t,0,lr,ef21muonusign,unit-gain,tune,15,0.017235477520255074,6,0.4949801817682054,83.38,0.561257144165039,80.96,0.5746883358001709,80.24,13.434025375998317
tune_lr_ef21muonusign_unit-gain_0.01724_e15_t,0,lr,ef21muonusign,unit-gain,tune,15,0.017235477520255074,7,0.444179454920027,84.94666666666667,0.492639005947113,83.93,0.5011464752674103,83.12,13.444377718002215
tune_lr_ef21muonusign_unit-gain_0.01724_e15_t,0,lr,ef21muonusign,unit-gain,tune,15,0.017235477520255074,8,0.3963438455369737,86.35555555555555,0.46488587675094606,84.69,0.46538207216262817,84.38,13.432353480999154
tune_lr_ef21muonusign_unit-gain_0.01724_e15_t,0,lr,ef21muonusign,unit-gain,tune,15,0.017235477520255074,9,0.34465075011253354,88.13777777777779,0.40628904614448547,86.48,0.392039543056488,87.22,13.4357771089999
tune_lr_ef21muonusign_unit-gain_0.01724_e15_t,0,lr,ef21muonusign,unit-gain,tune,15,0.017235477520255074,10,0.2957082182407379,89.78222222222222,0.3556549718856811,88.25,0.3629146997451782,88.12,13.42498552500183
tune_lr_ef21muonusign_unit-gain_0.01724_e15_t,0,lr,ef21muonusign,unit-gain,tune,15,0.017235477520255074,11,0.2359013316207462,91.72888888888889,0.3295017793893814,89.41,0.32799494686126707,89.78,13.429839926000568
tune_lr_ef21muonusign_unit-gain_0.01724_e15_t,0,lr,ef21muonusign,unit-gain,tune,15,0.017235477520255074,12,0.18623588954077827,93.64666666666666,0.3088447177171707,90.16999999999999,0.29760049533843996,90.75999999999999,13.443178916000761
tune_lr_ef21muonusign_unit-gain_0.01724_e15_t,0,lr,ef21muonusign,unit-gain,tune,15,0.017235477520255074,13,0.14333348945246802,95.12222222222222,0.2928826340675354,91.07,0.2804979579925537,91.58,13.429327296998963
tune_lr_ef21muonusign_unit-gain_0.01724_e15_t,0,lr,ef21muonusign,unit-gain,tune,15,0.017235477520255074,14,0.1088939641767078,96.36666666666667,0.2829216049194336,91.4,0.26940355348587036,91.8,13.428547363000689
tune_lr_ef21muonusign_unit-gain_0.01724_e15_t,0,lr,ef21muonusign,unit-gain,tune,15,0.017235477520255074,15,0.08866097902986739,97.13555555555556,0.27360266251564025,91.78,0.26466947927474976,92.17999999999999,13.427300232997368
tune_lr_ef21muonusign_unit-gain_0.08_e15_t,0,lr,ef21muonusign,unit-gain,tune,15,0.08000000000000003,0,2.3028948455810547,10.246666666666666,2.302789026641846,10.38,2.3021115951538085,10.34,
tune_lr_ef21muonusign_unit-gain_0.08_e15_t,0,lr,ef21muonusign,unit-gain,tune,15,0.08000000000000003,1,1.6201101908789741,40.76444444444444,1.8677521202087402,38.0,1.8909855869293213,37.7,14.045796942002198
tune_lr_ef21muonusign_unit-gain_0.08_e15_t,0,lr,ef21muonusign,unit-gain,tune,15,0.08000000000000003,2,1.3667246273888483,50.43555555555555,2.0989145980834962,35.53,2.0696641422271727,36.32,13.406564855999022
tune_lr_ef21muonusign_unit-gain_0.08_e15_t,0,lr,ef21muonusign,unit-gain,tune,15,0.08000000000000003,3,1.3005520567152236,52.946666666666665,2.2491336559295654,34.32,2.2751937686920165,33.300000000000004,13.414995314997213
tune_lr_ef21muonusign_unit-gain_0.08_e15_t,0,lr,ef21muonusign,unit-gain,tune,15,0.08000000000000003,4,1.203642869059245,57.13111111111111,1.6939220880508423,43.29,1.68831443939209,44.92,13.421529737999663
tune_lr_ef21muonusign_unit-gain_0.08_e15_t,0,lr,ef21muonusign,unit-gain,tune,15,0.08000000000000003,5,1.1230253491719564,60.04222222222222,1.1015657135009767,60.75000000000001,1.1128913208007813,60.540000000000006,13.421896732997993
tune_lr_ef21muonusign_unit-gain_0.08_e15_t,0,lr,ef21muonusign,unit-gain,tune,15,0.08000000000000003,6,1.0512029607137043,63.13333333333333,1.2954527578353883,55.88999999999999,1.312155193901062,55.620000000000005,13.423731048998889
tune_lr_ef21muonusign_unit-gain_0.08_e15_t,0,lr,ef21muonusign,unit-gain,tune,15,0.08000000000000003,7,0.9657831920941671,66.17555555555555,1.9026120929718018,48.480000000000004,1.9001527297973633,47.94,13.43608796099943
tune_lr_ef21muonusign_unit-gain_0.08_e15_t,0,lr,ef21muonusign,unit-gain,tune,15,0.08000000000000003,8,0.8924356687545776,69.05111111111111,1.1807979406356812,60.19,1.188696028327942,59.46,13.416242597002565
tune_lr_ef21muonusign_unit-gain_0.08_e15_t,0,lr,ef21muonusign,unit-gain,tune,15,0.08000000000000003,9,0.8125503095414903,71.77111111111111,1.1909253253936767,62.41,1.2203239044189453,60.96,13.407210289999057
tune_lr_ef21muonusign_unit-gain_0.08_e15_t,0,lr,ef21muonusign,unit-gain,tune,15,0.08000000000000003,10,0.7340038329442342,74.59333333333333,0.9601144887924195,69.06,0.941738375377655,69.17999999999999,13.402953362001426
tune_lr_ef21muonusign_unit-gain_0.08_e15_t,0,lr,ef21muonusign,unit-gain,tune,15,0.08000000000000003,11,0.6384337439537048,77.87777777777778,0.8277349615097046,73.9,0.8390508276939392,73.54,13.395549018001475
tune_lr_ef21muonusign_unit-gain_0.08_e15_t,0,lr,ef21muonusign,unit-gain,tune,15,0.08000000000000003,12,0.5414963343090481,81.2488888888889,0.6488331274986268,78.07,0.6722476020812989,77.72,13.399563408001995
tune_lr_ef21muonusign_unit-gain_0.08_e15_t,0,lr,ef21muonusign,unit-gain,tune,15,0.08000000000000003,13,0.4488308718310462,84.72,0.4976955705165863,83.03,0.5086901821136475,82.62,13.393403042999125
tune_lr_ef21muonusign_unit-gain_0.08_e15_t,0,lr,ef21muonusign,unit-gain,tune,15,0.08000000000000003,14,0.3584109601073795,87.67333333333333,0.40645779452323916,86.3,0.4225839882850647,85.28,13.4082322510003
tune_lr_ef21muonusign_unit-gain_0.08_e15_t,0,lr,ef21muonusign,unit-gain,tune,15,0.08000000000000003,15,0.2991596331914266,89.93777777777778,0.3573827639579773,88.0,0.37233625054359437,87.53999999999999,13.394987340998341
tune_lr_ef21signmuon_mup_0.0008_e15_t,0,lr,ef21signmuon,mup,tune,15,0.0008000000000000004,0,2.3028948455810547,10.246666666666666,2.3027890270233153,10.38,2.3021115951538085,10.34,
tune_lr_ef21signmuon_mup_0.0008_e15_t,0,lr,ef21signmuon,mup,tune,15,0.0008000000000000004,1,1.5703254302342733,42.15333333333333,1.1876490411758422,56.53,1.1743648836135865,57.36,13.987693883995235
tune_lr_ef21signmuon_mup_0.0008_e15_t,0,lr,ef21signmuon,mup,tune,15,0.0008000000000000004,2,1.040674690776401,62.76444444444444,0.8958340873718261,67.9,0.9114523162841797,67.24,13.351682376996905
tune_lr_ef21signmuon_mup_0.0008_e15_t,0,lr,ef21signmuon,mup,tune,15,0.0008000000000000004,3,0.7870175473743015,72.4088888888889,0.7047605350494385,75.46000000000001,0.7190423741340637,74.98,13.369198168002185
tune_lr_ef21signmuon_mup_0.0008_e15_t,0,lr,ef21signmuon,mup,tune,15,0.0008000000000000004,4,0.6286000559065077,78.08,0.6436855242729187,77.53999999999999,0.6570438344955445,77.60000000000001,13.383290263001982
tune_lr_ef21signmuon_mup_0.0008_e15_t,0,lr,ef21signmuon,mup,tune,15,0.0008000000000000004,5,0.5301873222880893,81.50222222222222,0.5592936203956604,81.47,0.5664705982208252,81.3,13.381865865994769
tune_lr_ef21signmuon_mup_0.0008_e15_t,0,lr,ef21signmuon,mup,tune,15,0.0008000000000000004,6,0.4511689602110121,84.29111111111112,0.49109184074401857,83.3,0.5041003852844238,82.96,13.390957155999786
tune_lr_ef21signmuon_mup_0.0008_e15_t,0,lr,ef21signmuon,mup,tune,15,0.0008000000000000004,7,0.38616443283292984,86.6288888888889,0.4658396268367767,84.38,0.47071285791397094,84.14,13.381795403998694
tune_lr_ef21signmuon_mup_0.0008_e15_t,0,lr,ef21signmuon,mup,tune,15,0.0008000000000000004,8,0.3362469758775499,88.28444444444445,0.4695361465930939,84.72,0.46875906867980954,84.94,13.390707976999693
tune_lr_ef21signmuon_mup_0.0008_e15_t,0,lr,ef21signmuon,mup,tune,15,0.0008000000000000004,9,0.2893618042945862,89.90444444444444,0.42875008964538575,86.3,0.41573847885131837,86.4,13.388603045001219
tune_lr_ef21signmuon_mup_0.0008_e15_t,0,lr,ef21signmuon,mup,tune,15,0.0008000000000000004,10,0.2541410093943278,91.28,0.4198362648487091,86.61999999999999,0.4132563898563385,86.58,13.379193628003122
tune_lr_ef21signmuon_mup_0.0008_e15_t,0,lr,ef21signmuon,mup,tune,15,0.0008000000000000004,11,0.2252427170753479,92.22666666666667,0.41938118286132814,86.66,0.40847987346649167,87.18,13.380907628001296
tune_lr_ef21signmuon_mup_0.0008_e15_t,0,lr,ef21signmuon,mup,tune,15,0.0008000000000000004,12,0.19817534520361157,93.28,0.40775033988952636,87.28,0.3996009334564209,87.33999999999999,13.380627378995996
tune_lr_ef21signmuon_mup_0.0008_e15_t,0,lr,ef21signmuon,mup,tune,15,0.0008000000000000004,13,0.18774727484650083,93.53777777777778,0.4047129027843475,87.41,0.3937185703277588,87.46000000000001,13.378098573004536
tune_lr_ef21signmuon_mup_0.0008_e15_t,0,lr,ef21signmuon,mup,tune,15,0.0008000000000000004,14,0.17201434160868326,94.22222222222221,0.40325008058547973,87.49,0.38862309885025026,87.68,13.378855716000544
tune_lr_ef21signmuon_mup_0.0008_e15_t,0,lr,ef21signmuon,mup,tune,15,0.0008000000000000004,15,0.16753072346581352,94.3488888888889,0.402318684387207,87.55,0.38977722063064574,87.64,13.378776020996156
tune_lr_ef21signmuon_mup_0.003713_e15_t,0,lr,ef21signmuon,mup,tune,15,0.003713271066890223,0,2.3028948455810547,10.246666666666666,2.3027890270233153,10.38,2.302111595916748,10.34,
tune_lr_ef21signmuon_mup_0.003713_e15_t,0,lr,ef21signmuon,mup,tune,15,0.003713271066890223,1,1.2549025965478686,54.71333333333334,0.8839732886314392,70.37,0.8947921831130982,69.74000000000001,13.970971695998742
tune_lr_ef21signmuon_mup_0.003713_e15_t,0,lr,ef21signmuon,mup,tune,15,0.003713271066890223,2,0.6531845476044549,77.41777777777777,0.6859444327354431,77.55,0.7025809227466583,76.44,13.346834356001636
tune_lr_ef21signmuon_mup_0.003713_e15_t,0,lr,ef21signmuon,mup,tune,15,0.003713271066890223,3,0.4779987365192837,83.6888888888889,0.572005618095398,81.46,0.5561670466423034,81.67999999999999,13.355590400999063
tune_lr_ef21signmuon_mup_0.003713_e15_t,0,lr,ef21signmuon,mup,tune,15,0.003713271066890223,4,0.37833109652731156,86.95333333333333,0.41739918260574344,85.74000000000001,0.4239119511604309,85.08,13.367003056999238
tune_lr_ef21signmuon_mup_0.003713_e15_t,0,lr,ef21signmuon,mup,tune,15,0.003713271066890223,5,0.30798250070677863,89.43333333333334,0.44258430070877075,86.03,0.4205827220439911,85.8,13.369334975002857
tune_lr_ef21signmuon_mup_0.003713_e15_t,0,lr,ef21signmuon,mup,tune,15,0.003713271066890223,6,0.24991674282285903,91.45333333333333,0.35405721826553344,88.37,0.3564712043762207,87.86,13.370050527002604
tune_lr_ef21signmuon_mup_0.003713_e15_t,0,lr,ef21signmuon,mup,tune,15,0.003713271066890223,7,0.19892725597487557,93.1288888888889,0.31630691390037535,89.82,0.31146922693252566,89.64,13.36056399300287
tune_lr_ef21signmuon_mup_0.003713_e15_t,0,lr,ef21signmuon,mup,tune,15,0.003713271066890223,8,0.1575118200911416,94.53555555555555,0.3150381383419037,90.14999999999999,0.30424346170425415,90.36,13.373216211002728
tune_lr_ef21signmuon_mup_0.003713_e15_t,0,lr,ef21signmuon,mup,tune,15,0.003713271066890223,9,0.11889214417669508,96.05111111111111,0.30031077799797057,91.25,0.26729748697280886,91.8,13.367001188002178
tune_lr_ef21signmuon_mup_0.003713_e15_t,0,lr,ef21signmuon,mup,tune,15,0.003713271066890223,10,0.09319577178425259,96.81555555555555,0.30728669290542604,91.23,0.29038211784362794,91.56,13.361073965999822
tune_lr_ef21signmuon_mup_0.003713_e15_t,0,lr,ef21signmuon,mup,tune,15,0.003713271066890223,11,0.06809732797245184,97.72,0.30186095733642576,91.59,0.28484536895751955,91.8,13.359430052994867
tune_lr_ef21signmuon_mup_0.003713_e15_t,0,lr,ef21signmuon,mup,tune,15,0.003713271066890223,12,0.04786164728734228,98.46666666666667,0.2907625363826752,92.12,0.27494375047683717,92.22,13.35957246900216
tune_lr_ef21signmuon_mup_0.003713_e15_t,0,lr,ef21signmuon,mup,tune,15,0.003713271066890223,13,0.038996079556147256,98.75777777777778,0.2881644296646118,92.29,0.27053871097564697,92.54,13.358268476004014
tune_lr_ef21signmuon_mup_0.003713_e15_t,0,lr,ef21signmuon,mup,tune,15,0.003713271066890223,14,0.027574683939086065,99.2088888888889,0.2904637858867645,92.32000000000001,0.26262788219451905,92.82000000000001,13.357778865
tune_lr_ef21signmuon_mup_0.003713_e15_t,0,lr,ef21signmuon,mup,tune,15,0.003713271066890223,15,0.02541747045185831,99.24666666666667,0.2870171699047089,92.51,0.2638293251037598,92.82000000000001,13.357688468997367
tune_lr_ef21signmuon_mup_0.01724_e15_t,0,lr,ef21signmuon,mup,tune,15,0.017235477520255074,0,2.3028948455810547,10.246666666666666,2.302789026641846,10.38,2.3021115951538085,10.34,
tune_lr_ef21signmuon_mup_0.01724_e15_t,0,lr,ef21signmuon,mup,tune,15,0.017235477520255074,1,1.151592373699612,58.56888888888889,0.7627835483551025,73.97,0.7760634976387024,73.61999999999999,13.960256546000892
tune_lr_ef21signmuon_mup_0.01724_e15_t,0,lr,ef21signmuon,mup,tune,15,0.017235477520255074,2,0.5943566648218367,79.63777777777777,0.7687806580543518,76.06,0.7787126008987427,75.72,13.347350668998843
tune_lr_ef21signmuon_mup_0.01724_e15_t,0,lr,ef21signmuon,mup,tune,15,0.017235477520255074,3,0.44411347494125364,84.6888888888889,0.4612478331565857,84.82,0.47118860530853274,84.16,13.358958584001812
tune_lr_ef21signmuon_mup_0.01724_e15_t,0,lr,ef21signmuon,mup,tune,15,0.017235477520255074,4,0.35475497108565435,87.72888888888889,0.40684063386917113,86.14,0.3975009125709534,86.74,13.362489012004517
tune_lr_ef21signmuon_mup_0.01724_e15_t,0,lr,ef21signmuon,mup,tune,15,0.017235477520255074,5,0.2862569117387136,90.19555555555556,0.40179037084579466,87.36,0.3792432884693146,87.6,13.373326038999949
tune_lr_ef21signmuon_mup_0.01724_e15_t,0,lr,ef21signmuon,mup,tune,15,0.017235477520255074,6,0.23545780172877842,91.89555555555555,0.2996363606452942,89.9,0.2976782356262207,90.08,13.37529390099371
tune_lr_ef21signmuon_mup_0.01724_e15_t,0,lr,ef21signmuon,mup,tune,15,0.017235477520255074,7,0.18477239898045858,93.69111111111111,0.3015626214027405,90.53999999999999,0.3067054060935974,90.28,13.364439050004876
tune_lr_ef21signmuon_mup_0.01724_e15_t,0,lr,ef21signmuon,mup,tune,15,0.017235477520255074,8,0.1439578502284156,95.09777777777778,0.30178521375656125,90.86999999999999,0.29278032820224764,91.12,13.365457697000238
tune_lr_ef21signmuon_mup_0.01724_e15_t,0,lr,ef21signmuon,mup,tune,15,0.017235477520255074,9,0.10822245361804962,96.23333333333333,0.2726507632255554,91.8,0.25814039521217347,91.88,13.365371429994411
tune_lr_ef21signmuon_mup_0.01724_e15_t,0,lr,ef21signmuon,mup,tune,15,0.017235477520255074,10,0.08250590597324901,97.26,0.2696256198883057,92.11,0.25321843509674075,92.46,13.368682177002484
tune_lr_ef21signmuon_mup_0.01724_e15_t,0,lr,ef21signmuon,mup,tune,15,0.017235477520255074,11,0.060817526756061446,98.04,0.26512799263000486,92.58,0.25454698667526243,92.60000000000001,13.358492662999197
tune_lr_ef21signmuon_mup_0.01724_e15_t,0,lr,ef21signmuon,mup,tune,15,0.017235477520255074,12,0.04245234111812379,98.64222222222222,0.25906785612106326,93.02,0.2511722625732422,93.2,13.362463983998168
tune_lr_ef21signmuon_mup_0.01724_e15_t,0,lr,ef21signmuon,mup,tune,15,0.017235477520255074,13,0.031048027159439193,99.04888888888888,0.25300801086425784,93.11,0.24753061723709108,93.36,13.364106984998216
tune_lr_ef21signmuon_mup_0.01724_e15_t,0,lr,ef21signmuon,mup,tune,15,0.017235477520255074,14,0.02391429675155216,99.32444444444445,0.2581774751663208,93.2,0.24356975574493409,93.38,13.359936514993024
tune_lr_ef21signmuon_mup_0.01724_e15_t,0,lr,ef21signmuon,mup,tune,15,0.017235477520255074,15,0.019131945843166777,99.51333333333334,0.2532971378803253,93.42,0.24299547777175903,93.32000000000001,13.360892170996522
tune_lr_ef21signmuon_mup_0.08_e15_t,0,lr,ef21signmuon,mup,tune,15,0.08000000000000003,0,2.3028948455810547,10.246666666666666,2.3027890270233153,10.38,2.302111595916748,10.34,
tune_lr_ef21signmuon_mup_0.08_e15_t,0,lr,ef21signmuon,mup,tune,15,0.08000000000000003,1,1.1912719582133824,57.20444444444445,0.7989731749534607,73.08,0.8192939238548279,71.02000000000001,13.960282509004173
tune_lr_ef21signmuon_mup_0.08_e15_t,0,lr,ef21signmuon,mup,tune,15,0.08000000000000003,2,0.6073987391789755,79.19333333333334,0.7251121697425842,76.84,0.7319039105415345,76.74,13.343154509995657
tune_lr_ef21signmuon_mup_0.08_e15_t,0,lr,ef21signmuon,mup,tune,15,0.08000000000000003,3,0.4482486823823717,84.47555555555556,0.4433839835166931,85.50999999999999,0.4525072156906128,85.16,13.360850132004998
tune_lr_ef21signmuon_mup_0.08_e15_t,0,lr,ef21signmuon,mup,tune,15,0.08000000000000003,4,0.353796343337165,87.89111111111112,0.4132138333797455,86.17,0.40150117149353026,86.44,13.367585362000682
tune_lr_ef21signmuon_mup_0.08_e15_t,0,lr,ef21signmuon,mup,tune,15,0.08000000000000003,5,0.2808909751945072,90.35555555555555,0.38343328104019164,87.67,0.3637916310787201,87.72,13.360423929996614
tune_lr_ef21signmuon_mup_0.08_e15_t,0,lr,ef21signmuon,mup,tune,15,0.08000000000000003,6,0.23427123781310188,92.03555555555556,0.3284295683860779,89.33,0.3332067211151123,89.4,13.369034871997428
tune_lr_ef21signmuon_mup_0.08_e15_t,0,lr,ef21signmuon,mup,tune,15,0.08000000000000003,7,0.1817977111895879,93.72444444444444,0.32283328561782837,89.75999999999999,0.3184692801952362,89.64,13.372936017003667
tune_lr_ef21signmuon_mup_0.08_e15_t,0,lr,ef21signmuon,mup,tune,15,0.08000000000000003,8,0.14275279581546785,95.15555555555557,0.2953483565807343,90.75999999999999,0.2937042240977287,90.78,13.369704444005038
tune_lr_ef21signmuon_mup_0.08_e15_t,0,lr,ef21signmuon,mup,tune,15,0.08000000000000003,9,0.10658382033771939,96.32888888888888,0.27603516689538954,91.66,0.26052667713165284,92.16,13.36623654000141
tune_lr_ef21signmuon_mup_0.08_e15_t,0,lr,ef21signmuon,mup,tune,15,0.08000000000000003,10,0.08068890812397003,97.23777777777778,0.2711933783531189,92.05,0.26621204657554626,92.2,13.360479545000999
tune_lr_ef21signmuon_mup_0.08_e15_t,0,lr,ef21signmuon,mup,tune,15,0.08000000000000003,11,0.05839515679511759,98.00888888888889,0.2718425423145294,92.32000000000001,0.26158565278053286,92.02,13.360841254994739
tune_lr_ef21signmuon_mup_0.08_e15_t,0,lr,ef21signmuon,mup,tune,15,0.08000000000000003,12,0.03943809626499812,98.76888888888888,0.2582096587657928,92.91,0.2553088742017746,92.80000000000001,13.365332558998489
tune_lr_ef21signmuon_mup_0.08_e15_t,0,lr,ef21signmuon,mup,tune,15,0.08000000000000003,13,0.029953578195638125,99.10444444444444,0.2618520609855652,92.99,0.2565217842578888,92.84,13.352421444003994
tune_lr_ef21signmuon_mup_0.08_e15_t,0,lr,ef21signmuon,mup,tune,15,0.08000000000000003,14,0.022475478821992873,99.33777777777777,0.2611409361839294,93.15,0.2514334048271179,93.08,13.355731687006482
tune_lr_ef21signmuon_mup_0.08_e15_t,0,lr,ef21signmuon,mup,tune,15,0.08000000000000003,15,0.01813662335185541,99.51777777777778,0.2592594612121582,93.17,0.25138350629806516,93.14,13.356419646996073
tune_lr_ef21signmuon_unit-gain_0.0008_e15_t,0,lr,ef21signmuon,unit-gain,tune,15,0.0008000000000000004,0,2.3028948455810547,10.246666666666666,2.3027890270233153,10.38,2.302111595916748,10.34,
tune_lr_ef21signmuon_unit-gain_0.0008_e15_t,0,lr,ef21signmuon,unit-gain,tune,15,0.0008000000000000004,1,1.5620120652304754,42.504444444444445,1.1724689889907838,57.34,1.16974963722229,57.36,14.060843720002595
tune_lr_ef21signmuon_unit-gain_0.0008_e15_t,0,lr,ef21signmuon,unit-gain,tune,15,0.0008000000000000004,2,1.030297007783254,63.12222222222223,0.899540832901001,67.77,0.9120670454025268,67.52,13.397365847999026
tune_lr_ef21signmuon_unit-gain_0.0008_e15_t,0,lr,ef21signmuon,unit-gain,tune,15,0.0008000000000000004,3,0.7836323532422383,72.47555555555556,0.7017376460552216,75.62,0.7232203995704651,74.88,13.416078439000557
tune_lr_ef21signmuon_unit-gain_0.0008_e15_t,0,lr,ef21signmuon,unit-gain,tune,15,0.0008000000000000004,4,0.6222726079728869,78.35555555555555,0.6149912941932678,79.05,0.6431394863128662,77.5,13.423297020002792
tune_lr_ef21signmuon_unit-gain_0.0008_e15_t,0,lr,ef21signmuon,unit-gain,tune,15,0.0008000000000000004,5,0.5219683327886794,81.69999999999999,0.5346871808052063,82.24000000000001,0.5532696923255921,81.22,13.429027098998631
tune_lr_ef21signmuon_unit-gain_0.0008_e15_t,0,lr,ef21signmuon,unit-gain,tune,15,0.0008000000000000004,6,0.4438906829569075,84.51555555555555,0.4727014229297638,83.78999999999999,0.49339715881347657,83.14,13.441024504001689
tune_lr_ef21signmuon_unit-gain_0.0008_e15_t,0,lr,ef21signmuon,unit-gain,tune,15,0.0008000000000000004,7,0.37675535509321423,87.00888888888889,0.47126784257888793,84.55,0.4895278944015503,84.08,13.44231803799994
tune_lr_ef21signmuon_unit-gain_0.0008_e15_t,0,lr,ef21signmuon,unit-gain,tune,15,0.0008000000000000004,8,0.3261043608877394,88.72222222222223,0.4563617878675461,84.98,0.46787669858932496,84.82,13.44771495600071
tune_lr_ef21signmuon_unit-gain_0.0008_e15_t,0,lr,ef21signmuon,unit-gain,tune,15,0.0008000000000000004,9,0.27769378519588045,90.42,0.4213141627192497,86.33,0.42002974281311034,86.06,13.453114115000062
tune_lr_ef21signmuon_unit-gain_0.0008_e15_t,0,lr,ef21signmuon,unit-gain,tune,15,0.0008000000000000004,10,0.24596400837898255,91.53999999999999,0.4085962426185608,87.06,0.41488247327804567,86.78,13.45348705699871
tune_lr_ef21signmuon_unit-gain_0.0008_e15_t,0,lr,ef21signmuon,unit-gain,tune,15,0.0008000000000000004,11,0.21264824486573536,92.73333333333333,0.41667869119644163,87.44,0.42206211137771604,86.9,13.439673436998419
tune_lr_ef21signmuon_unit-gain_0.0008_e15_t,0,lr,ef21signmuon,unit-gain,tune,15,0.0008000000000000004,12,0.1899527271959517,93.5,0.3953844754457474,87.56,0.40660092735290526,87.68,13.436334860001807
tune_lr_ef21signmuon_unit-gain_0.0008_e15_t,0,lr,ef21signmuon,unit-gain,tune,15,0.0008000000000000004,13,0.17360932020611233,94.08,0.3964263049721718,87.83,0.40613485031127927,87.74,13.432055184999626
tune_lr_ef21signmuon_unit-gain_0.0008_e15_t,0,lr,ef21signmuon,unit-gain,tune,15,0.0008000000000000004,14,0.16069363607565562,94.75111111111111,0.3959604465723038,87.89,0.40062007551193235,87.62,13.434600762997434
tune_lr_ef21signmuon_unit-gain_0.0008_e15_t,0,lr,ef21signmuon,unit-gain,tune,15,0.0008000000000000004,15,0.15451191702948677,94.78444444444445,0.3947912980079651,87.8,0.40141179180145264,87.96000000000001,13.434270224999636
tune_lr_ef21signmuon_unit-gain_0.003713_e15_t,0,lr,ef21signmuon,unit-gain,tune,15,0.003713271066890223,0,2.3028948455810547,10.246666666666666,2.3027890270233153,10.38,2.3021115951538085,10.34,
tune_lr_ef21signmuon_unit-gain_0.003713_e15_t,0,lr,ef21signmuon,unit-gain,tune,15,0.003713271066890223,1,1.2551236100832621,54.44,0.8012413499832153,72.13000000000001,0.8116477967262268,71.86,14.0605738330014
tune_lr_ef21signmuon_unit-gain_0.003713_e15_t,0,lr,ef21signmuon,unit-gain,tune,15,0.003713271066890223,2,0.6562984693050384,77.37333333333333,0.7681707312107087,74.77000000000001,0.7807888663291931,74.16,13.438009487003
tune_lr_ef21signmuon_unit-gain_0.003713_e15_t,0,lr,ef21signmuon,unit-gain,tune,15,0.003713271066890223,3,0.48913566892411975,83.25111111111111,0.5314469172477723,82.44,0.5460001692295074,81.67999999999999,13.444840121999732
tune_lr_ef21signmuon_unit-gain_0.003713_e15_t,0,lr,ef21signmuon,unit-gain,tune,15,0.003713271066890223,4,0.39602564991315203,86.45777777777778,0.41907023029327395,85.8,0.41861964149475095,86.46000000000001,13.450547878997895
tune_lr_ef21signmuon_unit-gain_0.003713_e15_t,0,lr,ef21signmuon,unit-gain,tune,15,0.003713271066890223,5,0.3286193647225698,88.60222222222222,0.4370472271442413,85.52,0.43176680793762207,85.84,13.454120104997855
tune_lr_ef21signmuon_unit-gain_0.003713_e15_t,0,lr,ef21signmuon,unit-gain,tune,15,0.003713271066890223,6,0.27673798497517904,90.58,0.3668827562332153,88.01,0.36953970756530763,88.1,13.454273235001892
tune_lr_ef21signmuon_unit-gain_0.003713_e15_t,0,lr,ef21signmuon,unit-gain,tune,15,0.003713271066890223,7,0.22476643897162543,92.24888888888889,0.32781638374328614,89.47,0.31655666937828064,89.8,13.458120403996872
tune_lr_ef21signmuon_unit-gain_0.003713_e15_t,0,lr,ef21signmuon,unit-gain,tune,15,0.003713271066890223,8,0.18733569014337328,93.61333333333334,0.34213437712192535,89.4,0.3301178015708923,89.14,13.457344274000206
tune_lr_ef21signmuon_unit-gain_0.003713_e15_t,0,lr,ef21signmuon,unit-gain,tune,15,0.003713271066890223,9,0.14553490487999388,94.96444444444444,0.3020085497379303,90.69,0.2915532612323761,91.3,13.465536872001394
tune_lr_ef21signmuon_unit-gain_0.003713_e15_t,0,lr,ef21signmuon,unit-gain,tune,15,0.003713271066890223,10,0.1163030163831181,96.07777777777777,0.31327039461135864,90.55,0.30428388142585755,90.96,13.46161601499989
tune_lr_ef21signmuon_unit-gain_0.003713_e15_t,0,lr,ef21signmuon,unit-gain,tune,15,0.003713271066890223,11,0.08540321950515112,97.05111111111111,0.28412943840026855,91.93,0.2805049385070801,91.78,13.455127023997193
tune_lr_ef21signmuon_unit-gain_0.003713_e15_t,0,lr,ef21signmuon,unit-gain,tune,15,0.003713271066890223,12,0.06147184910244412,97.93777777777778,0.28532240295410155,92.11,0.27041284041404723,92.56,13.455095907000214
tune_lr_ef21signmuon_unit-gain_0.003713_e15_t,0,lr,ef21signmuon,unit-gain,tune,15,0.003713271066890223,13,0.0458822559065289,98.57555555555557,0.28262218942642214,92.25999999999999,0.2753549602508545,92.5,13.454989145000582
tune_lr_ef21signmuon_unit-gain_0.003713_e15_t,0,lr,ef21signmuon,unit-gain,tune,15,0.003713271066890223,14,0.032597471039825014,99.03999999999999,0.28273945360183717,92.46,0.2748780407905579,93.02,13.458803154000634
tune_lr_ef21signmuon_unit-gain_0.003713_e15_t,0,lr,ef21signmuon,unit-gain,tune,15,0.003713271066890223,15,0.026791963569323222,99.24444444444444,0.28163021006584166,92.36,0.27562127141952514,92.94,13.451627381000435
tune_lr_ef21signmuon_unit-gain_0.01724_e15_t,0,lr,ef21signmuon,unit-gain,tune,15,0.017235477520255074,0,2.3028948455810547,10.246666666666666,2.3027890270233153,10.38,2.302111595916748,10.34,
tune_lr_ef21signmuon_unit-gain_0.01724_e15_t,0,lr,ef21signmuon,unit-gain,tune,15,0.017235477520255074,1,1.2077922339439393,56.82000000000001,0.9011199438095093,69.03,0.9315998739242554,67.10000000000001,14.073850406999554
tune_lr_ef21signmuon_unit-gain_0.01724_e15_t,0,lr,ef21signmuon,unit-gain,tune,15,0.017235477520255074,2,0.7234752418306138,75.15555555555555,0.8707609741210938,70.73,0.89407251329422,70.46,13.441281588002312
tune_lr_ef21signmuon_unit-gain_0.01724_e15_t,0,lr,ef21signmuon,unit-gain,tune,15,0.017235477520255074,3,0.6260874112235175,78.33111111111111,0.6849505645751953,77.33,0.6981279485225678,77.28,13.44871712800159
tune_lr_ef21signmuon_unit-gain_0.01724_e15_t,0,lr,ef21signmuon,unit-gain,tune,15,0.017235477520255074,4,0.5637428120083279,80.64888888888889,0.6752893398284913,77.56,0.6784641578674316,77.12,13.448789260000922
tune_lr_ef21signmuon_unit-gain_0.01724_e15_t,0,lr,ef21signmuon,unit-gain,tune,15,0.017235477520255074,5,0.5219281917360094,82.08,0.6358959872245789,79.60000000000001,0.6394736097812652,79.38,13.44951655299883
tune_lr_ef21signmuon_unit-gain_0.01724_e15_t,0,lr,ef21signmuon,unit-gain,tune,15,0.017235477520255074,6,0.4739154587427775,83.78,0.5411863069534302,81.41000000000001,0.5428006380081177,81.74,13.463230954999744
tune_lr_ef21signmuon_unit-gain_0.01724_e15_t,0,lr,ef21signmuon,unit-gain,tune,15,0.017235477520255074,7,0.43013713539971243,85.42222222222222,0.5037066863059998,83.98,0.5157417337417602,83.39999999999999,13.455975979002687
tune_lr_ef21signmuon_unit-gain_0.01724_e15_t,0,lr,ef21signmuon,unit-gain,tune,15,0.017235477520255074,8,0.3840963092274136,86.9,0.4005011905908585,86.68,0.3971072340965271,86.22,13.456205167000007
tune_lr_ef21signmuon_unit-gain_0.01724_e15_t,0,lr,ef21signmuon,unit-gain,tune,15,0.017235477520255074,9,0.33132681901719835,88.66444444444444,0.4299923392891884,86.3,0.41326841888427734,86.18,13.450605206002365
tune_lr_ef21signmuon_unit-gain_0.01724_e15_t,0,lr,ef21signmuon,unit-gain,tune,15,0.017235477520255074,10,0.2868596597088708,90.23333333333333,0.3452633434534073,88.94,0.3597034317493439,88.1,13.447895684999821
tune_lr_ef21signmuon_unit-gain_0.01724_e15_t,0,lr,ef21signmuon,unit-gain,tune,15,0.017235477520255074,11,0.2303888455417421,92.06,0.33787378873825075,89.1,0.34208039636611937,89.14,13.45138747799865
tune_lr_ef21signmuon_unit-gain_0.01724_e15_t,0,lr,ef21signmuon,unit-gain,tune,15,0.017235477520255074,12,0.1802100886185964,93.72666666666667,0.30178701894283294,90.92,0.296369578742981,90.44,13.452525590997539
tune_lr_ef21signmuon_unit-gain_0.01724_e15_t,0,lr,ef21signmuon,unit-gain,tune,15,0.017235477520255074,13,0.13818022110992007,95.32222222222222,0.28035592489242556,91.62,0.2654526159286499,91.5,13.450384573003248
tune_lr_ef21signmuon_unit-gain_0.01724_e15_t,0,lr,ef21signmuon,unit-gain,tune,15,0.017235477520255074,14,0.10227467656665379,96.66888888888889,0.28101320314407346,91.81,0.26753268299102784,92.0,13.443322186001751
tune_lr_ef21signmuon_unit-gain_0.01724_e15_t,0,lr,ef21signmuon,unit-gain,tune,15,0.017235477520255074,15,0.08201711024045945,97.34222222222222,0.27058922729492185,92.28,0.25928847799301147,92.25999999999999,13.444212177000736
tune_lr_ef21signmuon_unit-gain_0.08_e15_t,0,lr,ef21signmuon,unit-gain,tune,15,0.08000000000000003,0,2.3028948455810547,10.246666666666666,2.3027890270233153,10.38,2.302111595916748,10.34,
tune_lr_ef21signmuon_unit-gain_0.08_e15_t,0,lr,ef21signmuon,unit-gain,tune,15,0.08000000000000003,1,1.5589626782099406,42.86666666666667,1.5693225923538208,47.589999999999996,1.5313027965545654,47.56,14.041438395001023
tune_lr_ef21signmuon_unit-gain_0.08_e15_t,0,lr,ef21signmuon,unit-gain,tune,15,0.08000000000000003,2,1.2975699639638265,52.89555555555555,1.6189197832107545,42.94,1.5949825393676758,43.480000000000004,13.412550392000412
tune_lr_ef21signmuon_unit-gain_0.08_e15_t,0,lr,ef21signmuon,unit-gain,tune,15,0.08000000000000003,3,1.2432080565134684,55.275555555555556,1.499737133026123,47.08,1.4856929391860962,48.22,13.412165427002037
tune_lr_ef21signmuon_unit-gain_0.08_e15_t,0,lr,ef21signmuon,unit-gain,tune,15,0.08000000000000003,4,1.1459768218570285,59.34222222222222,1.4917755687713623,50.3,1.5161893997192384,49.5,13.433420675002708
tune_lr_ef21signmuon_unit-gain_0.08_e15_t,0,lr,ef21signmuon,unit-gain,tune,15,0.08000000000000003,5,1.0628747909651863,62.3111111111111,1.4174400747299194,52.959999999999994,1.4210198033332824,54.14,13.42887217599855
tune_lr_ef21signmuon_unit-gain_0.08_e15_t,0,lr,ef21signmuon,unit-gain,tune,15,0.08000000000000003,6,0.9937401003731622,65.2911111111111,1.6625151973724366,48.82,1.693605292892456,48.339999999999996,13.428074644001754
tune_lr_ef21signmuon_unit-gain_0.08_e15_t,0,lr,ef21signmuon,unit-gain,tune,15,0.08000000000000003,7,0.9156336805555556,67.99333333333333,0.9499639276504517,66.93,0.9858825549125672,66.74,13.435373300999345
tune_lr_ef21signmuon_unit-gain_0.08_e15_t,0,lr,ef21signmuon,unit-gain,tune,15,0.08000000000000003,8,0.8375773359192742,70.81111111111112,1.0672986129760742,63.349999999999994,1.0555618426322937,63.5,13.431560984001408
tune_lr_ef21signmuon_unit-gain_0.08_e15_t,0,lr,ef21signmuon,unit-gain,tune,15,0.08000000000000003,9,0.7628936056772868,73.56666666666666,0.9508280953407288,69.56,0.9906702571868896,68.10000000000001,13.42378284300139
tune_lr_ef21signmuon_unit-gain_0.08_e15_t,0,lr,ef21signmuon,unit-gain,tune,15,0.08000000000000003,10,0.6805106433020698,76.44888888888889,0.6974518845558166,75.79,0.6750794858455658,76.68,13.407168891000765
tune_lr_ef21signmuon_unit-gain_0.08_e15_t,0,lr,ef21signmuon,unit-gain,tune,15,0.08000000000000003,11,0.5968598712391323,79.38,0.7310586767196655,76.38000000000001,0.74049973487854,75.08,13.414277734998905
tune_lr_ef21signmuon_unit-gain_0.08_e15_t,0,lr,ef21signmuon,unit-gain,tune,15,0.08000000000000003,12,0.5052358141899109,82.65333333333334,0.5852702984809875,79.65,0.6009269794464112,80.24,13.395544025999698
tune_lr_ef21signmuon_unit-gain_0.08_e15_t,0,lr,ef21signmuon,unit-gain,tune,15,0.08000000000000003,13,0.4167261061138577,85.73555555555555,0.48774044952392576,83.42,0.4972108615875244,83.24000000000001,13.410091793000902
tune_lr_ef21signmuon_unit-gain_0.08_e15_t,0,lr,ef21signmuon,unit-gain,tune,15,0.08000000000000003,14,0.3298291116926405,88.64444444444445,0.37294027695655824,87.6,0.38174757537841797,87.24,13.406020767000882
tune_lr_ef21signmuon_unit-gain_0.08_e15_t,0,lr,ef21signmuon,unit-gain,tune,15,0.08000000000000003,15,0.2689246500915951,90.83111111111111,0.3417463739156723,88.68,0.3507907009124756,88.34,13.400236084999051
tune_lr_muon_mup_0.0015_e15_t,0,lr,muon,mup,tune,15,0.0015000000000000005,0,2.302894845920139,10.246666666666666,2.3027890270233153,10.38,2.3021115951538085,10.34,
tune_lr_muon_mup_0.0015_e15_t,0,lr,muon,mup,tune,15,0.0015000000000000005,1,1.4035719456354776,48.891111111111115,0.9799797278404235,65.16999999999999,0.9929960445404052,64.74,13.556089639001584
tune_lr_muon_mup_0.0015_e15_t,0,lr,muon,mup,tune,15,0.0015000000000000005,2,0.808597479862637,71.61555555555556,0.6913721693992615,75.79,0.7227332147598267,75.02,12.92376848999993
tune_lr_muon_mup_0.0015_e15_t,0,lr,muon,mup,tune,15,0.0015000000000000005,3,0.5861499270651076,79.61777777777777,0.5668785403251648,80.69,0.5832109647750855,80.0,12.935220520004805
tune_lr_muon_mup_0.0015_e15_t,0,lr,muon,mup,tune,15,0.0015000000000000005,4,0.4659095464706421,84.0,0.47985991773605347,83.43,0.4912910390377045,83.08,12.948647187004099
tune_lr_muon_mup_0.0015_e15_t,0,lr,muon,mup,tune,15,0.0015000000000000005,5,0.38160468002955117,86.61555555555556,0.456279972743988,84.92,0.4699670238494873,84.0,12.947093723996659
tune_lr_muon_mup_0.0015_e15_t,0,lr,muon,mup,tune,15,0.0015000000000000005,6,0.31328408885002135,89.13111111111111,0.40969783067703247,86.36,0.41804782600402834,86.06,12.958382088996586
tune_lr_muon_mup_0.0015_e15_t,0,lr,muon,mup,tune,15,0.0015000000000000005,7,0.2617115161154005,91.02888888888889,0.3692892726898193,87.87,0.36808926839828493,87.92,12.950870616004977
tune_lr_muon_mup_0.0015_e15_t,0,lr,muon,mup,tune,15,0.0015000000000000005,8,0.21512889227337306,92.5,0.36878088331222536,88.29,0.36743336524963377,88.0,12.95186840500537
tune_lr_muon_mup_0.0015_e15_t,0,lr,muon,mup,tune,15,0.0015000000000000005,9,0.1717067733923594,94.16,0.351029687833786,88.94,0.34575741748809813,89.08,12.946874137996929
tune_lr_muon_mup_0.0015_e15_t,0,lr,muon,mup,tune,15,0.0015000000000000005,10,0.140791567463345,95.30444444444444,0.3398374884605408,89.53,0.33033542919158937,89.82,12.943384357000468
tune_lr_muon_mup_0.0015_e15_t,0,lr,muon,mup,tune,15,0.0015000000000000005,11,0.11175346284707387,96.27777777777777,0.34562843351364136,89.59,0.3469382089614868,89.48,12.937997986002301
tune_lr_muon_mup_0.0015_e15_t,0,lr,muon,mup,tune,15,0.0015000000000000005,12,0.09009501729276445,96.99555555555555,0.3366333399772644,90.34,0.3290106605529785,90.53999999999999,12.943680884003697
tune_lr_muon_mup_0.0015_e15_t,0,lr,muon,mup,tune,15,0.0015000000000000005,13,0.07767313572300805,97.45777777777778,0.33183539342880247,90.57,0.32161991939544676,90.64,12.939484260001336
tune_lr_muon_mup_0.0015_e15_t,0,lr,muon,mup,tune,15,0.0015000000000000005,14,0.06499190918604533,97.98,0.3332199772834778,90.58,0.31943481578826904,91.08000000000001,12.939328947999456
tune_lr_muon_mup_0.0015_e15_t,0,lr,muon,mup,tune,15,0.0015000000000000005,15,0.06081836458908187,98.02888888888889,0.33283382844924925,90.46,0.3228285394668579,90.96,12.936140198995417
tune_lr_muon_mup_0.006962_e15_t,0,lr,muon,mup,tune,15,0.006962383250419168,0,2.3028948455810547,10.246666666666666,2.3027890270233153,10.38,2.3021115951538085,10.34,
tune_lr_muon_mup_0.006962_e15_t,0,lr,muon,mup,tune,15,0.006962383250419168,1,1.142712059688568,58.928888888888885,0.6989789417266846,76.24,0.7249477135658264,74.92,13.567492766000214
tune_lr_muon_mup_0.006962_e15_t,0,lr,muon,mup,tune,15,0.006962383250419168,2,0.5952355898062388,79.47555555555556,0.8097705407142639,74.11,0.8101369312286377,73.94,12.934042264001619
tune_lr_muon_mup_0.006962_e15_t,0,lr,muon,mup,tune,15,0.006962383250419168,3,0.44528353055848013,84.80222222222223,0.44326205224990844,85.28,0.4486452507019043,84.82,12.940400723004132
tune_lr_muon_mup_0.006962_e15_t,0,lr,muon,mup,tune,15,0.006962383250419168,4,0.35178188593122695,87.98444444444445,0.42907652277946473,85.11,0.41978981990814207,85.9,12.96002351000061
tune_lr_muon_mup_0.006962_e15_t,0,lr,muon,mup,tune,15,0.006962383250419168,5,0.2834520329369439,90.20666666666666,0.4030281335830688,86.69,0.38460377435684207,87.33999999999999,12.977088468003785
tune_lr_muon_mup_0.006962_e15_t,0,lr,muon,mup,tune,15,0.006962383250419168,6,0.23562642629676395,91.96,0.3542766163825989,88.5,0.3430133182525635,89.14,12.98158229499677
tune_lr_muon_mup_0.006962_e15_t,0,lr,muon,mup,tune,15,0.006962383250419168,7,0.18387456488344403,93.60666666666667,0.29611302795410155,90.42999999999999,0.2898189306259155,90.62,12.980507154003135
tune_lr_muon_mup_0.006962_e15_t,0,lr,muon,mup,tune,15,0.006962383250419168,8,0.1451508317285114,94.95333333333333,0.30521305484771727,90.62,0.325113969039917,90.02,12.976348544005305
tune_lr_muon_mup_0.006962_e15_t,0,lr,muon,mup,tune,15,0.006962383250419168,9,0.10943297027481927,96.24666666666667,0.26927850079536436,91.64999999999999,0.2599552530288696,92.2,12.981250336000812
tune_lr_muon_mup_0.006962_e15_t,0,lr,muon,mup,tune,15,0.006962383250419168,10,0.08307491611904567,97.13333333333334,0.2760308031082153,91.86999999999999,0.2676275728225708,91.86,12.978872421997949
tune_lr_muon_mup_0.006962_e15_t,0,lr,muon,mup,tune,15,0.006962383250419168,11,0.06134046124749713,97.96666666666667,0.26726756839752197,92.25,0.26493396320343016,92.22,12.965476985998976
tune_lr_muon_mup_0.006962_e15_t,0,lr,muon,mup,tune,15,0.006962383250419168,12,0.042640341308381825,98.61999999999999,0.2607290553569794,92.77,0.2443901475906372,93.30000000000001,12.97231743500015
tune_lr_muon_mup_0.006962_e15_t,0,lr,muon,mup,tune,15,0.006962383250419168,13,0.03184194788800346,98.98222222222223,0.25199647579193113,93.17,0.25077902965545656,93.24,12.960596636003174
tune_lr_muon_mup_0.006962_e15_t,0,lr,muon,mup,tune,15,0.006962383250419168,14,0.02247110233704249,99.32,0.257316335773468,93.26,0.24405050506591797,93.52000000000001,12.966226112002914
tune_lr_muon_mup_0.006962_e15_t,0,lr,muon,mup,tune,15,0.006962383250419168,15,0.019519605091545315,99.45111111111112,0.2531930114746094,93.28,0.2456727439880371,93.47999999999999,12.966298481995182
tune_lr_muon_mup_0.03232_e15_t,0,lr,muon,mup,tune,15,0.03231652035047826,0,2.3028948455810547,10.246666666666666,2.3027890270233153,10.38,2.3021115955352784,10.34,
tune_lr_muon_mup_0.03232_e15_t,0,lr,muon,mup,tune,15,0.03231652035047826,1,1.0928658782217238,60.80888888888889,0.6748366464138031,76.73,0.6828665387153625,76.6,13.551549058996898
tune_lr_muon_mup_0.03232_e15_t,0,lr,muon,mup,tune,15,0.03231652035047826,2,0.5730506253136529,80.2911111111111,0.6884670191764831,77.88000000000001,0.6779445465087891,77.53999999999999,12.922050399
tune_lr_muon_mup_0.03232_e15_t,0,lr,muon,mup,tune,15,0.03231652035047826,3,0.42902900429301793,85.36222222222221,0.43866604533195497,85.21,0.45008841581344605,84.88,12.953196164999099
tune_lr_muon_mup_0.03232_e15_t,0,lr,muon,mup,tune,15,0.03231652035047826,4,0.3412821431265937,88.32666666666667,0.40671691002845767,86.33,0.40568756847381593,86.36,12.957397076999769
tune_lr_muon_mup_0.03232_e15_t,0,lr,muon,mup,tune,15,0.03231652035047826,5,0.2763037922647264,90.48444444444445,0.402935054397583,86.94,0.38968672246932984,87.26,12.96535478700389
tune_lr_muon_mup_0.03232_e15_t,0,lr,muon,mup,tune,15,0.03231652035047826,6,0.22728332668940227,92.18222222222222,0.34635182399749753,88.72,0.33175402393341064,89.18,12.96539871099958
tune_lr_muon_mup_0.03232_e15_t,0,lr,muon,mup,tune,15,0.03231652035047826,7,0.182623228597641,93.67111111111112,0.282764431142807,91.02,0.2796395719528198,90.88000000000001,12.957229651001398
tune_lr_muon_mup_0.03232_e15_t,0,lr,muon,mup,tune,15,0.03231652035047826,8,0.13753157401349808,95.25777777777778,0.2776868566036224,91.28,0.27602534914016724,91.34,12.95703410400165
tune_lr_muon_mup_0.03232_e15_t,0,lr,muon,mup,tune,15,0.03231652035047826,9,0.10850036809974246,96.34444444444445,0.2736984355926514,91.79,0.25953390102386475,91.88,12.954205788999388
tune_lr_muon_mup_0.03232_e15_t,0,lr,muon,mup,tune,15,0.03231652035047826,10,0.07884580100774766,97.29555555555555,0.26707802906036376,92.17999999999999,0.2534478098869324,92.44,12.951552032995096
tune_lr_muon_mup_0.03232_e15_t,0,lr,muon,mup,tune,15,0.03231652035047826,11,0.05464758493800958,98.1288888888889,0.2667332857131958,92.69,0.24557258110046387,92.72,12.952094291998947
tune_lr_muon_mup_0.03232_e15_t,0,lr,muon,mup,tune,15,0.03231652035047826,12,0.03930042854415046,98.69111111111111,0.255875066280365,93.08,0.2317787603378296,93.30000000000001,12.947168846003478
tune_lr_muon_mup_0.03232_e15_t,0,lr,muon,mup,tune,15,0.03231652035047826,13,0.029047534578376347,99.08444444444444,0.25795453157424925,93.19,0.22218146555423737,93.86,12.950342413001636
tune_lr_muon_mup_0.03232_e15_t,0,lr,muon,mup,tune,15,0.03231652035047826,14,0.02046932198935085,99.39555555555556,0.25777078194618225,93.31,0.22096925458908082,93.86,12.945984605998092
tune_lr_muon_mup_0.03232_e15_t,0,lr,muon,mup,tune,15,0.03231652035047826,15,0.01693694860935211,99.53777777777778,0.25442770652770996,93.26,0.22033352313041688,93.78,12.94789249299356
tune_lr_muon_mup_0.15_e15_t,0,lr,muon,mup,tune,15,0.15000000000000005,0,2.3028948455810547,10.246666666666666,2.302789026641846,10.38,2.3021115951538085,10.34,
tune_lr_muon_mup_0.15_e15_t,0,lr,muon,mup,tune,15,0.15000000000000005,1,1.1215831005626256,60.02222222222222,0.7072776474952698,76.38000000000001,0.7205125144958496,75.32,13.556337221998547
tune_lr_muon_mup_0.15_e15_t,0,lr,muon,mup,tune,15,0.15000000000000005,2,0.5768244706047906,80.10222222222222,0.6834967312812805,76.97,0.6821933488845825,77.64,12.921980207996967
tune_lr_muon_mup_0.15_e15_t,0,lr,muon,mup,tune,15,0.15000000000000005,3,0.4287866746531592,85.25777777777778,0.4217616408348083,85.91,0.42466282911300657,85.26,12.937812572999974
tune_lr_muon_mup_0.15_e15_t,0,lr,muon,mup,tune,15,0.15000000000000005,4,0.3384107656478882,88.46888888888888,0.4062204416275024,86.61,0.39097192735672,86.44,12.94875150200096
tune_lr_muon_mup_0.15_e15_t,0,lr,muon,mup,tune,15,0.15000000000000005,5,0.2736457701259189,90.63555555555556,0.36495662088394165,88.09,0.35098204460144045,88.14,12.954877263000526
tune_lr_muon_mup_0.15_e15_t,0,lr,muon,mup,tune,15,0.15000000000000005,6,0.2230791173802482,92.30666666666667,0.28988231620788574,90.02,0.3034187201499939,89.84,12.969692570004554
tune_lr_muon_mup_0.15_e15_t,0,lr,muon,mup,tune,15,0.15000000000000005,7,0.1772139803674486,93.75333333333333,0.28606811780929564,90.78,0.28941609721183775,90.68,12.975159269997675
tune_lr_muon_mup_0.15_e15_t,0,lr,muon,mup,tune,15,0.15000000000000005,8,0.13687432752450307,95.26,0.2986691473007202,90.9,0.31124762325286864,90.52,12.963513212998805
tune_lr_muon_mup_0.15_e15_t,0,lr,muon,mup,tune,15,0.15000000000000005,9,0.10478985363112556,96.43555555555555,0.2696120512485504,91.99000000000001,0.254544545006752,91.8,12.960121646996413
tune_lr_muon_mup_0.15_e15_t,0,lr,muon,mup,tune,15,0.15000000000000005,10,0.07901288426518441,97.31777777777778,0.2682401562690735,92.13,0.26690691785812376,92.46,12.947885118999693
tune_lr_muon_mup_0.15_e15_t,0,lr,muon,mup,tune,15,0.15000000000000005,11,0.05488638120094935,98.19111111111111,0.2518462085723877,92.91,0.24253055925369263,92.86,12.956041067001934
tune_lr_muon_mup_0.15_e15_t,0,lr,muon,mup,tune,15,0.15000000000000005,12,0.038824699732992386,98.72444444444444,0.25509317960739136,93.07,0.25049122190475465,92.86,12.964425354999548
tune_lr_muon_mup_0.15_e15_t,0,lr,muon,mup,tune,15,0.15000000000000005,13,0.02881581590374311,99.11333333333333,0.2517376284599304,93.56,0.24779096117019653,93.16,12.96518139699765
tune_lr_muon_mup_0.15_e15_t,0,lr,muon,mup,tune,15,0.15000000000000005,14,0.020924095435274973,99.43333333333332,0.25058056011199953,93.4,0.24499766750335694,93.4,12.95149878799566
tune_lr_muon_mup_0.15_e15_t,0,lr,muon,mup,tune,15,0.15000000000000005,15,0.017434454113576147,99.52,0.2494283549308777,93.49,0.24693750576972961,93.36,12.940086795999378
tune_lr_muon_unit-gain_0.0015_e15_t,0,lr,muon,unit-gain,tune,15,0.0015000000000000005,0,2.3028948455810547,10.246666666666666,2.3027890270233153,10.38,2.3021115951538085,10.34,
tune_lr_muon_unit-gain_0.0015_e15_t,0,lr,muon,unit-gain,tune,15,0.0015000000000000005,1,1.4136309241612752,48.19111111111111,1.0345574403762818,63.44,1.0401093441009521,62.2,13.637044082999637
tune_lr_muon_unit-gain_0.0015_e15_t,0,lr,muon,unit-gain,tune,15,0.0015000000000000005,2,0.813110722817315,71.35111111111111,0.7158368364334107,74.99,0.7502922559738159,74.24,13.025701993999974
tune_lr_muon_unit-gain_0.0015_e15_t,0,lr,muon,unit-gain,tune,15,0.0015000000000000005,3,0.5824589227040609,79.77111111111111,0.5697712213516235,80.64,0.5957581188201905,79.42,13.035241495999799
tune_lr_muon_unit-gain_0.0015_e15_t,0,lr,muon,unit-gain,tune,15,0.0015000000000000005,4,0.4629674273914761,84.01777777777778,0.47413833918571474,83.41,0.4907636187553406,83.34,13.04263460200309
tune_lr_muon_unit-gain_0.0015_e15_t,0,lr,muon,unit-gain,tune,15,0.0015000000000000005,5,0.37527694163852265,87.15333333333334,0.4589242286205292,84.5,0.4768686518192291,84.48,13.04537269699722
tune_lr_muon_unit-gain_0.0015_e15_t,0,lr,muon,unit-gain,tune,15,0.0015000000000000005,6,0.31112649236255224,89.24666666666667,0.3903932201385498,86.61,0.4015907880783081,86.33999999999999,13.048343452999688
tune_lr_muon_unit-gain_0.0015_e15_t,0,lr,muon,unit-gain,tune,15,0.0015000000000000005,7,0.2546323898103502,91.27777777777779,0.3559452187538147,88.37,0.37368866181373595,87.48,13.05231312899923
tune_lr_muon_unit-gain_0.0015_e15_t,0,lr,muon,unit-gain,tune,15,0.0015000000000000005,8,0.20997754049301148,92.75777777777778,0.3865357681274414,87.67,0.4085733156204224,87.68,13.059732743000495
tune_lr_muon_unit-gain_0.0015_e15_t,0,lr,muon,unit-gain,tune,15,0.0015000000000000005,9,0.16629342098500993,94.29777777777778,0.3444021044254303,89.33,0.35197813091278074,88.9,13.060507620000863
tune_lr_muon_unit-gain_0.0015_e15_t,0,lr,muon,unit-gain,tune,15,0.0015000000000000005,10,0.1343014045317968,95.38666666666667,0.33931604714393615,89.66,0.34861259098052977,89.5,13.052253081001254
tune_lr_muon_unit-gain_0.0015_e15_t,0,lr,muon,unit-gain,tune,15,0.0015000000000000005,11,0.10616319498353534,96.38444444444444,0.3462814390659332,89.75999999999999,0.3552052824020386,89.64,13.045094522
tune_lr_muon_unit-gain_0.0015_e15_t,0,lr,muon,unit-gain,tune,15,0.0015000000000000005,12,0.0818765162256029,97.32666666666667,0.32493754091262816,90.69,0.33984348373413087,90.25999999999999,13.045210750999104
tune_lr_muon_unit-gain_0.0015_e15_t,0,lr,muon,unit-gain,tune,15,0.0015000000000000005,13,0.06654728576872083,97.82444444444445,0.3276482570648193,90.75999999999999,0.34872435836791993,90.32,13.045015187999525
tune_lr_muon_unit-gain_0.0015_e15_t,0,lr,muon,unit-gain,tune,15,0.0015000000000000005,14,0.0547602137155003,98.16222222222221,0.32287939643859864,91.05,0.33856062641143797,90.84,13.039114438997785
tune_lr_muon_unit-gain_0.0015_e15_t,0,lr,muon,unit-gain,tune,15,0.0015000000000000005,15,0.05036364240580135,98.47555555555556,0.32214282779693604,91.18,0.3415633109092712,90.60000000000001,13.048129943999811
tune_lr_muon_unit-gain_0.006962_e15_t,0,lr,muon,unit-gain,tune,15,0.006962383250419168,0,2.3028948455810547,10.246666666666666,2.3027890270233153,10.38,2.302111595916748,10.34,
tune_lr_muon_unit-gain_0.006962_e15_t,0,lr,muon,unit-gain,tune,15,0.006962383250419168,1,1.130435717148251,59.166666666666664,0.7291561696052551,76.0,0.7343629560470581,74.5,13.64799234900056
tune_lr_muon_unit-gain_0.006962_e15_t,0,lr,muon,unit-gain,tune,15,0.006962383250419168,2,0.6070163705454932,79.20666666666666,0.6961124572753906,77.03999999999999,0.7182416062355041,76.24,13.024367039000936
tune_lr_muon_unit-gain_0.006962_e15_t,0,lr,muon,unit-gain,tune,15,0.006962383250419168,3,0.47372254215876264,83.67555555555556,0.49134421415328977,83.78,0.4923799095630646,83.42,13.037115099999937
tune_lr_muon_unit-gain_0.006962_e15_t,0,lr,muon,unit-gain,tune,15,0.006962383250419168,4,0.4025315170817905,86.36888888888889,0.4214227734565735,85.72999999999999,0.4280698256492615,85.32,13.040242019000289
tune_lr_muon_unit-gain_0.006962_e15_t,0,lr,muon,unit-gain,tune,15,0.006962383250419168,5,0.34435376559363473,88.1511111111111,0.42013737254142763,86.53,0.4212898231506348,86.26,13.042786515001353
tune_lr_muon_unit-gain_0.006962_e15_t,0,lr,muon,unit-gain,tune,15,0.006962383250419168,6,0.30783973445362517,89.53999999999999,0.412537516784668,86.22999999999999,0.4313649927139282,86.04,13.045969323000463
tune_lr_muon_unit-gain_0.006962_e15_t,0,lr,muon,unit-gain,tune,15,0.006962383250419168,7,0.26271791230307684,90.92444444444445,0.3461118381023407,88.86,0.3626196461677551,88.4,13.048697058999096
tune_lr_muon_unit-gain_0.006962_e15_t,0,lr,muon,unit-gain,tune,15,0.006962383250419168,8,0.22261335606839922,92.47777777777777,0.326527712225914,89.66,0.3348859570980072,88.82,13.046112689997244
tune_lr_muon_unit-gain_0.006962_e15_t,0,lr,muon,unit-gain,tune,15,0.006962383250419168,9,0.18305580217838288,93.74666666666667,0.3014987183332443,90.42999999999999,0.2896742513656616,90.52,13.043984498999635
tune_lr_muon_unit-gain_0.006962_e15_t,0,lr,muon,unit-gain,tune,15,0.006962383250419168,10,0.15126963238981034,94.81555555555555,0.29396061425209047,91.05,0.2993545569419861,90.36,13.043548427001951
tune_lr_muon_unit-gain_0.006962_e15_t,0,lr,muon,unit-gain,tune,15,0.006962383250419168,11,0.11108791818618774,96.11333333333333,0.28511463391780856,91.47999999999999,0.28467558946609495,91.36,13.039610557996639
tune_lr_muon_unit-gain_0.006962_e15_t,0,lr,muon,unit-gain,tune,15,0.006962383250419168,12,0.08207933870951335,97.24000000000001,0.2776943135023117,92.47,0.27515115923881533,92.52,13.035988748000818
tune_lr_muon_unit-gain_0.006962_e15_t,0,lr,muon,unit-gain,tune,15,0.006962383250419168,13,0.05963702304760615,98.06888888888889,0.27277513785362245,92.67999999999999,0.2679586152076721,92.5,13.034910667000077
tune_lr_muon_unit-gain_0.006962_e15_t,0,lr,muon,unit-gain,tune,15,0.006962383250419168,14,0.0435597584883372,98.61555555555556,0.2735439881324768,92.94,0.2657367082595825,92.94,13.035460966002574
tune_lr_muon_unit-gain_0.006962_e15_t,0,lr,muon,unit-gain,tune,15,0.006962383250419168,15,0.03400493805408478,98.9888888888889,0.2674668639659882,93.02,0.2634502383232117,92.74,13.032170665999729
tune_lr_muon_unit-gain_0.03232_e15_t,0,lr,muon,unit-gain,tune,15,0.03231652035047826,0,2.3028948455810547,10.246666666666666,2.3027890270233153,10.38,2.302111595916748,10.34,
tune_lr_muon_unit-gain_0.03232_e15_t,0,lr,muon,unit-gain,tune,15,0.03231652035047826,1,1.206340982638465,56.95555555555556,0.9116837532997132,68.25,0.9203701920509338,68.12,13.657453591000376
tune_lr_muon_unit-gain_0.03232_e15_t,0,lr,muon,unit-gain,tune,15,0.03231652035047826,2,0.8174499631351895,71.69555555555556,0.7966610555648803,73.06,0.782902334022522,72.76,13.02676102499754
tune_lr_muon_unit-gain_0.03232_e15_t,0,lr,muon,unit-gain,tune,15,0.03231652035047826,3,0.756966538090176,73.85333333333334,0.9230708263397217,69.22,0.9326341225624084,69.62,13.035378010001295
tune_lr_muon_unit-gain_0.03232_e15_t,0,lr,muon,unit-gain,tune,15,0.03231652035047826,4,0.7004587258762783,75.94444444444444,0.7379600997924805,74.18,0.7578794004440308,73.48,13.031874939999398
tune_lr_muon_unit-gain_0.03232_e15_t,0,lr,muon,unit-gain,tune,15,0.03231652035047826,5,0.6643719625367058,77.10000000000001,0.7263749304771423,75.72,0.7140968137741089,76.12,13.043479855001351
tune_lr_muon_unit-gain_0.03232_e15_t,0,lr,muon,unit-gain,tune,15,0.03231652035047826,6,0.617865298959944,78.89111111111112,0.6783900088310242,76.68,0.6730363893508912,76.48,13.042625515001419
tune_lr_muon_unit-gain_0.03232_e15_t,0,lr,muon,unit-gain,tune,15,0.03231652035047826,7,0.5677218228446113,80.57333333333332,0.7173834941864013,77.14,0.7112436740875244,77.28,13.039037184000335
tune_lr_muon_unit-gain_0.03232_e15_t,0,lr,muon,unit-gain,tune,15,0.03231652035047826,8,0.5164136523564656,82.36,0.610330376791954,79.54,0.5949933658599853,80.5,13.045476281000447
tune_lr_muon_unit-gain_0.03232_e15_t,0,lr,muon,unit-gain,tune,15,0.03231652035047826,9,0.4593477519406213,84.27555555555556,0.5490690458297729,82.37,0.5273092700004578,82.56,13.042882391000603
tune_lr_muon_unit-gain_0.03232_e15_t,0,lr,muon,unit-gain,tune,15,0.03231652035047826,10,0.4097820079167684,85.89333333333333,0.44661045351028444,85.31,0.4449389331817627,85.64,13.041641232000984
tune_lr_muon_unit-gain_0.03232_e15_t,0,lr,muon,unit-gain,tune,15,0.03231652035047826,11,0.3371126161151462,88.45111111111112,0.3915029317378998,86.98,0.40154425654411313,86.76,13.043868509001186
tune_lr_muon_unit-gain_0.03232_e15_t,0,lr,muon,unit-gain,tune,15,0.03231652035047826,12,0.27152871671782597,90.64222222222223,0.3458459007501602,88.19,0.3658945073127747,88.24,13.041970908998337
tune_lr_muon_unit-gain_0.03232_e15_t,0,lr,muon,unit-gain,tune,15,0.03231652035047826,13,0.21119213999112446,92.83333333333333,0.31233611674308775,89.99000000000001,0.3243772442817688,89.84,13.032416001999081
tune_lr_muon_unit-gain_0.03232_e15_t,0,lr,muon,unit-gain,tune,15,0.03231652035047826,14,0.15620550899505614,94.68222222222222,0.2835584146976471,91.34,0.27750062103271483,91.3,13.033244561000174
tune_lr_muon_unit-gain_0.03232_e15_t,0,lr,muon,unit-gain,tune,15,0.03231652035047826,15,0.12471415373749203,95.85555555555555,0.2674484434604645,91.92,0.26011246194839477,91.82000000000001,13.027502262997587
tune_lr_muon_unit-gain_0.15_e15_t,0,lr,muon,unit-gain,tune,15,0.15000000000000005,0,2.3028948455810547,10.246666666666666,2.302789026641846,10.38,2.302111595916748,10.34,
tune_lr_muon_unit-gain_0.15_e15_t,0,lr,muon,unit-gain,tune,15,0.15000000000000005,1,1.6702064337624445,38.275555555555556,1.8392928119659424,35.980000000000004,1.7982536909103393,36.5,13.629577318999509
tune_lr_muon_unit-gain_0.15_e15_t,0,lr,muon,unit-gain,tune,15,0.15000000000000005,2,1.4210577870262995,48.193333333333335,1.939942356300354,35.17,1.9329263605117797,34.82,13.000746063000406
tune_lr_muon_unit-gain_0.15_e15_t,0,lr,muon,unit-gain,tune,15,0.15000000000000005,3,1.3677315607494778,49.94888888888889,2.56085403175354,28.799999999999997,2.554524440765381,29.659999999999997,13.022326842001348
tune_lr_muon_unit-gain_0.15_e15_t,0,lr,muon,unit-gain,tune,15,0.15000000000000005,4,1.3450904735777114,51.23111111111112,1.5634507188796998,45.35,1.5924509136199951,44.04,13.014777095999307
tune_lr_muon_unit-gain_0.15_e15_t,0,lr,muon,unit-gain,tune,15,0.15000000000000005,5,1.3027423917134602,52.68666666666667,1.8049485696792602,38.49,1.802700241279602,38.519999999999996,13.021435912996822
tune_lr_muon_unit-gain_0.15_e15_t,0,lr,muon,unit-gain,tune,15,0.15000000000000005,6,1.2331342194239299,55.58888888888889,2.022017481422424,38.39,2.06590561542511,38.3,13.02267467099955
tune_lr_muon_unit-gain_0.15_e15_t,0,lr,muon,unit-gain,tune,15,0.15000000000000005,7,1.143225104522705,59.168888888888894,1.6006602920532227,48.93,1.6012514350891114,48.82,13.025974848002079
tune_lr_muon_unit-gain_0.15_e15_t,0,lr,muon,unit-gain,tune,15,0.15000000000000005,8,1.0651040625466242,62.63111111111112,1.7365006055831909,48.29,1.73861788520813,47.74,13.030070106000494
tune_lr_muon_unit-gain_0.15_e15_t,0,lr,muon,unit-gain,tune,15,0.15000000000000005,9,0.9918047143194411,64.94444444444444,1.3287918159484864,58.45,1.349363338279724,58.040000000000006,13.026047367999126
tune_lr_muon_unit-gain_0.15_e15_t,0,lr,muon,unit-gain,tune,15,0.15000000000000005,10,0.8955609007093641,68.66444444444444,1.3090276369094849,57.99999999999999,1.3104261306762695,58.96,13.020951170001354
tune_lr_muon_unit-gain_0.15_e15_t,0,lr,muon,unit-gain,tune,15,0.15000000000000005,11,0.7915239775021871,72.71777777777778,0.9189600387573242,69.05,0.9116817705154419,69.17999999999999,13.00782615499702
tune_lr_muon_unit-gain_0.15_e15_t,0,lr,muon,unit-gain,tune,15,0.15000000000000005,12,0.6797609834459093,76.42222222222223,0.7883090955734253,71.96000000000001,0.8133435534000397,72.11999999999999,12.999871879001148
tune_lr_muon_unit-gain_0.15_e15_t,0,lr,muon,unit-gain,tune,15,0.15000000000000005,13,0.5702308063824971,80.38666666666666,0.7202529992103577,76.73,0.7299056840896606,76.06,13.001781937000487
tune_lr_muon_unit-gain_0.15_e15_t,0,lr,muon,unit-gain,tune,15,0.15000000000000005,14,0.4518372598648071,84.53555555555555,0.47220469393730163,84.15,0.4941346734046936,83.02000000000001,12.99685657900045
tune_lr_muon_unit-gain_0.15_e15_t,0,lr,muon,unit-gain,tune,15,0.15000000000000005,15,0.3622981779416402,87.76666666666667,0.39592721643447876,86.56,0.4102975820541382,85.66,13.008404472999246
tune_lr_muonsign_mup_0.005347_e15_t,0,lr,muonsign,mup,tune,15,0.005347110336321924,0,2.3028948455810547,10.246666666666666,2.302789026641846,10.38,2.3021115951538085,10.34,
tune_lr_muonsign_mup_0.005347_e15_t,0,lr,muonsign,mup,tune,15,0.005347110336321924,1,1.8361558151668973,31.362222222222226,1.5369259895324707,41.44,1.5386384286880492,41.3,13.68462735600042
tune_lr_muonsign_mup_0.005347_e15_t,0,lr,muonsign,mup,tune,15,0.005347110336321924,2,1.4749955408732096,45.41555555555556,1.3572585306167602,50.01,1.3492144809722901,50.78,13.04511881399958
tune_lr_muonsign_mup_0.005347_e15_t,0,lr,muonsign,mup,tune,15,0.005347110336321924,3,1.3104580983479819,51.98888888888889,1.2439091037750245,54.47,1.232866421508789,56.14,13.055240613000933
tune_lr_muonsign_mup_0.005347_e15_t,0,lr,muonsign,mup,tune,15,0.005347110336321924,4,1.1889323367436726,56.82000000000001,1.130362612915039,59.199999999999996,1.1122510391235352,60.28,13.06164010700013
tune_lr_muonsign_mup_0.005347_e15_t,0,lr,muonsign,mup,tune,15,0.005347110336321924,5,1.1082157984309726,60.05555555555555,1.074393970966339,62.09,1.0572246313095093,62.08,13.06076745599421
tune_lr_muonsign_mup_0.005347_e15_t,0,lr,muonsign,mup,tune,15,0.005347110336321924,6,1.0437487506230672,62.44888888888889,0.9874607188224792,65.21000000000001,0.9815324009895324,64.72,13.069002397001896
tune_lr_muonsign_mup_0.005347_e15_t,0,lr,muonsign,mup,tune,15,0.005347110336321924,7,0.9795395672056411,64.9088888888889,0.9516713041305542,66.42,0.9544175914764405,66.42,13.073489212001732
tune_lr_muonsign_mup_0.005347_e15_t,0,lr,muonsign,mup,tune,15,0.005347110336321924,8,0.9346627304183113,66.53777777777778,0.9592514646530151,66.36,0.9642515223503113,65.94,13.065590813006565
tune_lr_muonsign_mup_0.005347_e15_t,0,lr,muonsign,mup,tune,15,0.005347110336321924,9,0.896542224460178,67.82444444444444,0.8944009550094605,68.65,0.9099398410797119,67.54,13.064503185996728
tune_lr_muonsign_mup_0.005347_e15_t,0,lr,muonsign,mup,tune,15,0.005347110336321924,10,0.8697026921378241,69.00888888888889,0.8693888817787171,69.24,0.8853899029731751,68.8,13.066482412999903
tune_lr_muonsign_mup_0.005347_e15_t,0,lr,muonsign,mup,tune,15,0.005347110336321924,11,0.8435962023311191,69.70222222222222,0.8399410845756531,70.67,0.8511084596633911,70.0,13.058331494001322
tune_lr_muonsign_mup_0.005347_e15_t,0,lr,muonsign,mup,tune,15,0.005347110336321924,12,0.8254356534851922,70.56,0.823170320224762,70.78999999999999,0.8354353109359741,70.34,13.065747763001127
tune_lr_muonsign_mup_0.005347_e15_t,0,lr,muonsign,mup,tune,15,0.005347110336321924,13,0.8160161880069309,70.97555555555556,0.8199389457702637,70.92,0.8338802020072937,70.64,13.064052480003738
tune_lr_muonsign_mup_0.005347_e15_t,0,lr,muonsign,mup,tune,15,0.005347110336321924,14,0.8062263275358412,71.22,0.8135672966003418,71.08,0.8285607720375061,70.89999999999999,13.072956966003403
tune_lr_muonsign_mup_0.005347_e15_t,0,lr,muonsign,mup,tune,15,0.005347110336321924,15,0.8041207804679871,71.34444444444445,0.8130260149955749,71.2,0.8288644344329834,70.62,13.059224129996437
tune_lr_muonsign_mup_0.02482_e15_t,0,lr,muonsign,mup,tune,15,0.02481908762916731,0,2.3028948455810547,10.246666666666666,2.3027890270233153,10.38,2.302111595916748,10.34,
tune_lr_muonsign_mup_0.02482_e15_t,0,lr,muonsign,mup,tune,15,0.02481908762916731,1,1.5918503771675958,41.06444444444444,1.3245259996414185,51.9,1.3321922594070434,51.839999999999996,13.672411957995791
tune_lr_muonsign_mup_0.02482_e15_t,0,lr,muonsign,mup,tune,15,0.02481908762916731,2,1.1273577116330464,59.260000000000005,1.0140141207695008,63.980000000000004,1.0299010847091674,63.63999999999999,13.035653471000842
tune_lr_muonsign_mup_0.02482_e15_t,0,lr,muonsign,mup,tune,15,0.02481908762916731,3,0.9194133553716871,67.3288888888889,0.9600859351158142,66.92,0.9604099159240722,66.72,13.048948856994684
tune_lr_muonsign_mup_0.02482_e15_t,0,lr,muonsign,mup,tune,15,0.02481908762916731,4,0.7712589116520352,72.64666666666668,0.7285474516868591,73.86,0.7546700589179993,73.4,13.067298854999535
tune_lr_muonsign_mup_0.02482_e15_t,0,lr,muonsign,mup,tune,15,0.02481908762916731,5,0.6708961081928677,76.41111111111111,0.8154181476593018,73.86,0.8094201141357422,72.64,13.067097580002155
tune_lr_muonsign_mup_0.02482_e15_t,0,lr,muonsign,mup,tune,15,0.02481908762916731,6,0.5894565135743883,79.50666666666667,0.6023080223560333,79.47999999999999,0.6234691051483154,78.68,13.068512865997036
tune_lr_muonsign_mup_0.02482_e15_t,0,lr,muonsign,mup,tune,15,0.02481908762916731,7,0.5213877555211385,81.86888888888889,0.5444678791999817,81.27,0.565854462814331,80.80000000000001,13.065088437004306
tune_lr_muonsign_mup_0.02482_e15_t,0,lr,muonsign,mup,tune,15,0.02481908762916731,8,0.4729310212771098,83.44222222222221,0.5461721704006195,81.25,0.5691130187988281,80.32000000000001,13.065363339002943
tune_lr_muonsign_mup_0.02482_e15_t,0,lr,muonsign,mup,tune,15,0.02481908762916731,9,0.42883856904771595,85.07333333333334,0.5120959549665451,83.19,0.5300753067970276,82.28,13.064442192997376
tune_lr_muonsign_mup_0.02482_e15_t,0,lr,muonsign,mup,tune,15,0.02481908762916731,10,0.397767596160041,86.17333333333333,0.4716343605995178,84.22,0.49113714084625243,83.28,13.063916209001036
tune_lr_muonsign_mup_0.02482_e15_t,0,lr,muonsign,mup,tune,15,0.02481908762916731,11,0.36005433367623224,87.29555555555557,0.4478964813709259,85.24000000000001,0.4629143222808838,84.22,13.06340033699962
tune_lr_muonsign_mup_0.02482_e15_t,0,lr,muonsign,mup,tune,15,0.02481908762916731,12,0.3353301462756263,88.39777777777778,0.43976909556388855,85.41,0.45864314737319944,84.76,13.064063425998029
tune_lr_muonsign_mup_0.02482_e15_t,0,lr,muonsign,mup,tune,15,0.02481908762916731,13,0.3206102355533176,88.88666666666667,0.431814497756958,85.7,0.4416423486709595,85.26,13.063148647001071
tune_lr_muonsign_mup_0.02482_e15_t,0,lr,muonsign,mup,tune,15,0.02481908762916731,14,0.30622260603374907,89.58222222222221,0.4255898648738861,85.97,0.4373064956665039,85.48,13.067316020002181
tune_lr_muonsign_mup_0.02482_e15_t,0,lr,muonsign,mup,tune,15,0.02481908762916731,15,0.29831765422821044,89.77555555555556,0.42198972849845884,86.00999999999999,0.4366240674972534,85.28,13.066728214995237
tune_lr_muonsign_mup_0.1152_e15_t,0,lr,muonsign,mup,tune,15,0.11520000000000002,0,2.3028948455810547,10.246666666666666,2.302789026260376,10.38,2.3021115955352784,10.34,
tune_lr_muonsign_mup_0.1152_e15_t,0,lr,muonsign,mup,tune,15,0.11520000000000002,1,1.4269193578296238,48.15333333333333,1.1874051836013795,59.12,1.2223497631072997,57.92,13.704315434995806
tune_lr_muonsign_mup_0.1152_e15_t,0,lr,muonsign,mup,tune,15,0.11520000000000002,2,0.872106927564409,69.01777777777778,0.8108262740135193,71.97,0.8296498382568359,72.04,13.057561750996683
tune_lr_muonsign_mup_0.1152_e15_t,0,lr,muonsign,mup,tune,15,0.11520000000000002,3,0.6539448583496942,77.28,0.6484466033935546,78.14999999999999,0.6580675489425659,77.68,13.076664300002449
tune_lr_muonsign_mup_0.1152_e15_t,0,lr,muonsign,mup,tune,15,0.11520000000000002,4,0.5390077646785312,81.35555555555555,0.5709171825408935,80.58,0.5923520278930664,79.66,13.08504623400222
tune_lr_muonsign_mup_0.1152_e15_t,0,lr,muonsign,mup,tune,15,0.11520000000000002,5,0.4588771105289459,84.02222222222223,0.5556851119041443,81.33,0.5479478391647339,81.76,13.099872780003352
tune_lr_muonsign_mup_0.1152_e15_t,0,lr,muonsign,mup,tune,15,0.11520000000000002,6,0.391004560497072,86.56222222222222,0.45771752490997314,84.67,0.4459884683609009,85.64,13.10124525900028
tune_lr_muonsign_mup_0.1152_e15_t,0,lr,muonsign,mup,tune,15,0.11520000000000002,7,0.33632642662790085,88.28888888888888,0.3941539390563965,86.97,0.40170186343193054,86.58,13.102709803002654
tune_lr_muonsign_mup_0.1152_e15_t,0,lr,muonsign,mup,tune,15,0.11520000000000002,8,0.28747325479189556,89.97333333333334,0.38962394676208495,87.02,0.3758678207397461,87.64,13.103581379000389
tune_lr_muonsign_mup_0.1152_e15_t,0,lr,muonsign,mup,tune,15,0.11520000000000002,9,0.23874401269488865,91.63777777777777,0.34995736372470854,88.63,0.337846559047699,89.14,13.103878807000001
tune_lr_muonsign_mup_0.1152_e15_t,0,lr,muonsign,mup,tune,15,0.11520000000000002,10,0.20647981260087755,92.79333333333334,0.34694176733493803,89.12,0.3347818824768066,89.68,13.103525236998394
tune_lr_muonsign_mup_0.1152_e15_t,0,lr,muonsign,mup,tune,15,0.11520000000000002,11,0.16855178752740224,94.2088888888889,0.3387955891132355,89.53999999999999,0.3217841180801392,89.98,13.100297326003783
tune_lr_muonsign_mup_0.1152_e15_t,0,lr,muonsign,mup,tune,15,0.11520000000000002,12,0.13866171624395582,95.21555555555555,0.32147645950317383,90.35,0.3052689319610596,90.75999999999999,13.09872134699981
tune_lr_muonsign_mup_0.1152_e15_t,0,lr,muonsign,mup,tune,15,0.11520000000000002,13,0.11822439970042971,95.99555555555555,0.307498206949234,90.61,0.2922401475906372,91.28,13.093597706996661
tune_lr_muonsign_mup_0.1152_e15_t,0,lr,muonsign,mup,tune,15,0.11520000000000002,14,0.10339688044124179,96.54888888888888,0.3052676313400269,90.75,0.2855160915374756,91.44,13.089806716998282
tune_lr_muonsign_mup_0.1152_e15_t,0,lr,muonsign,mup,tune,15,0.11520000000000002,15,0.09662954455216725,96.90222222222222,0.30501327323913574,90.73,0.2866758848190308,91.3,13.08403509499476
tune_lr_muonsign_mup_0.5347_e15_t,0,lr,muonsign,mup,tune,15,0.5347110336321922,0,2.3028948455810547,10.246666666666666,2.302789026641846,10.38,2.302111595916748,10.34,
tune_lr_muonsign_mup_0.5347_e15_t,0,lr,muonsign,mup,tune,15,0.5347110336321922,1,1.4822398990631103,45.824444444444445,1.1832531181335448,58.53,1.1894849893569945,59.12,13.689843652005948
tune_lr_muonsign_mup_0.5347_e15_t,0,lr,muonsign,mup,tune,15,0.5347110336321922,2,0.9028565014203389,67.98444444444445,0.8701258104324341,70.27,0.8920942291259766,70.02000000000001,13.061589022996486
tune_lr_muonsign_mup_0.5347_e15_t,0,lr,muonsign,mup,tune,15,0.5347110336321922,3,0.6735621589448717,76.54888888888888,0.63233258228302,78.29,0.6618336891174317,77.34,13.068799801003479
tune_lr_muonsign_mup_0.5347_e15_t,0,lr,muonsign,mup,tune,15,0.5347110336321922,4,0.5512896144972907,80.84222222222223,0.5634731746673584,80.58999999999999,0.576562443447113,79.94,13.075932656000077
tune_lr_muonsign_mup_0.5347_e15_t,0,lr,muonsign,mup,tune,15,0.5347110336321922,5,0.47025112856229145,83.69777777777779,0.5709349534988404,80.63,0.5770136014938354,80.47999999999999,13.080768003004778
tune_lr_muonsign_mup_0.5347_e15_t,0,lr,muonsign,mup,tune,15,0.5347110336321922,6,0.40245008130073545,86.08666666666667,0.4591841561317444,84.63000000000001,0.4692287285804749,83.96000000000001,13.079187142997398
tune_lr_muonsign_mup_0.5347_e15_t,0,lr,muonsign,mup,tune,15,0.5347110336321922,7,0.3433261141565111,88.09555555555556,0.4231162712097168,86.03,0.43464466433525084,85.76,13.081118638001499
tune_lr_muonsign_mup_0.5347_e15_t,0,lr,muonsign,mup,tune,15,0.5347110336321922,8,0.2936834295749664,89.71777777777777,0.3963047151207924,86.92,0.4047224943161011,86.11999999999999,13.082427159999497
tune_lr_muonsign_mup_0.5347_e15_t,0,lr,muonsign,mup,tune,15,0.5347110336321922,9,0.24625691767268712,91.54444444444444,0.3563395126581192,88.44999999999999,0.3567401372909546,88.22,13.08145493399934
tune_lr_muonsign_mup_0.5347_e15_t,0,lr,muonsign,mup,tune,15,0.5347110336321922,10,0.20889950124687617,92.89777777777778,0.34930033407211303,89.07000000000001,0.3568612615585327,88.46000000000001,13.085369724001794
tune_lr_muonsign_mup_0.5347_e15_t,0,lr,muonsign,mup,tune,15,0.5347110336321922,11,0.17212842279805077,93.9511111111111,0.33621145820617676,89.48,0.3458060609817505,89.18,13.080450272005692
tune_lr_muonsign_mup_0.5347_e15_t,0,lr,muonsign,mup,tune,15,0.5347110336321922,12,0.1380070581118266,95.27333333333333,0.31847351651191713,90.27,0.31062931995391846,90.24,13.07479986200633
tune_lr_muonsign_mup_0.5347_e15_t,0,lr,muonsign,mup,tune,15,0.5347110336321922,13,0.11815112550391091,96.03333333333333,0.3040999169111252,90.59,0.3022732048034668,90.46,13.06885163699917
tune_lr_muonsign_mup_0.5347_e15_t,0,lr,muonsign,mup,tune,15,0.5347110336321922,14,0.10137294249534606,96.51777777777778,0.3058361476898193,90.53999999999999,0.2989627229690552,90.68,13.072272377001354
tune_lr_muonsign_mup_0.5347_e15_t,0,lr,muonsign,mup,tune,15,0.5347110336321922,15,0.09247930958138571,96.99777777777778,0.3034282058596611,90.77,0.2970779552459717,90.66,13.077624671001104
tune_lr_muonsign_mup_11.52_e15_t,0,lr,muonsign,mup,tune,15,11.520000000000001,0,2.3028948455810547,10.246666666666666,2.302789026641846,10.38,2.3021115951538085,10.34,
tune_lr_muonsign_mup_11.52_e15_t,0,lr,muonsign,mup,tune,15,11.520000000000001,1,1.7086445130030314,36.977777777777774,1.5172605228424072,45.48,1.5191759105682372,45.800000000000004,13.661475114000496
tune_lr_muonsign_mup_11.52_e15_t,0,lr,muonsign,mup,tune,15,11.520000000000001,2,1.1828183901892768,57.43111111111111,1.1190273859024047,60.74,1.1330603219985962,60.3,13.033941547000722
tune_lr_muonsign_mup_11.52_e15_t,0,lr,muonsign,mup,tune,15,11.520000000000001,3,0.9190172758632236,67.64,0.9481192977905274,67.12,0.9572281145095826,67.24,13.059821720002219
tune_lr_muonsign_mup_11.52_e15_t,0,lr,muonsign,mup,tune,15,11.520000000000001,4,0.7387559524006314,73.86666666666667,0.7616949834823609,73.91,0.7580892832756042,73.48,13.076626727997791
tune_lr_muonsign_mup_11.52_e15_t,0,lr,muonsign,mup,tune,15,11.520000000000001,5,0.6059025669521756,78.89777777777778,0.7101438101768494,76.83,0.7076452397346497,76.66,13.068277940998087
tune_lr_muonsign_mup_11.52_e15_t,0,lr,muonsign,mup,tune,15,11.520000000000001,6,0.5074213020112779,82.48,0.5372715123176575,81.72,0.5430314746856689,81.38,13.076219128997764
tune_lr_muonsign_mup_11.52_e15_t,0,lr,muonsign,mup,tune,15,11.520000000000001,7,0.42880730628437463,85.03111111111112,0.4818930780410767,84.08,0.4757994572162628,84.1,13.075464854999154
tune_lr_muonsign_mup_11.52_e15_t,0,lr,muonsign,mup,tune,15,11.520000000000001,8,0.36530505281554326,87.34444444444445,0.43111673164367675,85.91,0.44250057249069213,85.36,13.07364674499695
tune_lr_muonsign_mup_11.52_e15_t,0,lr,muonsign,mup,tune,15,11.520000000000001,9,0.308978585184945,89.28444444444445,0.40811738109588624,86.75,0.39938100004196164,87.06,13.07374710199656
tune_lr_muonsign_mup_11.52_e15_t,0,lr,muonsign,mup,tune,15,11.520000000000001,10,0.2634388913684421,90.97555555555556,0.37723494081497194,87.49,0.37434853534698487,87.7,13.06838142399647
tune_lr_muonsign_mup_11.52_e15_t,0,lr,muonsign,mup,tune,15,11.520000000000001,11,0.21970607770813835,92.32222222222222,0.3587336389541626,88.29,0.3656242847442627,88.24,13.072102129997802
tune_lr_muonsign_mup_11.52_e15_t,0,lr,muonsign,mup,tune,15,11.520000000000001,12,0.18170503415001762,93.72,0.3505592342853546,89.16,0.3574230983734131,88.94,13.07252556199819
tune_lr_muonsign_mup_11.52_e15_t,0,lr,muonsign,mup,tune,15,11.520000000000001,13,0.15653825489679973,94.64444444444445,0.3297092559337616,89.42,0.3308207256317139,89.16,13.067078189997119
tune_lr_muonsign_mup_11.52_e15_t,0,lr,muonsign,mup,tune,15,11.520000000000001,14,0.13391146659586164,95.5,0.3242270833492279,89.87,0.32635584049224853,89.62,13.06381331099692
tune_lr_muonsign_mup_11.52_e15_t,0,lr,muonsign,mup,tune,15,11.520000000000001,15,0.12395524549484253,95.88,0.31978505568504334,90.21000000000001,0.325416268825531,89.84,13.07315854600165
tune_lr_muonsign_mup_2.482_e15_t,0,lr,muonsign,mup,tune,15,2.48190876291673,0,2.3028948455810547,10.246666666666666,2.3027890270233153,10.38,2.302111595916748,10.34,
tune_lr_muonsign_mup_2.482_e15_t,0,lr,muonsign,mup,tune,15,2.48190876291673,1,1.6233116252687243,40.32888888888888,1.279676082611084,53.65,1.2944907220840454,53.38,13.668069838997326
tune_lr_muonsign_mup_2.482_e15_t,0,lr,muonsign,mup,tune,15,2.48190876291673,2,1.0898710131115383,60.83777777777778,0.9519157016754151,66.74,0.9484537002563477,66.32000000000001,13.050530626002
tune_lr_muonsign_mup_2.482_e15_t,0,lr,muonsign,mup,tune,15,2.48190876291673,3,0.799525207540724,71.81555555555555,0.7255741295814514,74.65,0.7193628551483154,74.6,13.064145093994739
tune_lr_muonsign_mup_2.482_e15_t,0,lr,muonsign,mup,tune,15,2.48190876291673,4,0.6287030365096198,77.84222222222222,0.7764317510604858,74.83999999999999,0.802571182346344,73.6,13.079379981005332
tune_lr_muonsign_mup_2.482_e15_t,0,lr,muonsign,mup,tune,15,2.48190876291673,5,0.5242609278466966,81.70222222222222,0.651337026309967,78.51,0.646520356464386,78.2,13.077793911004846
tune_lr_muonsign_mup_2.482_e15_t,0,lr,muonsign,mup,tune,15,2.48190876291673,6,0.44364462512864006,84.52222222222223,0.4993665693283081,83.2,0.5051896025180816,82.89999999999999,13.072969441003806
tune_lr_muonsign_mup_2.482_e15_t,0,lr,muonsign,mup,tune,15,2.48190876291673,7,0.3776859814749824,86.93555555555555,0.44986893110275267,85.21,0.4552880427122116,85.0,13.076889652002137
tune_lr_muonsign_mup_2.482_e15_t,0,lr,muonsign,mup,tune,15,2.48190876291673,8,0.3240743735101488,88.65333333333332,0.3792917577981949,87.13,0.3798586416244507,86.5,13.079772952005442
tune_lr_muonsign_mup_2.482_e15_t,0,lr,muonsign,mup,tune,15,2.48190876291673,9,0.26760525255733064,90.74222222222222,0.38904276952743533,87.53,0.3775727428436279,87.88,13.073541969999496
tune_lr_muonsign_mup_2.482_e15_t,0,lr,muonsign,mup,tune,15,2.48190876291673,10,0.22928858641783395,92.04444444444444,0.3499208859920502,88.48,0.34620765986442564,88.74,13.076314288002322
tune_lr_muonsign_mup_2.482_e15_t,0,lr,muonsign,mup,tune,15,2.48190876291673,11,0.18977365925576953,93.27333333333333,0.34139172468185425,88.84,0.32986147627830503,88.94,13.082006692995492
tune_lr_muonsign_mup_2.482_e15_t,0,lr,muonsign,mup,tune,15,2.48190876291673,12,0.1555216928376092,94.61111111111111,0.3230003325462341,90.12,0.3034236035108566,90.16,13.065193474998523
tune_lr_muonsign_mup_2.482_e15_t,0,lr,muonsign,mup,tune,15,2.48190876291673,13,0.1303817364056905,95.53333333333333,0.3127474132537842,90.60000000000001,0.2997884431362152,90.34,13.072766367004078
tune_lr_muonsign_mup_2.482_e15_t,0,lr,muonsign,mup,tune,15,2.48190876291673,14,0.1117674741268158,96.24000000000001,0.31312794535160066,90.74,0.2950892072677612,90.86,13.064454164996278
tune_lr_muonsign_mup_2.482_e15_t,0,lr,muonsign,mup,tune,15,2.48190876291673,15,0.10284564956294166,96.65333333333334,0.30914317450523376,90.74,0.29319035634994506,90.78,13.065635609993478
tune_lr_muonsign_unit-gain_0.0034_e15_t,0,lr,muonsign,unit-gain,tune,15,0.003400000000000002,0,2.3028948455810547,10.246666666666666,2.302789026641846,10.38,2.3021115951538085,10.34,
tune_lr_muonsign_unit-gain_0.0034_e15_t,0,lr,muonsign,unit-gain,tune,15,0.003400000000000002,1,1.3572459629906548,50.38444444444444,0.9556367864608765,65.73,0.9781376703262329,65.68,13.741153841001505
tune_lr_muonsign_unit-gain_0.0034_e15_t,0,lr,muonsign,unit-gain,tune,15,0.003400000000000002,2,0.8107424516254002,71.21777777777778,0.7995141065597534,73.09,0.8128330891609192,72.2,13.107329545000539
tune_lr_muonsign_unit-gain_0.0034_e15_t,0,lr,muonsign,unit-gain,tune,15,0.003400000000000002,3,0.6262016357103983,78.18222222222222,0.7080067996740341,76.92,0.7125863800048828,75.9,13.119709581002098
tune_lr_muonsign_unit-gain_0.0034_e15_t,0,lr,muonsign,unit-gain,tune,15,0.003400000000000002,4,0.5198335270987616,82.09777777777778,0.6161313588142395,79.67,0.6146039698600769,79.46,13.123895862998324
tune_lr_muonsign_unit-gain_0.0034_e15_t,0,lr,muonsign,unit-gain,tune,15,0.003400000000000002,5,0.444972204568651,84.55111111111111,0.5697930652618408,81.22,0.5755799288749694,81.24,13.13465941600225
tune_lr_muonsign_unit-gain_0.0034_e15_t,0,lr,muonsign,unit-gain,tune,15,0.003400000000000002,6,0.3863499647352431,86.58888888888889,0.43425124797821046,85.57000000000001,0.4375231750011444,85.56,13.143696007999097
tune_lr_muonsign_unit-gain_0.0034_e15_t,0,lr,muonsign,unit-gain,tune,15,0.003400000000000002,7,0.33123191588189865,88.54222222222222,0.42710504722595216,85.84,0.45376034846305846,85.26,13.143769505000819
tune_lr_muonsign_unit-gain_0.0034_e15_t,0,lr,muonsign,unit-gain,tune,15,0.003400000000000002,8,0.2849257753796048,90.1088888888889,0.35251343417167663,88.35,0.3656035898685455,87.86,13.143563618999906
tune_lr_muonsign_unit-gain_0.0034_e15_t,0,lr,muonsign,unit-gain,tune,15,0.003400000000000002,9,0.23718907335599262,91.74,0.3443318416118622,88.37,0.35195484590530396,88.58,13.144600420000643
tune_lr_muonsign_unit-gain_0.0034_e15_t,0,lr,muonsign,unit-gain,tune,15,0.003400000000000002,10,0.20173754768371582,93.03555555555556,0.32341085696220395,89.84,0.33518527565002443,88.96,13.143431690001307
tune_lr_muonsign_unit-gain_0.0034_e15_t,0,lr,muonsign,unit-gain,tune,15,0.003400000000000002,11,0.16192716637452442,94.28666666666666,0.3120734268665314,89.92999999999999,0.317580250453949,90.36,13.139221911002096
tune_lr_muonsign_unit-gain_0.0034_e15_t,0,lr,muonsign,unit-gain,tune,15,0.003400000000000002,12,0.13278788756529492,95.33333333333334,0.295976987028122,90.83,0.2940563871383667,90.86,13.130262824000965
tune_lr_muonsign_unit-gain_0.0034_e15_t,0,lr,muonsign,unit-gain,tune,15,0.003400000000000002,13,0.10955797780354817,96.24444444444444,0.2904328586578369,91.11,0.2934685171127319,91.24,13.126553509002406
tune_lr_muonsign_unit-gain_0.0034_e15_t,0,lr,muonsign,unit-gain,tune,15,0.003400000000000002,14,0.09096027239428627,97.01111111111112,0.28697706055641176,91.41,0.2878004879951477,91.3,13.121971213000506
tune_lr_muonsign_unit-gain_0.0034_e15_t,0,lr,muonsign,unit-gain,tune,15,0.003400000000000002,15,0.08203094692760043,97.27111111111111,0.2861124586582184,91.49000000000001,0.2847524613380432,91.47999999999999,13.12272898000083
tune_lr_muonsign_unit-gain_0.01578_e15_t,0,lr,muonsign,unit-gain,tune,15,0.01578140203428345,0,2.3028948455810547,10.246666666666666,2.3027890270233153,10.38,2.3021115951538085,10.34,
tune_lr_muonsign_unit-gain_0.01578_e15_t,0,lr,muonsign,unit-gain,tune,15,0.01578140203428345,1,1.4268361038313973,47.855555555555554,1.2506432691574096,57.13,1.2552592189788818,57.06,13.759535346998746
tune_lr_muonsign_unit-gain_0.01578_e15_t,0,lr,muonsign,unit-gain,tune,15,0.01578140203428345,2,0.9412954428460862,66.8488888888889,0.8763890049934387,70.28999999999999,0.8910652952194213,69.54,13.132892293000623
tune_lr_muonsign_unit-gain_0.01578_e15_t,0,lr,muonsign,unit-gain,tune,15,0.01578140203428345,3,0.7529741347101,73.84666666666668,0.9029086141586303,70.05,0.9507521495819092,68.89999999999999,13.141481267000927
tune_lr_muonsign_unit-gain_0.01578_e15_t,0,lr,muonsign,unit-gain,tune,15,0.01578140203428345,4,0.6588107853359646,77.20444444444445,0.7576730298042298,75.25,0.7887365273475647,73.98,13.14902358999825
tune_lr_muonsign_unit-gain_0.01578_e15_t,0,lr,muonsign,unit-gain,tune,15,0.01578140203428345,5,0.5958405082914564,79.56444444444445,0.6231172117233277,78.86999999999999,0.630896870803833,78.42,13.148413017999701
tune_lr_muonsign_unit-gain_0.01578_e15_t,0,lr,muonsign,unit-gain,tune,15,0.01578140203428345,6,0.5377757639143202,81.62444444444445,0.8735219681739808,72.39,0.878933867931366,72.72,13.15336504899824
tune_lr_muonsign_unit-gain_0.01578_e15_t,0,lr,muonsign,unit-gain,tune,15,0.01578140203428345,7,0.4850092865202162,83.49111111111111,0.6366874871253967,79.02,0.654624733543396,78.92,13.152224283996475
tune_lr_muonsign_unit-gain_0.01578_e15_t,0,lr,muonsign,unit-gain,tune,15,0.01578140203428345,8,0.43537233657836916,85.16222222222221,0.4634993438720703,84.54,0.4689726915359497,83.91999999999999,13.152416575998359
tune_lr_muonsign_unit-gain_0.01578_e15_t,0,lr,muonsign,unit-gain,tune,15,0.01578140203428345,9,0.38264656017621357,86.75333333333334,0.5419482924938201,82.89,0.525918925857544,82.62,13.148541998998553
tune_lr_muonsign_unit-gain_0.01578_e15_t,0,lr,muonsign,unit-gain,tune,15,0.01578140203428345,10,0.33546718034214446,88.44666666666666,0.40138690490722656,86.89,0.40352945556640624,86.58,13.149063427998044
tune_lr_muonsign_unit-gain_0.01578_e15_t,0,lr,muonsign,unit-gain,tune,15,0.01578140203428345,11,0.27867099562750924,90.36222222222221,0.3608514922618866,88.14999999999999,0.35835462398529055,88.53999999999999,13.141728931001126
tune_lr_muonsign_unit-gain_0.01578_e15_t,0,lr,muonsign,unit-gain,tune,15,0.01578140203428345,12,0.22977331065601772,91.97333333333333,0.3346704386472702,89.22,0.3336123197555542,89.25999999999999,13.142304647000856
tune_lr_muonsign_unit-gain_0.01578_e15_t,0,lr,muonsign,unit-gain,tune,15,0.01578140203428345,13,0.1845434463845359,93.68666666666667,0.31390491733551024,90.14999999999999,0.3075444540977478,90.2,13.139094883001235
tune_lr_muonsign_unit-gain_0.01578_e15_t,0,lr,muonsign,unit-gain,tune,15,0.01578140203428345,14,0.14921383941703373,94.92444444444445,0.3027534911632538,90.82000000000001,0.2946050037384033,90.74,13.141194586001802
tune_lr_muonsign_unit-gain_0.01578_e15_t,0,lr,muonsign,unit-gain,tune,15,0.01578140203428345,15,0.12759570428000555,95.70666666666666,0.29456516754627227,91.07,0.28472754478454587,91.25999999999999,13.141010387000279
tune_lr_muonsign_unit-gain_0.07325_e15_t,0,lr,muonsign,unit-gain,tune,15,0.07325077946108408,0,2.3028948455810547,10.246666666666666,2.3027890270233153,10.38,2.302111595916748,10.34,
tune_lr_muonsign_unit-gain_0.07325_e15_t,0,lr,muonsign,unit-gain,tune,15,0.07325077946108408,1,1.7673064845614963,34.166666666666664,1.7202775791168212,37.53,1.721880868911743,37.78,13.738336822003475
tune_lr_muonsign_unit-gain_0.07325_e15_t,0,lr,muonsign,unit-gain,tune,15,0.07325077946108408,2,1.3968817903518678,48.788888888888884,1.860181589126587,36.97,1.8264437421798707,37.580000000000005,13.08846485200047
tune_lr_muonsign_unit-gain_0.07325_e15_t,0,lr,muonsign,unit-gain,tune,15,0.07325077946108408,3,1.2389743016984727,55.25111111111111,1.6148436069488525,48.06,1.5790396636962891,48.42,13.0860953420015
tune_lr_muonsign_unit-gain_0.07325_e15_t,0,lr,muonsign,unit-gain,tune,15,0.07325077946108408,4,1.1191122549480863,59.97555555555556,1.2553685733795166,56.18,1.2594856550216675,56.120000000000005,13.085116408998147
tune_lr_muonsign_unit-gain_0.07325_e15_t,0,lr,muonsign,unit-gain,tune,15,0.07325077946108408,5,0.9825447608206007,65.51555555555557,1.3584680393218995,57.13,1.3604142364501952,55.74,13.059157053998206
tune_lr_muonsign_unit-gain_0.07325_e15_t,0,lr,muonsign,unit-gain,tune,15,0.07325077946108408,6,0.8790106012980143,69.34444444444445,1.2386038877487182,60.41,1.2576040370941162,60.18,13.043232068997895
tune_lr_muonsign_unit-gain_0.07325_e15_t,0,lr,muonsign,unit-gain,tune,15,0.07325077946108408,7,0.8033971924146016,72.12222222222222,0.816809485912323,72.46000000000001,0.8209306267261505,72.46000000000001,13.032835918998899
tune_lr_muonsign_unit-gain_0.07325_e15_t,0,lr,muonsign,unit-gain,tune,15,0.07325077946108408,8,0.7453851828787061,74.27555555555556,0.7236912054061889,75.09,0.7373089172363281,74.08,13.021792649000417
tune_lr_muonsign_unit-gain_0.07325_e15_t,0,lr,muonsign,unit-gain,tune,15,0.07325077946108408,9,0.6821489746199714,76.32,0.7325196355819702,75.42,0.761467884349823,73.88,13.01687107300313
tune_lr_muonsign_unit-gain_0.07325_e15_t,0,lr,muonsign,unit-gain,tune,15,0.07325077946108408,10,0.6324176566865709,78.14222222222223,0.6762794335365295,77.31,0.6872748657226563,76.5,13.005958820998785
tune_lr_muonsign_unit-gain_0.07325_e15_t,0,lr,muonsign,unit-gain,tune,15,0.07325077946108408,11,0.5705137191030715,80.22888888888889,0.594370110797882,80.04,0.5959724636077881,79.42,13.006833378996816
tune_lr_muonsign_unit-gain_0.07325_e15_t,0,lr,muonsign,unit-gain,tune,15,0.07325077946108408,12,0.5131877079380883,82.39777777777778,0.573166858625412,80.62,0.5929711601257325,79.92,12.999420521999127
tune_lr_muonsign_unit-gain_0.07325_e15_t,0,lr,muonsign,unit-gain,tune,15,0.07325077946108408,13,0.46540799894862706,84.04888888888888,0.5253970494747162,82.26,0.5416432180404663,81.66,12.995772401998693
tune_lr_muonsign_unit-gain_0.07325_e15_t,0,lr,muonsign,unit-gain,tune,15,0.07325077946108408,14,0.41902404844495983,85.54222222222222,0.4685975839138031,84.17,0.4680804419517517,84.5,12.995693888999085
tune_lr_muonsign_unit-gain_0.07325_e15_t,0,lr,muonsign,unit-gain,tune,15,0.07325077946108408,15,0.3898880625830756,86.55333333333334,0.4473856204986572,84.87,0.453239040184021,84.82,13.001744959001371
tune_lr_muonsign_unit-gain_0.34_e15_t,0,lr,muonsign,unit-gain,tune,15,0.3400000000000002,0,2.3028948455810547,10.246666666666666,2.3027890270233153,10.38,2.3021115951538085,10.34,
tune_lr_muonsign_unit-gain_0.34_e15_t,0,lr,muonsign,unit-gain,tune,15,0.3400000000000002,1,2.112257050535414,20.804444444444446,2.494606718826294,13.19,2.478089701843262,12.72,13.716435576003278
tune_lr_muonsign_unit-gain_0.34_e15_t,0,lr,muonsign,unit-gain,tune,15,0.3400000000000002,2,2.0720755130343966,21.293333333333333,2.928098314285278,12.590000000000002,2.910860355758667,12.740000000000002,13.090431371001614
tune_lr_muonsign_unit-gain_0.34_e15_t,0,lr,muonsign,unit-gain,tune,15,0.3400000000000002,3,2.0461984328799776,22.053333333333335,2.1205975538253785,20.22,2.1313810878753663,19.98,13.08588966699972
tune_lr_muonsign_unit-gain_0.34_e15_t,0,lr,muonsign,unit-gain,tune,15,0.3400000000000002,4,2.0078986381954618,23.30666666666667,1.9728744203567505,20.830000000000002,1.9746687385559083,20.7,13.105543294997915
tune_lr_muonsign_unit-gain_0.34_e15_t,0,lr,muonsign,unit-gain,tune,15,0.3400000000000002,5,1.9667900574366253,24.922222222222224,2.5068818391799925,18.16,2.4515143180847168,19.040000000000003,13.102952248002111
tune_lr_muonsign_unit-gain_0.34_e15_t,0,lr,muonsign,unit-gain,tune,15,0.3400000000000002,6,1.928581782107883,26.013333333333332,2.2757454975128173,15.790000000000001,2.276451978683472,15.040000000000001,13.115139591001935
tune_lr_muonsign_unit-gain_0.34_e15_t,0,lr,muonsign,unit-gain,tune,15,0.3400000000000002,7,1.8959182888878716,27.384444444444444,1.9283081199645995,25.919999999999998,1.9601818912506104,25.22,13.109626355002547
tune_lr_muonsign_unit-gain_0.34_e15_t,0,lr,muonsign,unit-gain,tune,15,0.3400000000000002,8,1.8671586127811008,28.59111111111111,1.9055984720230104,25.569999999999997,1.8985826019287109,25.619999999999997,13.103127089001646
tune_lr_muonsign_unit-gain_0.34_e15_t,0,lr,muonsign,unit-gain,tune,15,0.3400000000000002,9,1.8272335201687282,29.995555555555555,1.8997202674865723,26.619999999999997,1.9192571161270142,25.2,13.10397309900145
tune_lr_muonsign_unit-gain_0.34_e15_t,0,lr,muonsign,unit-gain,tune,15,0.3400000000000002,10,1.789734356986152,31.95777777777778,1.9063225833892823,27.529999999999998,1.9210543601989747,25.94,13.09264047400211
tune_lr_muonsign_unit-gain_0.34_e15_t,0,lr,muonsign,unit-gain,tune,15,0.3400000000000002,11,1.719963790766398,34.95333333333333,1.6527858976364136,36.620000000000005,1.6725360933303832,35.6,13.089378234999458
tune_lr_muonsign_unit-gain_0.34_e15_t,0,lr,muonsign,unit-gain,tune,15,0.3400000000000002,12,1.568614854452345,41.31333333333333,1.5189672679901123,43.25,1.526156669807434,43.96,13.095831657999952
tune_lr_muonsign_unit-gain_0.34_e15_t,0,lr,muonsign,unit-gain,tune,15,0.3400000000000002,13,1.2635871527989706,54.186666666666675,1.3812611881256103,50.970000000000006,1.3846994089126587,51.0,13.086974402001943
tune_lr_muonsign_unit-gain_0.34_e15_t,0,lr,muonsign,unit-gain,tune,15,0.3400000000000002,14,0.9569140718248156,66.31333333333333,0.8734136541366577,68.5,0.9072948372840881,66.84,13.09979556899998
tune_lr_muonsign_unit-gain_0.34_e15_t,0,lr,muonsign,unit-gain,tune,15,0.3400000000000002,15,0.7262114686754014,74.94444444444444,0.650302850818634,77.35,0.6763241433143615,75.36,13.090284221998445
tune_lr_muonusign_mup_0.0015_e15_t,0,lr,muonusign,mup,tune,15,0.0015000000000000005,0,2.3028948455810547,10.246666666666666,2.3027890270233153,10.38,2.302111595916748,10.34,
tune_lr_muonusign_mup_0.0015_e15_t,0,lr,muonusign,mup,tune,15,0.0015000000000000005,1,1.4811771285586888,45.72,1.07809345703125,61.519999999999996,1.0809005491256714,61.28,13.629043187997013
tune_lr_muonusign_mup_0.0015_e15_t,0,lr,muonusign,mup,tune,15,0.0015000000000000005,2,0.940816160636478,66.65333333333334,0.7949186245918274,71.81,0.8160476896286011,72.02,12.986705652001547
tune_lr_muonusign_mup_0.0015_e15_t,0,lr,muonusign,mup,tune,15,0.0015000000000000005,3,0.7047115259276496,75.39111111111112,0.6392182103157044,77.63,0.636593875694275,77.88000000000001,13.002108552995196
tune_lr_muonusign_mup_0.0015_e15_t,0,lr,muonusign,mup,tune,15,0.0015000000000000005,4,0.5627066620932685,80.38888888888889,0.5448821696281433,81.32000000000001,0.5639772706985474,80.7,13.009118171001319
tune_lr_muonusign_mup_0.0015_e15_t,0,lr,muonusign,mup,tune,15,0.0015000000000000005,5,0.4729535676956177,83.61555555555556,0.5211443321704865,82.89,0.5237238205909729,82.32000000000001,13.013822137996613
tune_lr_muonusign_mup_0.0015_e15_t,0,lr,muonusign,mup,tune,15,0.0015000000000000005,6,0.4024637450112237,85.94000000000001,0.4552969701766968,84.43,0.45400468883514405,84.6,13.025670622999314
tune_lr_muonusign_mup_0.0015_e15_t,0,lr,muonusign,mup,tune,15,0.0015000000000000005,7,0.3436050074895223,88.2,0.43872380661964416,85.25,0.4460659602642059,85.22,13.019279065003502
tune_lr_muonusign_mup_0.0015_e15_t,0,lr,muonusign,mup,tune,15,0.0015000000000000005,8,0.2960756909370422,89.61555555555556,0.42361936755180357,86.18,0.4408256362915039,85.39999999999999,13.019276294995507
tune_lr_muonusign_mup_0.0015_e15_t,0,lr,muonusign,mup,tune,15,0.0015000000000000005,9,0.25028076705932617,91.34666666666666,0.3791293502807617,87.67,0.3855910138130188,87.32,13.0115307820015
tune_lr_muonusign_mup_0.0015_e15_t,0,lr,muonusign,mup,tune,15,0.0015000000000000005,10,0.2166083383348253,92.40222222222222,0.38307305340766906,87.81,0.39789926385879515,86.88,13.005369991995394
tune_lr_muonusign_mup_0.0015_e15_t,0,lr,muonusign,mup,tune,15,0.0015000000000000005,11,0.18321437775029076,93.61777777777777,0.3767689807891846,87.98,0.39100895586013795,87.74,13.012505033002526
tune_lr_muonusign_mup_0.0015_e15_t,0,lr,muonusign,mup,tune,15,0.0015000000000000005,12,0.1605342455148697,94.44888888888889,0.36179509563446044,88.81,0.37699225912094114,88.14,13.011347971005307
tune_lr_muonusign_mup_0.0015_e15_t,0,lr,muonusign,mup,tune,15,0.0015000000000000005,13,0.14644396693706513,94.9688888888889,0.359550075674057,88.83,0.3671159733772278,88.42,13.017083137994632
tune_lr_muonusign_mup_0.0015_e15_t,0,lr,muonusign,mup,tune,15,0.0015000000000000005,14,0.12964555200735728,95.71333333333332,0.3563917664527893,88.91,0.36677602396011355,88.52,13.007677659996261
tune_lr_muonusign_mup_0.0015_e15_t,0,lr,muonusign,mup,tune,15,0.0015000000000000005,15,0.12865271045102014,95.7088888888889,0.35802897996902466,88.94999999999999,0.36855644359588624,88.58,13.008522226002242
tune_lr_muonusign_mup_0.006962_e15_t,0,lr,muonusign,mup,tune,15,0.006962383250419168,0,2.3028948455810547,10.246666666666666,2.3027890270233153,10.38,2.302111595916748,10.34,
tune_lr_muonusign_mup_0.006962_e15_t,0,lr,muonusign,mup,tune,15,0.006962383250419168,1,1.2074810987048679,56.13333333333333,0.7299514168739318,74.77000000000001,0.733329909992218,73.5,13.610188238002593
tune_lr_muonusign_mup_0.006962_e15_t,0,lr,muonusign,mup,tune,15,0.006962383250419168,2,0.6501896187517378,77.60000000000001,0.6192392118930816,79.47999999999999,0.6315520193099976,78.46,12.994846425994183
tune_lr_muonusign_mup_0.006962_e15_t,0,lr,muonusign,mup,tune,15,0.006962383250419168,3,0.49166067934036256,82.94888888888889,0.5003869139671325,83.3,0.4960461699962616,83.3,12.996908000000985
tune_lr_muonusign_mup_0.006962_e15_t,0,lr,muonusign,mup,tune,15,0.006962383250419168,4,0.39571566598680286,86.44,0.4449376189231873,84.94,0.44240279259681703,85.11999999999999,13.005065386001661
tune_lr_muonusign_mup_0.006962_e15_t,0,lr,muonusign,mup,tune,15,0.006962383250419168,5,0.3281353017171224,88.74444444444445,0.40856685276031496,86.96000000000001,0.39551694812774657,86.22,13.00666599500255
tune_lr_muonusign_mup_0.006962_e15_t,0,lr,muonusign,mup,tune,15,0.006962383250419168,6,0.2741535875134998,90.59333333333333,0.37059514722824094,87.64999999999999,0.3781251618385315,87.4,13.008226901998569
tune_lr_muonusign_mup_0.006962_e15_t,0,lr,muonusign,mup,tune,15,0.006962383250419168,7,0.22290311142603556,92.42,0.3113278784751892,89.68,0.3134710632801056,89.88000000000001,13.012957364000613
tune_lr_muonusign_mup_0.006962_e15_t,0,lr,muonusign,mup,tune,15,0.006962383250419168,8,0.18152249892552694,93.71777777777778,0.3092242968082428,90.05,0.293899245929718,90.44,13.01412984700437
tune_lr_muonusign_mup_0.006962_e15_t,0,lr,muonusign,mup,tune,15,0.006962383250419168,9,0.14297518497308095,95.08444444444444,0.3007474139690399,90.79,0.2799682102441788,91.32000000000001,13.007253167001181
tune_lr_muonusign_mup_0.006962_e15_t,0,lr,muonusign,mup,tune,15,0.006962383250419168,10,0.11420981274445852,96.08444444444444,0.2867037501335144,91.41,0.2715763370513916,91.64,13.010238554001262
tune_lr_muonusign_mup_0.006962_e15_t,0,lr,muonusign,mup,tune,15,0.006962383250419168,11,0.0839716694659657,97.09333333333333,0.29750876140594484,91.82000000000001,0.2847198805809021,91.5,13.00893056300265
tune_lr_muonusign_mup_0.006962_e15_t,0,lr,muonusign,mup,tune,15,0.006962383250419168,12,0.0624617254892985,97.88,0.2845674324989319,92.15,0.2722959765434265,92.24,13.00818455999979
tune_lr_muonusign_mup_0.006962_e15_t,0,lr,muonusign,mup,tune,15,0.006962383250419168,13,0.04913840331700113,98.39777777777778,0.2814297729492187,92.33,0.2669199090957642,92.46,13.010490599997866
tune_lr_muonusign_mup_0.006962_e15_t,0,lr,muonusign,mup,tune,15,0.006962383250419168,14,0.0389197799510426,98.80222222222223,0.28373172969818117,92.43,0.26033964095115664,92.74,13.006498536997242
tune_lr_muonusign_mup_0.006962_e15_t,0,lr,muonusign,mup,tune,15,0.006962383250419168,15,0.03309723159637716,99.06444444444445,0.28174596843719485,92.47999999999999,0.26216181287765505,92.86,13.01156269099738
tune_lr_muonusign_mup_0.03232_e15_t,0,lr,muonusign,mup,tune,15,0.03231652035047826,0,2.3028948455810547,10.246666666666666,2.3027890270233153,10.38,2.3021115951538085,10.34,
tune_lr_muonusign_mup_0.03232_e15_t,0,lr,muonusign,mup,tune,15,0.03231652035047826,1,1.1899149055692884,57.46444444444444,0.8060387260437012,71.89999999999999,0.8185332811355591,71.52,13.62169662899396
tune_lr_muonusign_mup_0.03232_e15_t,0,lr,muonusign,mup,tune,15,0.03231652035047826,2,0.6548259084330664,77.35777777777778,0.6889295022010803,76.7,0.6988669211387635,76.24,12.993501021002885
tune_lr_muonusign_mup_0.03232_e15_t,0,lr,muonusign,mup,tune,15,0.03231652035047826,3,0.5015725877973768,82.68222222222222,0.49451510491371153,83.65,0.5108102252006531,83.06,13.009142139999312
tune_lr_muonusign_mup_0.03232_e15_t,0,lr,muonusign,mup,tune,15,0.03231652035047826,4,0.4046544046137068,85.90222222222222,0.4165994688510895,85.82,0.4148801465034485,85.78,13.007035085000098
tune_lr_muonusign_mup_0.03232_e15_t,0,lr,muonusign,mup,tune,15,0.03231652035047826,5,0.3370992864343855,88.44444444444444,0.39348497648239134,86.94,0.38399990348815916,86.76,13.009611100998882
tune_lr_muonusign_mup_0.03232_e15_t,0,lr,muonusign,mup,tune,15,0.03231652035047826,6,0.28045764916737875,90.28444444444445,0.359029132270813,87.83999999999999,0.3483717127799988,88.22,13.01568842499546
tune_lr_muonusign_mup_0.03232_e15_t,0,lr,muonusign,mup,tune,15,0.03231652035047826,7,0.23015003967285155,92.03777777777778,0.3140756898880005,89.82,0.3190849937438965,89.42,13.023126874999434
tune_lr_muonusign_mup_0.03232_e15_t,0,lr,muonusign,mup,tune,15,0.03231652035047826,8,0.18725978950924344,93.49333333333333,0.30109711112976073,90.29,0.30564192712306976,89.74,13.009769594995305
tune_lr_muonusign_mup_0.03232_e15_t,0,lr,muonusign,mup,tune,15,0.03231652035047826,9,0.1446705954498715,94.94222222222221,0.30751062955856323,90.66,0.2950183285713196,90.53999999999999,13.012778757001797
tune_lr_muonusign_mup_0.03232_e15_t,0,lr,muonusign,mup,tune,15,0.03231652035047826,10,0.11618210943804846,96.07333333333334,0.30314833040237427,90.75,0.30089402256011966,90.72,13.016768695000792
tune_lr_muonusign_mup_0.03232_e15_t,0,lr,muonusign,mup,tune,15,0.03231652035047826,11,0.08785971983340052,96.96666666666667,0.29666205739974977,91.52,0.27562851905822755,91.72,13.016249038999376
tune_lr_muonusign_mup_0.03232_e15_t,0,lr,muonusign,mup,tune,15,0.03231652035047826,12,0.06500397321383158,97.85111111111111,0.28949324593544007,91.71000000000001,0.27258163261413576,92.10000000000001,13.007735355997283
tune_lr_muonusign_mup_0.03232_e15_t,0,lr,muonusign,mup,tune,15,0.03231652035047826,13,0.0509245699054665,98.35111111111111,0.27992007756233217,92.11,0.26135571756362913,92.54,13.010626185001456
tune_lr_muonusign_mup_0.03232_e15_t,0,lr,muonusign,mup,tune,15,0.03231652035047826,14,0.04099318938785129,98.70444444444443,0.28631265301704406,91.9,0.26033190913200377,92.58,13.01178900100058
tune_lr_muonusign_mup_0.03232_e15_t,0,lr,muonusign,mup,tune,15,0.03231652035047826,15,0.03553908847073714,98.97111111111111,0.2860203301906586,91.96,0.2627513578414917,92.7,13.01131023799826
tune_lr_muonusign_mup_0.15_e15_t,0,lr,muonusign,mup,tune,15,0.15000000000000005,0,2.3028948455810547,10.246666666666666,2.3027890270233153,10.38,2.302111595916748,10.34,
tune_lr_muonusign_mup_0.15_e15_t,0,lr,muonusign,mup,tune,15,0.15000000000000005,1,1.2959533128420513,53.34444444444445,0.8843048927307129,69.35,0.8927289766311646,68.47999999999999,13.645905371005938
tune_lr_muonusign_mup_0.15_e15_t,0,lr,muonusign,mup,tune,15,0.15000000000000005,2,0.7093984474605984,75.55555555555556,0.6732821567535401,78.14999999999999,0.6681019832611084,77.56,12.998594664997654
tune_lr_muonusign_mup_0.15_e15_t,0,lr,muonusign,mup,tune,15,0.15000000000000005,3,0.52898893699646,81.57555555555555,0.5216611090660095,82.21000000000001,0.5370421792984009,81.39999999999999,13.024547654000344
tune_lr_muonusign_mup_0.15_e15_t,0,lr,muonusign,mup,tune,15,0.15000000000000005,4,0.42351196863386364,85.3911111111111,0.43005352387428286,85.21,0.4237682260513306,85.02,13.035172866999346
tune_lr_muonusign_mup_0.15_e15_t,0,lr,muonusign,mup,tune,15,0.15000000000000005,5,0.34507842825783624,88.13111111111111,0.4223881413936615,86.25,0.399225399684906,86.88,13.034792878002918
tune_lr_muonusign_mup_0.15_e15_t,0,lr,muonusign,mup,tune,15,0.15000000000000005,6,0.29179087370236717,89.99333333333334,0.36731743545532225,87.59,0.36522093019485474,87.86,13.048809017003805
tune_lr_muonusign_mup_0.15_e15_t,0,lr,muonusign,mup,tune,15,0.15000000000000005,7,0.2379730631351471,91.73777777777778,0.330694099521637,89.38000000000001,0.3271500081062317,89.72,13.046804517995042
tune_lr_muonusign_mup_0.15_e15_t,0,lr,muonusign,mup,tune,15,0.15000000000000005,8,0.19375543875164455,93.39555555555556,0.3225438965797424,90.0,0.30600003757476807,90.34,13.045304177998332
tune_lr_muonusign_mup_0.15_e15_t,0,lr,muonusign,mup,tune,15,0.15000000000000005,9,0.15146397980848947,94.81555555555555,0.30706146788597105,90.51,0.29112619428634645,90.88000000000001,13.04883136299759
tune_lr_muonusign_mup_0.15_e15_t,0,lr,muonusign,mup,tune,15,0.15000000000000005,10,0.12003035617404514,95.91333333333333,0.28555523476600647,91.59,0.27101892552375795,91.74,13.054062524999608
tune_lr_muonusign_mup_0.15_e15_t,0,lr,muonusign,mup,tune,15,0.15000000000000005,11,0.09183177155454954,96.87333333333333,0.2952379061698914,91.63,0.26956163854598997,92.17999999999999,13.048096806000103
tune_lr_muonusign_mup_0.15_e15_t,0,lr,muonusign,mup,tune,15,0.15000000000000005,12,0.06916194210582309,97.66444444444444,0.28676746973991396,91.86,0.2670866005897522,92.62,13.047810102005315
tune_lr_muonusign_mup_0.15_e15_t,0,lr,muonusign,mup,tune,15,0.15000000000000005,13,0.05227536490460237,98.24444444444444,0.2782131736278534,92.35,0.2609325278282166,92.74,13.044365358997311
tune_lr_muonusign_mup_0.15_e15_t,0,lr,muonusign,mup,tune,15,0.15000000000000005,14,0.04209264551401138,98.69333333333333,0.28131699352264405,92.32000000000001,0.2630710964202881,92.84,13.039155888000096
tune_lr_muonusign_mup_0.15_e15_t,0,lr,muonusign,mup,tune,15,0.15000000000000005,15,0.037020158851808975,98.89555555555556,0.27914077467918397,92.47,0.2618514401435852,93.10000000000001,13.04228361800051
tune_lr_muonusign_mup_0.6962_e15_t,0,lr,muonusign,mup,tune,15,0.6962383250419169,0,2.3028948455810547,10.246666666666666,2.3027890270233153,10.38,2.302111595916748,10.34,
tune_lr_muonusign_mup_0.6962_e15_t,0,lr,muonusign,mup,tune,15,0.6962383250419169,1,1.3406065304544237,51.75777777777778,0.9309514245986938,67.43,0.9429125519752503,66.94,13.642586388996278
tune_lr_muonusign_mup_0.6962_e15_t,0,lr,muonusign,mup,tune,15,0.6962383250419169,2,0.7228416022512648,74.73555555555555,0.5903499612808227,79.28,0.6032347522735596,79.24,13.000558054001885
tune_lr_muonusign_mup_0.6962_e15_t,0,lr,muonusign,mup,tune,15,0.6962383250419169,3,0.532394069343143,81.55333333333333,0.5173029726028442,82.44,0.5287571180343628,82.12,13.020801255996048
tune_lr_muonusign_mup_0.6962_e15_t,0,lr,muonusign,mup,tune,15,0.6962383250419169,4,0.42094358789655895,85.4888888888889,0.43780338492393495,85.26,0.450393625831604,84.86,13.024552633003623
tune_lr_muonusign_mup_0.6962_e15_t,0,lr,muonusign,mup,tune,15,0.6962383250419169,5,0.3438592363887363,88.12,0.43215658683776853,85.72999999999999,0.4220153383255005,85.66,13.032023985993874
tune_lr_muonusign_mup_0.6962_e15_t,0,lr,muonusign,mup,tune,15,0.6962383250419169,6,0.2868614886601766,90.12666666666667,0.35699252753257754,88.41,0.35434201478958127,88.36,13.036837321000348
tune_lr_muonusign_mup_0.6962_e15_t,0,lr,muonusign,mup,tune,15,0.6962383250419169,7,0.2334947243001726,91.86222222222223,0.32048381834030154,89.7,0.3277275402069092,89.12,13.025804208002228
tune_lr_muonusign_mup_0.6962_e15_t,0,lr,muonusign,mup,tune,15,0.6962383250419169,8,0.18983293485641478,93.51555555555555,0.3354182063102722,89.46,0.32189693489074706,89.75999999999999,13.035625468000944
tune_lr_muonusign_mup_0.6962_e15_t,0,lr,muonusign,mup,tune,15,0.6962383250419169,9,0.14643600413666832,94.93111111111111,0.3140436790943146,90.78,0.29446791219711305,90.7,13.032179538000491
tune_lr_muonusign_mup_0.6962_e15_t,0,lr,muonusign,mup,tune,15,0.6962383250419169,10,0.11664537106355032,95.95777777777778,0.2951303452014923,91.21000000000001,0.28314370436668396,91.06,13.026673448999645
tune_lr_muonusign_mup_0.6962_e15_t,0,lr,muonusign,mup,tune,15,0.6962383250419169,11,0.08956859627564748,96.97777777777777,0.29126780233383176,91.36999999999999,0.2800409296512604,91.16,13.02107453100325
tune_lr_muonusign_mup_0.6962_e15_t,0,lr,muonusign,mup,tune,15,0.6962383250419169,12,0.06716347295575671,97.84,0.2821309914827347,92.02,0.2690234842300415,91.94,13.02358328399714
tune_lr_muonusign_mup_0.6962_e15_t,0,lr,muonusign,mup,tune,15,0.6962383250419169,13,0.05124642850988441,98.29555555555555,0.28119866065979005,92.07,0.26951472897529605,92.30000000000001,13.020570011001837
tune_lr_muonusign_mup_0.6962_e15_t,0,lr,muonusign,mup,tune,15,0.6962383250419169,14,0.04018424993223614,98.74666666666667,0.28359744005203247,92.33,0.2630729600906372,92.47999999999999,13.024564612998802
tune_lr_muonusign_mup_0.6962_e15_t,0,lr,muonusign,mup,tune,15,0.6962383250419169,15,0.0342412778592772,99.0,0.278021986246109,92.43,0.26821106567382813,92.24,13.019803961004072
tune_lr_muonusign_mup_3.232_e15_t,0,lr,muonusign,mup,tune,15,3.2316520350478246,0,2.3028948455810547,10.246666666666666,2.3027890270233153,10.38,2.302111595916748,10.34,
tune_lr_muonusign_mup_3.232_e15_t,0,lr,muonusign,mup,tune,15,3.2316520350478246,1,1.301392249584198,53.07555555555555,0.9351954261779785,67.28,0.9478507971763611,66.64,13.63943269399897
tune_lr_muonusign_mup_3.232_e15_t,0,lr,muonusign,mup,tune,15,3.2316520350478246,2,0.7142170431772867,74.94666666666666,0.6340295955657959,78.66,0.6316971313476563,78.2,12.999980293992849
tune_lr_muonusign_mup_3.232_e15_t,0,lr,muonusign,mup,tune,15,3.2316520350478246,3,0.5262378320482042,81.93777777777778,0.483888489818573,83.71,0.49514619340896604,82.74000000000001,13.011321197001962
tune_lr_muonusign_mup_3.232_e15_t,0,lr,muonusign,mup,tune,15,3.2316520350478246,4,0.42125138258404204,85.47333333333333,0.4478706201076508,84.91,0.45454731349945066,83.89999999999999,13.015754197003844
tune_lr_muonusign_mup_3.232_e15_t,0,lr,muonusign,mup,tune,15,3.2316520350478246,5,0.3464982789622413,88.02888888888889,0.42253692317008973,85.7,0.4222360187530518,85.58,13.030745265001315
tune_lr_muonusign_mup_3.232_e15_t,0,lr,muonusign,mup,tune,15,3.2316520350478246,6,0.2883822613928053,89.97777777777777,0.3535854350090027,88.39,0.37175681076049805,87.42,13.029020538000623
tune_lr_muonusign_mup_3.232_e15_t,0,lr,muonusign,mup,tune,15,3.2316520350478246,7,0.23361607700453865,91.89111111111112,0.31547736687660216,89.79,0.33647497334480286,89.05999999999999,13.021103056002175
tune_lr_muonusign_mup_3.232_e15_t,0,lr,muonusign,mup,tune,15,3.2316520350478246,8,0.19230947378211552,93.37777777777778,0.31079616751670835,89.96,0.30647213554382324,89.5,13.031503249003435
tune_lr_muonusign_mup_3.232_e15_t,0,lr,muonusign,mup,tune,15,3.2316520350478246,9,0.15049232239193386,94.71555555555555,0.30374533956050875,90.38000000000001,0.2983219259262085,90.34,13.014657212996099
tune_lr_muonusign_mup_3.232_e15_t,0,lr,muonusign,mup,tune,15,3.2316520350478246,10,0.11874897397226758,95.85333333333334,0.2978605471134186,90.88000000000001,0.2962496671676636,91.12,13.015610582995578
tune_lr_muonusign_mup_3.232_e15_t,0,lr,muonusign,mup,tune,15,3.2316520350478246,11,0.08891107104619345,96.99333333333333,0.2897179245471954,91.42,0.2865533086776733,91.8,13.016529259999515
tune_lr_muonusign_mup_3.232_e15_t,0,lr,muonusign,mup,tune,15,3.2316520350478246,12,0.06795084407197105,97.68,0.2834826233863831,92.03,0.2697829553604126,92.56,13.020169556002656
tune_lr_muonusign_mup_3.232_e15_t,0,lr,muonusign,mup,tune,15,3.2316520350478246,13,0.05166995052629047,98.3,0.28366036486625673,92.07,0.26932224702835084,92.32000000000001,13.01040542699775
tune_lr_muonusign_mup_3.232_e15_t,0,lr,muonusign,mup,tune,15,3.2316520350478246,14,0.04086494186984168,98.73555555555555,0.2837255184650421,92.27,0.26932559995651245,92.58,13.015791452002304
tune_lr_muonusign_mup_3.232_e15_t,0,lr,muonusign,mup,tune,15,3.2316520350478246,15,0.03543175430099169,98.96222222222222,0.28283673100471496,92.43,0.2705711151123047,92.60000000000001,13.014850323001156
tune_lr_muonusign_unit-gain_0.0015_e15_t,0,lr,muonusign,unit-gain,tune,15,0.0015000000000000005,0,2.3028948455810547,10.246666666666666,2.3027890270233153,10.38,2.302111595916748,10.34,
tune_lr_muonusign_unit-gain_0.0015_e15_t,0,lr,muonusign,unit-gain,tune,15,0.0015000000000000005,1,1.4754141931321887,45.82666666666667,1.093317571258545,61.24000000000001,1.0984218441009521,60.68,13.68236130099831
tune_lr_muonusign_unit-gain_0.0015_e15_t,0,lr,muonusign,unit-gain,tune,15,0.0015000000000000005,2,0.9332255299568176,66.84,0.8141970925807953,71.15,0.8326008720397949,70.46,13.062740113000473
tune_lr_muonusign_unit-gain_0.0015_e15_t,0,lr,muonusign,unit-gain,tune,15,0.0015000000000000005,3,0.698456808980306,75.66222222222223,0.6716700181484222,77.10000000000001,0.6784348155975342,76.52,13.076014622998628
tune_lr_muonusign_unit-gain_0.0015_e15_t,0,lr,muonusign,unit-gain,tune,15,0.0015000000000000005,4,0.5604723939683702,80.60444444444444,0.5571468980789185,80.77,0.5905658113479614,79.72,13.094366748999164
tune_lr_muonusign_unit-gain_0.0015_e15_t,0,lr,muonusign,unit-gain,tune,15,0.0015000000000000005,5,0.4724023903740777,83.58222222222223,0.4989699451446533,83.44,0.5114882541656494,83.08,13.089366177002375
tune_lr_muonusign_unit-gain_0.0015_e15_t,0,lr,muonusign,unit-gain,tune,15,0.0015000000000000005,6,0.39963987550205654,86.07555555555557,0.45241279330253603,84.42,0.46797733068466185,84.02,13.095651251001982
tune_lr_muonusign_unit-gain_0.0015_e15_t,0,lr,muonusign,unit-gain,tune,15,0.0015000000000000005,7,0.34053585704697503,88.32,0.44729608755111694,85.26,0.46019076566696165,84.92,13.092435120001028
tune_lr_muonusign_unit-gain_0.0015_e15_t,0,lr,muonusign,unit-gain,tune,15,0.0015000000000000005,8,0.2886962140719096,89.94666666666666,0.4373866872787476,85.61,0.4440735276222229,85.56,13.096851095000602
tune_lr_muonusign_unit-gain_0.0015_e15_t,0,lr,muonusign,unit-gain,tune,15,0.0015000000000000005,9,0.24447261075178783,91.48888888888888,0.39241729974746703,87.48,0.3944605316162109,87.06,13.092300076001266
tune_lr_muonusign_unit-gain_0.0015_e15_t,0,lr,muonusign,unit-gain,tune,15,0.0015000000000000005,10,0.2114598696284824,92.74,0.38593487215042116,87.68,0.39425868797302244,87.7,13.085988267001085
tune_lr_muonusign_unit-gain_0.0015_e15_t,0,lr,muonusign,unit-gain,tune,15,0.0015000000000000005,11,0.178495606107182,93.88666666666666,0.3810588107585907,88.42,0.39360156784057615,87.88,13.09194793200004
tune_lr_muonusign_unit-gain_0.0015_e15_t,0,lr,muonusign,unit-gain,tune,15,0.0015000000000000005,12,0.1512076549715466,94.86666666666666,0.3721410448074341,88.86,0.38066216125488284,88.26,13.103405196001404
tune_lr_muonusign_unit-gain_0.0015_e15_t,0,lr,muonusign,unit-gain,tune,15,0.0015000000000000005,13,0.13590977651278177,95.43111111111111,0.36547688364982606,88.81,0.3706278561592102,88.68,13.089216043001215
tune_lr_muonusign_unit-gain_0.0015_e15_t,0,lr,muonusign,unit-gain,tune,15,0.0015000000000000005,14,0.1229529690557056,95.80222222222223,0.36716136960983276,88.92,0.36654987449646,89.1,13.101342896999995
tune_lr_muonusign_unit-gain_0.0015_e15_t,0,lr,muonusign,unit-gain,tune,15,0.0015000000000000005,15,0.11704108714395099,96.16666666666667,0.3653380909919739,88.92999999999999,0.36715416374206544,89.02,13.093271050998737
tune_lr_muonusign_unit-gain_0.006962_e15_t,0,lr,muonusign,unit-gain,tune,15,0.006962383250419168,0,2.3028948455810547,10.246666666666666,2.302789026641846,10.38,2.3021115951538085,10.34,
tune_lr_muonusign_unit-gain_0.006962_e15_t,0,lr,muonusign,unit-gain,tune,15,0.006962383250419168,1,1.2084488881005182,56.153333333333336,0.7582992384910584,73.98,0.7731930063247681,72.6,13.689094160999957
tune_lr_muonusign_unit-gain_0.006962_e15_t,0,lr,muonusign,unit-gain,tune,15,0.006962383250419168,2,0.6691236557324728,76.66444444444444,0.7183162308692932,75.67,0.7152466382026672,75.64,13.064233563000016
tune_lr_muonusign_unit-gain_0.006962_e15_t,0,lr,muonusign,unit-gain,tune,15,0.006962383250419168,3,0.5201077538808186,82.15333333333334,0.564209000825882,81.58999999999999,0.561532898902893,81.24,13.087452149000455
tune_lr_muonusign_unit-gain_0.006962_e15_t,0,lr,muonusign,unit-gain,tune,15,0.006962383250419168,4,0.4286470765802595,85.23777777777778,0.45774862751960754,84.66,0.4471117118835449,84.38,13.08553638399826
tune_lr_muonusign_unit-gain_0.006962_e15_t,0,lr,muonusign,unit-gain,tune,15,0.006962383250419168,5,0.36778585941526626,87.34444444444445,0.4984279335021973,83.76,0.48214608182907104,83.91999999999999,13.090615338001953
tune_lr_muonusign_unit-gain_0.006962_e15_t,0,lr,muonusign,unit-gain,tune,15,0.006962383250419168,6,0.3201071751170688,89.00222222222223,0.3965588200569153,86.72,0.39331904945373536,86.82,13.094371611001407
tune_lr_muonusign_unit-gain_0.006962_e15_t,0,lr,muonusign,unit-gain,tune,15,0.006962383250419168,7,0.2721236013094584,90.62444444444444,0.3596649251937866,88.49000000000001,0.3580440324783325,88.48,13.093817148001108
tune_lr_muonusign_unit-gain_0.006962_e15_t,0,lr,muonusign,unit-gain,tune,15,0.006962383250419168,8,0.23056889697180855,91.92666666666666,0.3469601891517639,89.07000000000001,0.3376748143196106,88.7,13.091737658000056
tune_lr_muonusign_unit-gain_0.006962_e15_t,0,lr,muonusign,unit-gain,tune,15,0.006962383250419168,9,0.18736441899405584,93.5111111111111,0.3141784625291824,90.2,0.2968320709228516,90.42,13.089289756000653
tune_lr_muonusign_unit-gain_0.006962_e15_t,0,lr,muonusign,unit-gain,tune,15,0.006962383250419168,10,0.1529116309483846,94.69777777777779,0.29596761717796327,91.09,0.3005929512023926,90.53999999999999,13.096251642000425
tune_lr_muonusign_unit-gain_0.006962_e15_t,0,lr,muonusign,unit-gain,tune,15,0.006962383250419168,11,0.1180262250582377,95.99777777777778,0.2994502999305725,91.22,0.2953883731842041,91.32000000000001,13.096285294002882
tune_lr_muonusign_unit-gain_0.006962_e15_t,0,lr,muonusign,unit-gain,tune,15,0.006962383250419168,12,0.08765569864908854,97.04666666666667,0.28864293127059937,91.94,0.2663410605430603,91.94,13.088600937997398
tune_lr_muonusign_unit-gain_0.006962_e15_t,0,lr,muonusign,unit-gain,tune,15,0.006962383250419168,13,0.06672065365844303,97.74888888888889,0.2781933172702789,92.24,0.269497998046875,92.24,13.0845090790026
tune_lr_muonusign_unit-gain_0.006962_e15_t,0,lr,muonusign,unit-gain,tune,15,0.006962383250419168,14,0.05131757533152898,98.37555555555556,0.28408368253707883,92.24,0.2680163743972778,92.60000000000001,13.08522866400017
tune_lr_muonusign_unit-gain_0.006962_e15_t,0,lr,muonusign,unit-gain,tune,15,0.006962383250419168,15,0.0430964171356625,98.68,0.2764861626148224,92.39,0.2666469564437866,92.54,13.0719771389995
tune_lr_muonusign_unit-gain_0.03232_e15_t,0,lr,muonusign,unit-gain,tune,15,0.03231652035047826,0,2.3028948455810547,10.246666666666666,2.302789026641846,10.38,2.3021115955352784,10.34,
tune_lr_muonusign_unit-gain_0.03232_e15_t,0,lr,muonusign,unit-gain,tune,15,0.03231652035047826,1,1.2631652747154236,54.29333333333334,0.9427879908561706,66.78,0.9574826791763306,65.62,13.672128432001045
tune_lr_muonusign_unit-gain_0.03232_e15_t,0,lr,muonusign,unit-gain,tune,15,0.03231652035047826,2,0.8156755651156108,71.57777777777777,0.8636657634735108,71.81,0.8529044516563415,70.86,13.042372832998808
tune_lr_muonusign_unit-gain_0.03232_e15_t,0,lr,muonusign,unit-gain,tune,15,0.03231652035047826,3,0.7110366693814596,75.57333333333334,0.7769774532318116,73.65,0.7996116436958313,72.89999999999999,13.066382917000738
tune_lr_muonusign_unit-gain_0.03232_e15_t,0,lr,muonusign,unit-gain,tune,15,0.03231652035047826,4,0.6488447993066576,77.66666666666666,0.7243955662727356,76.36,0.7446047069549561,74.76,13.060924861001695
tune_lr_muonusign_unit-gain_0.03232_e15_t,0,lr,muonusign,unit-gain,tune,15,0.03231652035047826,5,0.60254991112815,79.21555555555555,0.6017879754066467,79.96,0.6005787273406983,79.72,13.073229625999375
tune_lr_muonusign_unit-gain_0.03232_e15_t,0,lr,muonusign,unit-gain,tune,15,0.03231652035047826,6,0.5574571408165826,80.88444444444445,0.618242006111145,78.81,0.6307767096042634,77.9,13.06391879000148
tune_lr_muonusign_unit-gain_0.03232_e15_t,0,lr,muonusign,unit-gain,tune,15,0.03231652035047826,7,0.5066384078131781,82.78444444444445,0.6340666261672974,79.58,0.6445493102073669,79.28,13.081422244998976
tune_lr_muonusign_unit-gain_0.03232_e15_t,0,lr,muonusign,unit-gain,tune,15,0.03231652035047826,8,0.46212140229543053,84.32222222222222,0.4745944476127624,83.87,0.4822115372657776,83.66,13.070384876999015
tune_lr_muonusign_unit-gain_0.03232_e15_t,0,lr,muonusign,unit-gain,tune,15,0.03231652035047826,9,0.4064765951209598,85.91555555555556,0.4712071702480316,84.28999999999999,0.48393802280426024,84.1,13.06214434100184
tune_lr_muonusign_unit-gain_0.03232_e15_t,0,lr,muonusign,unit-gain,tune,15,0.03231652035047826,10,0.35858877877129447,87.6111111111111,0.39527602021694186,86.91,0.40351217947006224,86.36,13.061973485997441
tune_lr_muonusign_unit-gain_0.03232_e15_t,0,lr,muonusign,unit-gain,tune,15,0.03231652035047826,11,0.2995469608200921,89.64666666666666,0.361107225894928,88.05,0.37263416147232054,87.8,13.050241168999491
tune_lr_muonusign_unit-gain_0.03232_e15_t,0,lr,muonusign,unit-gain,tune,15,0.03231652035047826,12,0.24633687109947205,91.48444444444445,0.32731854190826415,88.99000000000001,0.33605491733551024,89.22,13.04920554400087
tune_lr_muonusign_unit-gain_0.03232_e15_t,0,lr,muonusign,unit-gain,tune,15,0.03231652035047826,13,0.19867891331513723,93.19333333333333,0.32011186442375184,89.96,0.32305162181854247,89.74,13.046292355000332
tune_lr_muonusign_unit-gain_0.03232_e15_t,0,lr,muonusign,unit-gain,tune,15,0.03231652035047826,14,0.15750078677866194,94.56,0.30778362004756926,90.55,0.30064751415252683,90.68,13.050559182000143
tune_lr_muonusign_unit-gain_0.03232_e15_t,0,lr,muonusign,unit-gain,tune,15,0.03231652035047826,15,0.13512024909125434,95.44444444444444,0.2962865644454956,90.94,0.29220555543899535,91.0,13.046958071998233
tune_lr_muonusign_unit-gain_0.15_e15_t,0,lr,muonusign,unit-gain,tune,15,0.15000000000000005,0,2.3028948455810547,10.246666666666666,2.3027890270233153,10.38,2.302111595916748,10.34,
tune_lr_muonusign_unit-gain_0.15_e15_t,0,lr,muonusign,unit-gain,tune,15,0.15000000000000005,1,1.621977470334371,40.24444444444445,1.483856475830078,46.489999999999995,1.4806956996917724,46.760000000000005,13.676995019999595
tune_lr_muonusign_unit-gain_0.15_e15_t,0,lr,muonusign,unit-gain,tune,15,0.15000000000000005,2,1.3388319239086575,51.411111111111104,1.5250239885330201,45.86,1.5129024536132814,46.7,13.036926009997842
tune_lr_muonusign_unit-gain_0.15_e15_t,0,lr,muonusign,unit-gain,tune,15,0.15000000000000005,3,1.2253324669731989,55.928888888888885,1.4564155752182006,49.72,1.4744197877883911,49.24,13.057756304999202
tune_lr_muonusign_unit-gain_0.15_e15_t,0,lr,muonusign,unit-gain,tune,15,0.15000000000000005,4,1.0784045261806912,61.84222222222222,1.0870771641731263,61.85000000000001,1.0913487381935119,61.739999999999995,13.044374851000612
tune_lr_muonusign_unit-gain_0.15_e15_t,0,lr,muonusign,unit-gain,tune,15,0.15000000000000005,5,0.9770093892521329,65.52888888888889,1.1327088298797607,63.21,1.1500301269054414,62.56,13.031178791999992
tune_lr_muonusign_unit-gain_0.15_e15_t,0,lr,muonusign,unit-gain,tune,15,0.15000000000000005,6,0.9071996174282498,68.47333333333333,1.2753187803268433,58.699999999999996,1.2920889652252197,58.379999999999995,13.0083003380023
tune_lr_muonusign_unit-gain_0.15_e15_t,0,lr,muonusign,unit-gain,tune,15,0.15000000000000005,7,0.8478738074408637,70.58888888888889,0.8857313501358032,69.17,0.8959844786643982,68.84,13.00806666599965
tune_lr_muonusign_unit-gain_0.15_e15_t,0,lr,muonusign,unit-gain,tune,15,0.15000000000000005,8,0.7927384068383111,72.47111111111111,0.8362258226394653,71.98,0.84931341381073,71.17999999999999,12.994725063002988
tune_lr_muonusign_unit-gain_0.15_e15_t,0,lr,muonusign,unit-gain,tune,15,0.15000000000000005,9,0.7434080569373237,74.20444444444443,0.8240935542106629,72.54,0.8385113583564758,71.86,12.981168196001818
tune_lr_muonusign_unit-gain_0.15_e15_t,0,lr,muonusign,unit-gain,tune,15,0.15000000000000005,10,0.686166167333391,76.45555555555555,0.7430950079917907,74.69,0.77388799533844,74.26,12.975874877000024
tune_lr_muonusign_unit-gain_0.15_e15_t,0,lr,muonusign,unit-gain,tune,15,0.15000000000000005,11,0.625277337635888,78.55555555555556,0.6020438838005066,79.06,0.6213858078956604,78.66,12.96292884000286
tune_lr_muonusign_unit-gain_0.15_e15_t,0,lr,muonusign,unit-gain,tune,15,0.15000000000000005,12,0.5667163594139947,80.41777777777777,0.5725679577827454,80.64,0.5946338743209839,79.80000000000001,12.95846678199814
tune_lr_muonusign_unit-gain_0.15_e15_t,0,lr,muonusign,unit-gain,tune,15,0.15000000000000005,13,0.5078036016835107,82.44888888888889,0.5505220551490784,81.38,0.5578002161979675,81.26,12.951753263001592
tune_lr_muonusign_unit-gain_0.15_e15_t,0,lr,muonusign,unit-gain,tune,15,0.15000000000000005,14,0.4570444907453325,84.22666666666667,0.48814158663749696,83.33,0.4874054017543793,83.24000000000001,12.949003777001053
tune_lr_muonusign_unit-gain_0.15_e15_t,0,lr,muonusign,unit-gain,tune,15,0.15000000000000005,15,0.422038203991784,85.27333333333334,0.4632225479602814,84.27,0.46610368700027466,83.91999999999999,12.950066622997838
tune_lr_sgd_mup_0.0015_e15_t,0,lr,sgd,mup,tune,15,0.0015000000000000005,0,2.3028948455810547,10.246666666666666,2.3027890270233153,10.38,2.302111595916748,10.34,
tune_lr_sgd_mup_0.0015_e15_t,0,lr,sgd,mup,tune,15,0.0015000000000000005,1,1.6060464463127984,40.23111111111111,1.3842020109176636,49.01,1.3871259630203248,49.66,11.497541265001928
tune_lr_sgd_mup_0.0015_e15_t,0,lr,sgd,mup,tune,15,0.0015000000000000005,2,1.145430652109782,58.577777777777776,0.9819388505935669,64.9,0.9985987379074097,64.84,10.961041204995126
tune_lr_sgd_mup_0.0015_e15_t,0,lr,sgd,mup,tune,15,0.0015000000000000005,3,0.9299464916759067,66.86,0.958666942691803,66.67,0.9545565507888794,66.47999999999999,10.972517271002289
tune_lr_sgd_mup_0.0015_e15_t,0,lr,sgd,mup,tune,15,0.0015000000000000005,4,0.7894378864606222,72.12222222222222,0.773628999042511,72.89,0.7815416292190551,72.86,10.980757109995466
tune_lr_sgd_mup_0.0015_e15_t,0,lr,sgd,mup,tune,15,0.0015000000000000005,5,0.6899215936130948,75.72222222222223,0.8071920658111572,73.26,0.8185274398803711,72.32,10.981459350994555
tune_lr_sgd_mup_0.0015_e15_t,0,lr,sgd,mup,tune,15,0.0015000000000000005,6,0.6097235296673245,78.50666666666667,0.6458578988552094,78.0,0.6560888683319092,77.46,10.985613752003701
tune_lr_sgd_mup_0.0015_e15_t,0,lr,sgd,mup,tune,15,0.0015000000000000005,7,0.5437403809017606,81.03555555555556,0.6257397006511688,79.35,0.649720295906067,78.22,10.990535529002955
tune_lr_sgd_mup_0.0015_e15_t,0,lr,sgd,mup,tune,15,0.0015000000000000005,8,0.491361316924625,82.80222222222223,0.5302818061828614,81.73,0.5638495777130127,80.72,10.989904077003303
tune_lr_sgd_mup_0.0015_e15_t,0,lr,sgd,mup,tune,15,0.0015000000000000005,9,0.4486640285703871,84.3,0.5306420961380005,82.19,0.5419589486122132,81.5,10.986787551999441
tune_lr_sgd_mup_0.0015_e15_t,0,lr,sgd,mup,tune,15,0.0015000000000000005,10,0.41852703353563947,85.42888888888889,0.49298511338233947,83.38,0.516071639919281,82.44,10.982409525000548
tune_lr_sgd_mup_0.0015_e15_t,0,lr,sgd,mup,tune,15,0.0015000000000000005,11,0.3825376173761156,86.53777777777778,0.464494038772583,84.34,0.4894550088405609,83.28,10.986371566999878
tune_lr_sgd_mup_0.0015_e15_t,0,lr,sgd,mup,tune,15,0.0015000000000000005,12,0.3570528077072567,87.66666666666667,0.45808243350982664,84.82,0.48315191555023196,84.3,10.985654404001252
tune_lr_sgd_mup_0.0015_e15_t,0,lr,sgd,mup,tune,15,0.0015000000000000005,13,0.33841186238924664,88.24888888888889,0.4366330015897751,85.34,0.4565167559146881,84.66,10.976609271005145
tune_lr_sgd_mup_0.0015_e15_t,0,lr,sgd,mup,tune,15,0.0015000000000000005,14,0.32251758086416454,88.92666666666666,0.4310148734807968,85.52,0.44511384477615357,85.0,10.982987193994632
tune_lr_sgd_mup_0.0015_e15_t,0,lr,sgd,mup,tune,15,0.0015000000000000005,15,0.3144463900778029,89.14,0.4279492728233337,85.61999999999999,0.44339355230331423,85.1,10.977921575002256
tune_lr_sgd_mup_0.006962_e15_t,0,lr,sgd,mup,tune,15,0.006962383250419168,0,2.3028948455810547,10.246666666666666,2.3027890270233153,10.38,2.3021115951538085,10.34,
tune_lr_sgd_mup_0.006962_e15_t,0,lr,sgd,mup,tune,15,0.006962383250419168,1,1.4663761306762695,46.27777777777778,1.0777537029266357,61.73,1.0934145074844361,60.78,11.510626408002281
tune_lr_sgd_mup_0.006962_e15_t,0,lr,sgd,mup,tune,15,0.006962383250419168,2,0.9651702712059022,65.63555555555556,1.1235379970550536,62.49,1.1320802028656005,62.36000000000001,10.969604063000588
tune_lr_sgd_mup_0.006962_e15_t,0,lr,sgd,mup,tune,15,0.006962383250419168,3,0.7424511623488532,73.91333333333333,0.743073390865326,75.21,0.7539230205535888,74.48,10.971763361005287
tune_lr_sgd_mup_0.006962_e15_t,0,lr,sgd,mup,tune,15,0.006962383250419168,4,0.6130727801322937,78.65777777777778,0.6410415714263916,77.71000000000001,0.655166082572937,77.16,10.981994396999653
tune_lr_sgd_mup_0.006962_e15_t,0,lr,sgd,mup,tune,15,0.006962383250419168,5,0.5342047893630134,81.44666666666667,0.586464002418518,80.02,0.5986371350288391,79.92,10.986008604995732
tune_lr_sgd_mup_0.006962_e15_t,0,lr,sgd,mup,tune,15,0.006962383250419168,6,0.460850441816118,84.02888888888889,0.5299615714073181,82.01,0.5369840745925903,81.92,10.985546666001028
tune_lr_sgd_mup_0.006962_e15_t,0,lr,sgd,mup,tune,15,0.006962383250419168,7,0.4035094053374396,85.95333333333333,0.47514122323989866,83.98,0.4972976958274841,83.04,10.987826563003182
tune_lr_sgd_mup_0.006962_e15_t,0,lr,sgd,mup,tune,15,0.006962383250419168,8,0.35463008613056607,87.50222222222223,0.4239842001438141,85.7,0.44909312105178834,84.61999999999999,10.989831612998387
tune_lr_sgd_mup_0.006962_e15_t,0,lr,sgd,mup,tune,15,0.006962383250419168,9,0.31425323886341516,89.11111111111111,0.4103713054656982,86.53999999999999,0.4151134467124939,86.56,10.984827052001492
tune_lr_sgd_mup_0.006962_e15_t,0,lr,sgd,mup,tune,15,0.006962383250419168,10,0.28210637843343944,90.09777777777778,0.4046559932231903,87.22,0.40685369634628293,87.14,10.987727293999342
tune_lr_sgd_mup_0.006962_e15_t,0,lr,sgd,mup,tune,15,0.006962383250419168,11,0.24203011775546604,91.52444444444444,0.37705627784729007,87.92999999999999,0.40510839381217956,86.82,10.991945150999527
tune_lr_sgd_mup_0.006962_e15_t,0,lr,sgd,mup,tune,15,0.006962383250419168,12,0.21672505948808457,92.46,0.3590466257572174,88.59,0.38130540418624875,88.16000000000001,10.988344025005063
tune_lr_sgd_mup_0.006962_e15_t,0,lr,sgd,mup,tune,15,0.006962383250419168,13,0.19258542750676472,93.47333333333333,0.33796887183189395,89.25999999999999,0.34501880025863646,88.86,10.989898637999431
tune_lr_sgd_mup_0.006962_e15_t,0,lr,sgd,mup,tune,15,0.006962383250419168,14,0.17700494475894504,93.97111111111111,0.3337521221637726,89.22,0.34141294269561767,88.86,10.97820126699662
tune_lr_sgd_mup_0.006962_e15_t,0,lr,sgd,mup,tune,15,0.006962383250419168,15,0.16769355796708002,94.31777777777778,0.3303526027202606,89.42,0.34022122163772583,89.03999999999999,10.984269729000516
tune_lr_sgd_mup_0.03232_e15_t,0,lr,sgd,mup,tune,15,0.03231652035047826,0,2.3028948455810547,10.246666666666666,2.3027890270233153,10.38,2.3021115951538085,10.34,
tune_lr_sgd_mup_0.03232_e15_t,0,lr,sgd,mup,tune,15,0.03231652035047826,1,1.4617021633783975,46.27777777777778,1.2815241172790528,55.379999999999995,1.2737281673431395,55.800000000000004,11.521199139999226
tune_lr_sgd_mup_0.03232_e15_t,0,lr,sgd,mup,tune,15,0.03231652035047826,2,0.9726656401846144,65.25999999999999,0.9908396161079407,65.25,1.0106524541854858,65.0,10.980431671996485
tune_lr_sgd_mup_0.03232_e15_t,0,lr,sgd,mup,tune,15,0.03231652035047826,3,0.7519177120738559,73.63111111111111,0.7962490406036377,72.43,0.8132711475372314,71.88,10.988399346999358
tune_lr_sgd_mup_0.03232_e15_t,0,lr,sgd,mup,tune,15,0.03231652035047826,4,0.6158088418324789,78.52222222222223,0.6256035223960876,78.85,0.6348876657485962,78.16,10.992344054997375
tune_lr_sgd_mup_0.03232_e15_t,0,lr,sgd,mup,tune,15,0.03231652035047826,5,0.5358449544800652,81.4888888888889,0.6201465905189514,79.16,0.6269132077217102,78.56,10.996201065005152
tune_lr_sgd_mup_0.03232_e15_t,0,lr,sgd,mup,tune,15,0.03231652035047826,6,0.46295980724758573,84.09555555555556,0.5699305590629578,81.57,0.5662879031181336,81.38,10.997864265998942
tune_lr_sgd_mup_0.03232_e15_t,0,lr,sgd,mup,tune,15,0.03231652035047826,7,0.4035782183117337,85.96444444444444,0.45003889741897585,85.25,0.46013031492233275,85.1,11.002393082999333
tune_lr_sgd_mup_0.03232_e15_t,0,lr,sgd,mup,tune,15,0.03231652035047826,8,0.3565666422896915,87.71777777777777,0.4120549523830414,86.41,0.422014307308197,85.68,10.999354500003392
tune_lr_sgd_mup_0.03232_e15_t,0,lr,sgd,mup,tune,15,0.03231652035047826,9,0.3122816424846649,89.05333333333333,0.38847095460891723,87.17,0.3816432511329651,87.32,11.000143311997817
tune_lr_sgd_mup_0.03232_e15_t,0,lr,sgd,mup,tune,15,0.03231652035047826,10,0.2728156559520298,90.57333333333332,0.3801844176769257,87.66000000000001,0.39557634239196776,87.5,11.003910746003385
tune_lr_sgd_mup_0.03232_e15_t,0,lr,sgd,mup,tune,15,0.03231652035047826,11,0.23442631249957616,91.7688888888889,0.3730150435447693,87.88,0.375848810005188,87.83999999999999,10.99833812200086
tune_lr_sgd_mup_0.03232_e15_t,0,lr,sgd,mup,tune,15,0.03231652035047826,12,0.20441719444062975,92.95777777777778,0.3595189792156219,88.49000000000001,0.37626972579956053,88.2,10.997045751995756
tune_lr_sgd_mup_0.03232_e15_t,0,lr,sgd,mup,tune,15,0.03231652035047826,13,0.18175577668878767,93.71777777777778,0.32330191202163694,89.48,0.3299899887084961,89.38000000000001,10.996253821998835
tune_lr_sgd_mup_0.03232_e15_t,0,lr,sgd,mup,tune,15,0.03231652035047826,14,0.16128600295914544,94.45333333333333,0.31745868668556215,89.63,0.3240462452888489,89.46,11.001601689000381
tune_lr_sgd_mup_0.03232_e15_t,0,lr,sgd,mup,tune,15,0.03231652035047826,15,0.15310172107484604,94.80444444444444,0.31486136729717257,89.82,0.3228029995918274,89.75999999999999,10.996370902998024
tune_lr_sgd_mup_0.15_e15_t,0,lr,sgd,mup,tune,15,0.15000000000000005,0,2.3028948455810547,10.246666666666666,2.302789026641846,10.38,2.3021115951538085,10.34,
tune_lr_sgd_mup_0.15_e15_t,0,lr,sgd,mup,tune,15,0.15000000000000005,1,1.663911044184367,38.67777777777778,1.4332797361373901,47.65,1.4254619176864625,48.16,11.490411804996256
tune_lr_sgd_mup_0.15_e15_t,0,lr,sgd,mup,tune,15,0.15000000000000005,2,1.2163677855173747,55.71111111111111,1.0496894327163697,62.64999999999999,1.0615673641204835,62.260000000000005,10.964468352001859
tune_lr_sgd_mup_0.15_e15_t,0,lr,sgd,mup,tune,15,0.15000000000000005,3,0.9657896280712551,65.73777777777778,0.9861079862594605,65.5,0.9986611394882202,64.82,10.96872671899473
tune_lr_sgd_mup_0.15_e15_t,0,lr,sgd,mup,tune,15,0.15000000000000005,4,0.8059838691287571,71.44222222222221,0.8703022706985474,70.6,0.9091898975372315,69.14,10.971315877999587
tune_lr_sgd_mup_0.15_e15_t,0,lr,sgd,mup,tune,15,0.15000000000000005,5,0.6814638413853116,76.02222222222223,0.815804826927185,73.57000000000001,0.820566588973999,72.98,10.978858800001035
tune_lr_sgd_mup_0.15_e15_t,0,lr,sgd,mup,tune,15,0.15000000000000005,6,0.5865280262523227,79.56444444444445,0.6191354497909546,78.81,0.6208459546089172,79.12,10.988054235000163
tune_lr_sgd_mup_0.15_e15_t,0,lr,sgd,mup,tune,15,0.15000000000000005,7,0.5141556571112739,82.21777777777778,0.5439621987342834,82.28999999999999,0.5422770181179046,81.2,10.995639519998804
tune_lr_sgd_mup_0.15_e15_t,0,lr,sgd,mup,tune,15,0.15000000000000005,8,0.45696053710513646,84.19555555555556,0.5019316885948181,83.31,0.49870596590042116,83.3,10.986863544996595
tune_lr_sgd_mup_0.15_e15_t,0,lr,sgd,mup,tune,15,0.15000000000000005,9,0.40499694276915654,85.84888888888888,0.45201030702590944,85.1,0.44628230028152466,84.84,10.988781113999721
tune_lr_sgd_mup_0.15_e15_t,0,lr,sgd,mup,tune,15,0.15000000000000005,10,0.3641552095095317,87.37777777777778,0.45070147666931154,85.18,0.4569056613922119,84.8,10.991988264999236
tune_lr_sgd_mup_0.15_e15_t,0,lr,sgd,mup,tune,15,0.15000000000000005,11,0.315426112153795,89.04888888888888,0.4147777723312378,86.14,0.4078650683403015,86.36,10.991183197002101
tune_lr_sgd_mup_0.15_e15_t,0,lr,sgd,mup,tune,15,0.15000000000000005,12,0.2804384527206421,90.16888888888889,0.40640090188980105,86.8,0.41371955852508546,87.03999999999999,10.981688990999828
tune_lr_sgd_mup_0.15_e15_t,0,lr,sgd,mup,tune,15,0.15000000000000005,13,0.25278285620742375,91.32666666666667,0.37642952013015746,87.8,0.37969576816558837,87.44,10.989345957001206
tune_lr_sgd_mup_0.15_e15_t,0,lr,sgd,mup,tune,15,0.15000000000000005,14,0.23165487530496384,91.91111111111111,0.3666626440048218,88.08,0.36465380520820617,87.68,10.983485653996468
tune_lr_sgd_mup_0.15_e15_t,0,lr,sgd,mup,tune,15,0.15000000000000005,15,0.21682386633555095,92.46,0.3601824248313904,88.31,0.3604061997413635,88.16000000000001,10.977932732996123
tune_lr_sgd_unit-gain_0.0015_e15_t,0,lr,sgd,unit-gain,tune,15,0.0015000000000000005,0,2.3028948455810547,10.246666666666666,2.3027890270233153,10.38,2.3021115951538085,10.34,
tune_lr_sgd_unit-gain_0.0015_e15_t,0,lr,sgd,unit-gain,tune,15,0.0015000000000000005,1,1.6081683826870388,40.20666666666667,1.3187113477706909,52.49,1.33257534866333,51.62,11.608853138000995
tune_lr_sgd_unit-gain_0.0015_e15_t,0,lr,sgd,unit-gain,tune,15,0.0015000000000000005,2,1.1650491319444445,57.833333333333336,1.0362195713043212,63.07000000000001,1.0432352964401246,62.760000000000005,11.068505457998981
tune_lr_sgd_unit-gain_0.0015_e15_t,0,lr,sgd,unit-gain,tune,15,0.0015000000000000005,3,0.9462146602418687,66.38444444444444,0.9038556203842163,68.25,0.9030257309913635,68.17999999999999,11.071498291003081
tune_lr_sgd_unit-gain_0.0015_e15_t,0,lr,sgd,unit-gain,tune,15,0.0015000000000000005,4,0.7991379393577576,71.71555555555555,0.783202858543396,72.99,0.7894381420135498,72.36,11.080858515997534
tune_lr_sgd_unit-gain_0.0015_e15_t,0,lr,sgd,unit-gain,tune,15,0.0015000000000000005,5,0.6975022325727674,75.56666666666668,0.7810691020965577,74.33,0.787475227355957,73.2,11.082567298999493
tune_lr_sgd_unit-gain_0.0015_e15_t,0,lr,sgd,unit-gain,tune,15,0.0015000000000000005,6,0.6126595036400689,78.64222222222223,0.6298979331016541,78.29,0.6271517525672913,78.25999999999999,11.082646536000539
tune_lr_sgd_unit-gain_0.0015_e15_t,0,lr,sgd,unit-gain,tune,15,0.0015000000000000005,7,0.5491831350008647,80.91777777777777,0.5826784844398498,80.36,0.5957925081253052,79.78,11.082711122999171
tune_lr_sgd_unit-gain_0.0015_e15_t,0,lr,sgd,unit-gain,tune,15,0.0015000000000000005,8,0.49723837229410806,82.63333333333334,0.5458226345062256,81.64,0.5681919858932495,80.36,11.08818709299885
tune_lr_sgd_unit-gain_0.0015_e15_t,0,lr,sgd,unit-gain,tune,15,0.0015000000000000005,9,0.45336671110259164,84.24444444444444,0.5314796352386475,82.28,0.538164955997467,81.76,11.088089457000024
tune_lr_sgd_unit-gain_0.0015_e15_t,0,lr,sgd,unit-gain,tune,15,0.0015000000000000005,10,0.422630899810791,85.22666666666666,0.4939213821411133,83.50999999999999,0.5034413294792175,82.76,11.090983322999818
tune_lr_sgd_unit-gain_0.0015_e15_t,0,lr,sgd,unit-gain,tune,15,0.0015000000000000005,11,0.3821091741349962,86.68,0.4572864394187927,84.83000000000001,0.46913674626350405,83.66,11.09343000300214
tune_lr_sgd_unit-gain_0.0015_e15_t,0,lr,sgd,unit-gain,tune,15,0.0015000000000000005,12,0.3603959329181247,87.42222222222222,0.4513382583618164,84.72,0.4672374225616455,84.61999999999999,11.079729296998266
tune_lr_sgd_unit-gain_0.0015_e15_t,0,lr,sgd,unit-gain,tune,15,0.0015000000000000005,13,0.3391727581659953,88.21777777777777,0.43128079195022584,85.71,0.44379578552246096,85.06,11.082321966001473
tune_lr_sgd_unit-gain_0.0015_e15_t,0,lr,sgd,unit-gain,tune,15,0.0015000000000000005,14,0.3257029598977831,88.71777777777777,0.4249346179485321,85.77,0.43104745779037473,85.68,11.082916970000952
tune_lr_sgd_unit-gain_0.0015_e15_t,0,lr,sgd,unit-gain,tune,15,0.0015000000000000005,15,0.3160317940129174,89.15555555555555,0.4212051864147186,85.97,0.4306724824905396,85.52,11.085790924997127
tune_lr_sgd_unit-gain_0.006962_e15_t,0,lr,sgd,unit-gain,tune,15,0.006962383250419168,0,2.3028948455810547,10.246666666666666,2.3027890270233153,10.38,2.302111595916748,10.34,
tune_lr_sgd_unit-gain_0.006962_e15_t,0,lr,sgd,unit-gain,tune,15,0.006962383250419168,1,1.4704581897735596,46.07333333333333,1.213288659286499,56.89999999999999,1.2221792705535888,56.8,11.62385885600088
tune_lr_sgd_unit-gain_0.006962_e15_t,0,lr,sgd,unit-gain,tune,15,0.006962383250419168,2,0.9776307008743286,65.26888888888888,0.9528996437072754,67.30000000000001,0.969147618484497,66.28,11.079793345001235
tune_lr_sgd_unit-gain_0.006962_e15_t,0,lr,sgd,unit-gain,tune,15,0.006962383250419168,3,0.7515535022735595,73.64888888888889,0.8120380204200744,72.53,0.8285461796760559,71.1,11.0884428390018
tune_lr_sgd_unit-gain_0.006962_e15_t,0,lr,sgd,unit-gain,tune,15,0.006962383250419168,4,0.6152969577577379,78.48888888888888,0.7026905806541442,75.99000000000001,0.7112937162399292,75.46000000000001,11.098623833000602
tune_lr_sgd_unit-gain_0.006962_e15_t,0,lr,sgd,unit-gain,tune,15,0.006962383250419168,5,0.5324787881215414,81.44222222222223,0.6254204588890075,79.97,0.6343673988342285,79.62,11.103164371997991
tune_lr_sgd_unit-gain_0.006962_e15_t,0,lr,sgd,unit-gain,tune,15,0.006962383250419168,6,0.4653647487852309,83.84222222222222,0.49707182941436767,83.36,0.505340732717514,83.02000000000001,11.10323547200096
tune_lr_sgd_unit-gain_0.006962_e15_t,0,lr,sgd,unit-gain,tune,15,0.006962383250419168,7,0.4047259026209513,85.95111111111112,0.49281171841621396,84.07,0.5132833839416504,83.39999999999999,11.104473021998274
tune_lr_sgd_unit-gain_0.006962_e15_t,0,lr,sgd,unit-gain,tune,15,0.006962383250419168,8,0.3573376859029134,87.43777777777778,0.45974363462924955,84.78999999999999,0.4757533459663391,84.22,11.10667764399841
tune_lr_sgd_unit-gain_0.006962_e15_t,0,lr,sgd,unit-gain,tune,15,0.006962383250419168,9,0.3152221394909753,88.94888888888889,0.4110154623031616,86.35000000000001,0.4205943190097809,86.18,11.103518277999683
tune_lr_sgd_unit-gain_0.006962_e15_t,0,lr,sgd,unit-gain,tune,15,0.006962383250419168,10,0.2794748440795475,90.26444444444445,0.41136154880523684,86.65,0.4172186735630035,86.33999999999999,11.09886244000154
tune_lr_sgd_unit-gain_0.006962_e15_t,0,lr,sgd,unit-gain,tune,15,0.006962383250419168,11,0.2374854577647315,91.67555555555555,0.3806496104240418,87.98,0.38949195561408995,87.24,11.09528827199756
tune_lr_sgd_unit-gain_0.006962_e15_t,0,lr,sgd,unit-gain,tune,15,0.006962383250419168,12,0.20798465205828348,92.74,0.36896002612113954,88.33,0.3766963311195374,87.8,11.108096505002322
tune_lr_sgd_unit-gain_0.006962_e15_t,0,lr,sgd,unit-gain,tune,15,0.006962383250419168,13,0.18483346135351392,93.70222222222222,0.3408011386871338,89.13,0.34227622923851014,88.34,11.104611655002373
tune_lr_sgd_unit-gain_0.006962_e15_t,0,lr,sgd,unit-gain,tune,15,0.006962383250419168,14,0.16905961576037937,94.21111111111111,0.33649860587120056,89.28,0.3322047224998474,89.02,11.103441303999716
tune_lr_sgd_unit-gain_0.006962_e15_t,0,lr,sgd,unit-gain,tune,15,0.006962383250419168,15,0.15967800885306466,94.69777777777779,0.33259089765548705,89.4,0.32834814171791077,89.3,11.091860274998908
tune_lr_sgd_unit-gain_0.03232_e15_t,0,lr,sgd,unit-gain,tune,15,0.03231652035047826,0,2.3028948455810547,10.246666666666666,2.3027890270233153,10.38,2.3021115951538085,10.34,
tune_lr_sgd_unit-gain_0.03232_e15_t,0,lr,sgd,unit-gain,tune,15,0.03231652035047826,1,1.4591027683681912,46.80666666666667,1.3522463291168212,54.0,1.359736413192749,54.17999999999999,11.614132594000694
tune_lr_sgd_unit-gain_0.03232_e15_t,0,lr,sgd,unit-gain,tune,15,0.03231652035047826,2,0.9631983901765612,65.78666666666668,0.8502752856254577,69.39,0.8635104131698609,68.67999999999999,11.067568706999737
tune_lr_sgd_unit-gain_0.03232_e15_t,0,lr,sgd,unit-gain,tune,15,0.03231652035047826,3,0.7494218539132013,73.61111111111111,0.7096206732749939,75.24,0.7239070188522339,74.53999999999999,11.07507791199896
tune_lr_sgd_unit-gain_0.03232_e15_t,0,lr,sgd,unit-gain,tune,15,0.03231652035047826,4,0.6194648935000102,78.46,0.6435048358917236,78.09,0.6642921272277832,77.44,11.082790330001444
tune_lr_sgd_unit-gain_0.03232_e15_t,0,lr,sgd,unit-gain,tune,15,0.03231652035047826,5,0.5407865537219577,81.17777777777778,0.7071777706146241,77.42,0.7027028629302978,77.2,11.082708918002027
tune_lr_sgd_unit-gain_0.03232_e15_t,0,lr,sgd,unit-gain,tune,15,0.03231652035047826,6,0.4737492847177717,83.52222222222223,0.5448064863204956,81.78,0.5417753063201904,81.96,11.092092835002404
tune_lr_sgd_unit-gain_0.03232_e15_t,0,lr,sgd,unit-gain,tune,15,0.03231652035047826,7,0.41536214797231885,85.61111111111111,0.584049305343628,81.77,0.6271389925003051,80.42,11.092053062999184
tune_lr_sgd_unit-gain_0.03232_e15_t,0,lr,sgd,unit-gain,tune,15,0.03231652035047826,8,0.3687888632191552,87.21333333333334,0.4347643741607666,85.52,0.445688773727417,84.6,11.08756354399884
tune_lr_sgd_unit-gain_0.03232_e15_t,0,lr,sgd,unit-gain,tune,15,0.03231652035047826,9,0.3210925258212619,88.75333333333333,0.4028505244731903,86.65,0.3871993452548981,87.12,11.084221509001509
tune_lr_sgd_unit-gain_0.03232_e15_t,0,lr,sgd,unit-gain,tune,15,0.03231652035047826,10,0.2837007468594445,90.17555555555555,0.3785277862071991,87.75,0.3808616542816162,87.18,11.095609723997768
tune_lr_sgd_unit-gain_0.03232_e15_t,0,lr,sgd,unit-gain,tune,15,0.03231652035047826,11,0.23913497710757786,91.50888888888889,0.35889272089004515,88.47,0.35670270290374756,88.18,11.091475311000977
tune_lr_sgd_unit-gain_0.03232_e15_t,0,lr,sgd,unit-gain,tune,15,0.03231652035047826,12,0.20098880775504643,92.97999999999999,0.34382326221466064,89.03999999999999,0.3422124376296997,89.14,11.08943575000012
tune_lr_sgd_unit-gain_0.03232_e15_t,0,lr,sgd,unit-gain,tune,15,0.03231652035047826,13,0.16981607303089566,94.20666666666668,0.3200130381345749,89.68,0.3105972159385681,89.9,11.093037775000994
tune_lr_sgd_unit-gain_0.03232_e15_t,0,lr,sgd,unit-gain,tune,15,0.03231652035047826,14,0.14793513640827602,94.95777777777778,0.3087161276817322,90.14999999999999,0.30033648977279664,90.44,11.082878258999699
tune_lr_sgd_unit-gain_0.03232_e15_t,0,lr,sgd,unit-gain,tune,15,0.03231652035047826,15,0.13521845099925994,95.41111111111111,0.3018095031499863,90.27,0.29325497193336486,90.7,11.076638211998215
tune_lr_sgd_unit-gain_0.15_e15_t,0,lr,sgd,unit-gain,tune,15,0.15000000000000005,0,2.3028948455810547,10.246666666666666,2.302789026641846,10.38,2.3021115951538085,10.34,
tune_lr_sgd_unit-gain_0.15_e15_t,0,lr,sgd,unit-gain,tune,15,0.15000000000000005,1,1.6625285429848564,38.56,1.4195438203811646,49.0,1.4088281655311585,49.34,11.59694010000021
tune_lr_sgd_unit-gain_0.15_e15_t,0,lr,sgd,unit-gain,tune,15,0.15000000000000005,2,1.2121550044165716,56.06888888888889,1.0221927963256836,63.44,1.0456089382171632,61.919999999999995,11.06302578100076
tune_lr_sgd_unit-gain_0.15_e15_t,0,lr,sgd,unit-gain,tune,15,0.15000000000000005,3,0.9752806988080343,65.38888888888889,1.0707027368545532,62.2,1.0848383068084717,62.36000000000001,11.07390167199992
tune_lr_sgd_unit-gain_0.15_e15_t,0,lr,sgd,unit-gain,tune,15,0.15000000000000005,4,0.8192390816264682,71.16444444444444,0.8348177929878234,71.1,0.8535989318847657,70.36,11.08166751599856
tune_lr_sgd_unit-gain_0.15_e15_t,0,lr,sgd,unit-gain,tune,15,0.15000000000000005,5,0.6983330989201864,75.64,0.8354732610702514,73.19,0.8486524670600891,72.54,11.082624288999796
tune_lr_sgd_unit-gain_0.15_e15_t,0,lr,sgd,unit-gain,tune,15,0.15000000000000005,6,0.616619899696774,78.83111111111111,0.8415316464424133,71.37,0.856282141494751,71.08,11.087950599998294
tune_lr_sgd_unit-gain_0.15_e15_t,0,lr,sgd,unit-gain,tune,15,0.15000000000000005,7,0.5489484034326342,81.01333333333334,0.6577547246932983,78.36,0.6485826031684876,78.02,11.081562365001446
tune_lr_sgd_unit-gain_0.15_e15_t,0,lr,sgd,unit-gain,tune,15,0.15000000000000005,8,0.4939559004995558,82.88666666666667,0.5677569721698761,80.72,0.5746793607711792,80.12,11.084934343998611
tune_lr_sgd_unit-gain_0.15_e15_t,0,lr,sgd,unit-gain,tune,15,0.15000000000000005,9,0.4421299446211921,84.62666666666667,0.550227916765213,81.39999999999999,0.5514408397674561,81.14,11.084319944999152
tune_lr_sgd_unit-gain_0.15_e15_t,0,lr,sgd,unit-gain,tune,15,0.15000000000000005,10,0.3900464078373379,86.52888888888889,0.4827923087120056,83.83,0.48437775020599366,83.22,11.080118268997467
tune_lr_sgd_unit-gain_0.15_e15_t,0,lr,sgd,unit-gain,tune,15,0.15000000000000005,11,0.33281121631198457,88.43333333333334,0.4652646936416626,85.36,0.4760740793228149,84.96000000000001,11.082612961999985
tune_lr_sgd_unit-gain_0.15_e15_t,0,lr,sgd,unit-gain,tune,15,0.15000000000000005,12,0.27847145659658645,90.34,0.3935768072128296,87.26,0.38809941992759706,86.98,11.08091159399919
tune_lr_sgd_unit-gain_0.15_e15_t,0,lr,sgd,unit-gain,tune,15,0.15000000000000005,13,0.2319178176667955,92.00222222222222,0.36307708134651184,88.05,0.3627612060546875,87.78,11.069867959999101
tune_lr_sgd_unit-gain_0.15_e15_t,0,lr,sgd,unit-gain,tune,15,0.15000000000000005,14,0.19013141559494867,93.32444444444444,0.3086284018516541,89.74,0.2996749528884888,90.18,11.07511021800019
tune_lr_sgd_unit-gain_0.15_e15_t,0,lr,sgd,unit-gain,tune,15,0.15000000000000005,15,0.1637897249645657,94.51333333333334,0.29043433310985567,90.51,0.28228663473129273,90.56,11.070059540001239
tune_lr_signmuon_mup_0.1152_e15_t,0,lr,signmuon,mup,tune,15,0.11520000000000002,0,2.3028948455810547,10.246666666666666,2.3027890270233153,10.38,2.302111595916748,10.34,
tune_lr_signmuon_mup_0.1152_e15_t,0,lr,signmuon,mup,tune,15,0.11520000000000002,1,1.2699404241773817,53.742222222222225,0.8448143382072448,70.92,0.8522185888290406,70.22,13.663937036995776
tune_lr_signmuon_mup_0.1152_e15_t,0,lr,signmuon,mup,tune,15,0.11520000000000002,2,0.6669366840680441,76.73333333333333,0.600467795085907,79.47999999999999,0.6293492961883544,78.66,13.0254769220046
tune_lr_signmuon_mup_0.1152_e15_t,0,lr,signmuon,mup,tune,15,0.11520000000000002,3,0.49056689123047725,83.08,0.5351724195957184,82.35,0.535343671798706,82.19999999999999,13.023786922996806
tune_lr_signmuon_mup_0.1152_e15_t,0,lr,signmuon,mup,tune,15,0.11520000000000002,4,0.3901463644822439,86.6888888888889,0.3967195419788361,86.24000000000001,0.40927441201210024,85.68,13.038764703000197
tune_lr_signmuon_mup_0.1152_e15_t,0,lr,signmuon,mup,tune,15,0.11520000000000002,5,0.3144696555826399,89.2,0.4353656564712524,85.77,0.4471732711791992,85.72,13.051000205996388
tune_lr_signmuon_mup_0.1152_e15_t,0,lr,signmuon,mup,tune,15,0.11520000000000002,6,0.26121452203061846,90.96666666666667,0.3550441065788269,88.08,0.37114052810668946,87.58,13.050895517000754
tune_lr_signmuon_mup_0.1152_e15_t,0,lr,signmuon,mup,tune,15,0.11520000000000002,7,0.21109107756614684,92.65777777777777,0.3160331618309021,89.8,0.3225407522201538,89.64,13.048835701003554
tune_lr_signmuon_mup_0.1152_e15_t,0,lr,signmuon,mup,tune,15,0.11520000000000002,8,0.1681450625816981,94.15555555555557,0.3285651737213135,89.8,0.3238556447029114,89.56,13.059640457002388
tune_lr_signmuon_mup_0.1152_e15_t,0,lr,signmuon,mup,tune,15,0.11520000000000002,9,0.1292182497461637,95.58666666666666,0.3019007432937622,91.01,0.29417474632263185,91.02,13.049613256000157
tune_lr_signmuon_mup_0.1152_e15_t,0,lr,signmuon,mup,tune,15,0.11520000000000002,10,0.10176009260349804,96.57111111111111,0.3048769726753235,91.18,0.30152765560150147,91.25999999999999,13.056182145002822
tune_lr_signmuon_mup_0.1152_e15_t,0,lr,signmuon,mup,tune,15,0.11520000000000002,11,0.07585914839903514,97.49777777777778,0.2948505753517151,91.52,0.2854387698173523,91.32000000000001,13.060231507006392
tune_lr_signmuon_mup_0.1152_e15_t,0,lr,signmuon,mup,tune,15,0.11520000000000002,12,0.057650800352626375,98.18666666666667,0.2858158836364746,92.12,0.2771691039562225,91.97999999999999,13.04804823899758
tune_lr_signmuon_mup_0.1152_e15_t,0,lr,signmuon,mup,tune,15,0.11520000000000002,13,0.04221701508429315,98.71111111111112,0.28339138822555543,92.09,0.2710430631160736,92.5,13.054792208997242
tune_lr_signmuon_mup_0.1152_e15_t,0,lr,signmuon,mup,tune,15,0.11520000000000002,14,0.033936595653163065,99.02444444444444,0.2854428783416748,92.14,0.27068993062973024,92.72,13.058388863006257
tune_lr_signmuon_mup_0.1152_e15_t,0,lr,signmuon,mup,tune,15,0.11520000000000002,15,0.030321083864900802,99.0911111111111,0.2844197813987732,92.33,0.267031201505661,92.47999999999999,13.052676371997222
tune_lr_signmuon_mup_0.5347_e15_t,0,lr,signmuon,mup,tune,15,0.5347110336321922,0,2.3028948455810547,10.246666666666666,2.3027890270233153,10.38,2.302111595916748,10.34,
tune_lr_signmuon_mup_0.5347_e15_t,0,lr,signmuon,mup,tune,15,0.5347110336321922,1,1.1193092134687637,59.995555555555555,0.7399259748458862,74.28,0.7547575384140015,73.4,13.639559543997166
tune_lr_signmuon_mup_0.5347_e15_t,0,lr,signmuon,mup,tune,15,0.5347110336321922,2,0.5792410130765703,79.89333333333335,0.6103065114498138,79.97999999999999,0.6157822076797486,79.60000000000001,13.004438506999577
tune_lr_signmuon_mup_0.5347_e15_t,0,lr,signmuon,mup,tune,15,0.5347110336321922,3,0.4342301650312212,85.1888888888889,0.4682704177379608,84.44,0.4500024173736572,84.76,13.01778323599865
tune_lr_signmuon_mup_0.5347_e15_t,0,lr,signmuon,mup,tune,15,0.5347110336321922,4,0.34413968164655895,88.19333333333333,0.3851456789493561,87.12,0.35973974266052244,87.83999999999999,13.022245662003115
tune_lr_signmuon_mup_0.5347_e15_t,0,lr,signmuon,mup,tune,15,0.5347110336321922,5,0.2766159121486876,90.50444444444445,0.36127781744003296,88.1,0.34438988828659056,88.38000000000001,13.034619550999196
tune_lr_signmuon_mup_0.5347_e15_t,0,lr,signmuon,mup,tune,15,0.5347110336321922,6,0.22700253771675957,92.16222222222223,0.31560841403007506,89.61,0.3069328095912933,90.14,13.038333329001034
tune_lr_signmuon_mup_0.5347_e15_t,0,lr,signmuon,mup,tune,15,0.5347110336321922,7,0.1785381184471978,93.78888888888889,0.29031959829330445,90.77,0.30079324197769164,90.53999999999999,13.034674987000471
tune_lr_signmuon_mup_0.5347_e15_t,0,lr,signmuon,mup,tune,15,0.5347110336321922,8,0.14223671298821766,95.08666666666666,0.2892995356559753,90.92,0.28973312575817106,90.8,13.035543827994843
tune_lr_signmuon_mup_0.5347_e15_t,0,lr,signmuon,mup,tune,15,0.5347110336321922,9,0.1076478007250362,96.33777777777777,0.267567254447937,92.17,0.24809086112976075,92.25999999999999,13.029354145997786
tune_lr_signmuon_mup_0.5347_e15_t,0,lr,signmuon,mup,tune,15,0.5347110336321922,10,0.07811110214922164,97.34666666666666,0.2679864844799042,92.02,0.2536153329372406,92.4,13.027975097997114
tune_lr_signmuon_mup_0.5347_e15_t,0,lr,signmuon,mup,tune,15,0.5347110336321922,11,0.05675347382426262,98.06666666666666,0.2632525544643402,92.73,0.2502726398229599,92.74,13.019730170999537
tune_lr_signmuon_mup_0.5347_e15_t,0,lr,signmuon,mup,tune,15,0.5347110336321922,12,0.0404368666059441,98.64,0.249147012090683,93.14,0.23784061355590821,93.4,13.021124658996996
tune_lr_signmuon_mup_0.5347_e15_t,0,lr,signmuon,mup,tune,15,0.5347110336321922,13,0.029908678280644946,99.07333333333334,0.2551909444332123,93.19,0.23512067518234253,93.47999999999999,13.021347125999455
tune_lr_signmuon_mup_0.5347_e15_t,0,lr,signmuon,mup,tune,15,0.5347110336321922,14,0.02276484609444936,99.33333333333333,0.2552889230728149,93.21000000000001,0.23095138568878174,93.84,13.019121094999718
tune_lr_signmuon_mup_0.5347_e15_t,0,lr,signmuon,mup,tune,15,0.5347110336321922,15,0.017911357136070727,99.51333333333334,0.2527536916732788,93.28999999999999,0.23068425579071045,93.78,13.02905451800325
tune_lr_signmuon_mup_11.52_e15_t,0,lr,signmuon,mup,tune,15,11.520000000000001,0,2.3028948455810547,10.246666666666666,2.3027890270233153,10.38,2.302111595916748,10.34,
tune_lr_signmuon_mup_11.52_e15_t,0,lr,signmuon,mup,tune,15,11.520000000000001,1,1.173337665218777,58.08888888888889,0.7024789099693298,76.32,0.6983415208816528,76.14,13.656203917998937
tune_lr_signmuon_mup_11.52_e15_t,0,lr,signmuon,mup,tune,15,11.520000000000001,2,0.5893386626985339,79.93555555555557,0.6706506746292115,78.27,0.6697423009872436,78.25999999999999,13.008331629003806
tune_lr_signmuon_mup_11.52_e15_t,0,lr,signmuon,mup,tune,15,11.520000000000001,3,0.4378269180032942,85.02222222222223,0.45320401310920716,84.73,0.4558207281112671,85.18,13.010532312997384
tune_lr_signmuon_mup_11.52_e15_t,0,lr,signmuon,mup,tune,15,11.520000000000001,4,0.3425890416251289,88.3,0.4051287393569946,86.67,0.3975312379837036,87.06,13.026760801003547
tune_lr_signmuon_mup_11.52_e15_t,0,lr,signmuon,mup,tune,15,11.520000000000001,5,0.2746310383293364,90.40222222222222,0.37483502855300904,87.98,0.35488458223342895,88.32,13.03983578900079
tune_lr_signmuon_mup_11.52_e15_t,0,lr,signmuon,mup,tune,15,11.520000000000001,6,0.22858022651407453,92.10444444444444,0.3055831407546997,89.62,0.3210046528339386,88.75999999999999,13.04055124399747
tune_lr_signmuon_mup_11.52_e15_t,0,lr,signmuon,mup,tune,15,11.520000000000001,7,0.17638375345336066,93.88,0.2911730722427368,90.85,0.29059890518188475,90.84,13.047217676998116
tune_lr_signmuon_mup_11.52_e15_t,0,lr,signmuon,mup,tune,15,11.520000000000001,8,0.1387192470682992,95.34666666666666,0.2932744935512543,91.27,0.2928568147182465,91.14,13.051600386002974
tune_lr_signmuon_mup_11.52_e15_t,0,lr,signmuon,mup,tune,15,11.520000000000001,9,0.10746858310302099,96.34888888888888,0.2867441803216934,91.64,0.27116575412750243,91.8,13.040213221996964
tune_lr_signmuon_mup_11.52_e15_t,0,lr,signmuon,mup,tune,15,11.520000000000001,10,0.07909188075794114,97.37555555555556,0.2756539873123169,92.54,0.27204452896118164,92.24,13.037149249001232
tune_lr_signmuon_mup_11.52_e15_t,0,lr,signmuon,mup,tune,15,11.520000000000001,11,0.057727209313048256,98.05111111111111,0.27600830602645876,92.61,0.2537625909805298,92.80000000000001,13.040228354999272
tune_lr_signmuon_mup_11.52_e15_t,0,lr,signmuon,mup,tune,15,11.520000000000001,12,0.04009013019800186,98.72222222222223,0.27073264265060426,93.21000000000001,0.24846869678497313,93.22,13.034901512997749
tune_lr_signmuon_mup_11.52_e15_t,0,lr,signmuon,mup,tune,15,11.520000000000001,13,0.02970905275311735,99.09333333333333,0.2714998696565628,93.25,0.2591358892917633,93.17999999999999,13.028724218995194
tune_lr_signmuon_mup_11.52_e15_t,0,lr,signmuon,mup,tune,15,11.520000000000001,14,0.02170553396874004,99.36888888888889,0.26808602879047394,93.39,0.25330166335105897,93.42,13.034230345998367
tune_lr_signmuon_mup_11.52_e15_t,0,lr,signmuon,mup,tune,15,11.520000000000001,15,0.01816687560379505,99.52888888888889,0.26388797924518587,93.5,0.2521185354709625,93.52000000000001,13.026163413000177
tune_lr_signmuon_mup_2.482_e15_t,0,lr,signmuon,mup,tune,15,2.48190876291673,0,2.3028948455810547,10.246666666666666,2.3027890270233153,10.38,2.302111595916748,10.34,
tune_lr_signmuon_mup_2.482_e15_t,0,lr,signmuon,mup,tune,15,2.48190876291673,1,1.107987720266978,60.44444444444444,0.6710775568962097,76.86,0.6766702956199646,76.08,13.659748743004457
tune_lr_signmuon_mup_2.482_e15_t,0,lr,signmuon,mup,tune,15,2.48190876291673,2,0.5721808217207591,80.28444444444445,0.7125304896354675,77.39,0.7179341029167176,77.2,13.007652897002117
tune_lr_signmuon_mup_2.482_e15_t,0,lr,signmuon,mup,tune,15,2.48190876291673,3,0.4277379076268938,85.42,0.4445071056365967,85.25,0.46341132259368895,84.89999999999999,13.0129249849997
tune_lr_signmuon_mup_2.482_e15_t,0,lr,signmuon,mup,tune,15,2.48190876291673,4,0.33992219755384656,88.30888888888889,0.36972816076278686,87.42,0.35739546456336974,87.86,13.011947562001296
tune_lr_signmuon_mup_2.482_e15_t,0,lr,signmuon,mup,tune,15,2.48190876291673,5,0.2716761940876643,90.5911111111111,0.35087972774505616,88.5,0.34463380966186524,88.7,13.032306922999851
tune_lr_signmuon_mup_2.482_e15_t,0,lr,signmuon,mup,tune,15,2.48190876291673,6,0.2273283070087433,92.11333333333333,0.3044523780822754,89.83,0.3034444588184357,90.06,13.040449276006257
tune_lr_signmuon_mup_2.482_e15_t,0,lr,signmuon,mup,tune,15,2.48190876291673,7,0.17696463267538282,93.88222222222223,0.30240632271766665,90.56,0.29516436138153074,90.84,13.02785932199913
tune_lr_signmuon_mup_2.482_e15_t,0,lr,signmuon,mup,tune,15,2.48190876291673,8,0.1394266636080212,95.19999999999999,0.2922637932777405,90.85,0.2815630833864212,90.9,13.038318350998452
tune_lr_signmuon_mup_2.482_e15_t,0,lr,signmuon,mup,tune,15,2.48190876291673,9,0.10631763567262226,96.26,0.27328854694366456,91.85,0.2747116087436676,91.46,13.040180426003644
tune_lr_signmuon_mup_2.482_e15_t,0,lr,signmuon,mup,tune,15,2.48190876291673,10,0.07913189247979058,97.28222222222223,0.26815166110992433,92.17999999999999,0.27007353820800784,92.08,13.027386914996896
tune_lr_signmuon_mup_2.482_e15_t,0,lr,signmuon,mup,tune,15,2.48190876291673,11,0.05423235911760065,98.17333333333333,0.26318234181404115,92.74,0.2549163345336914,92.62,13.028393812004651
tune_lr_signmuon_mup_2.482_e15_t,0,lr,signmuon,mup,tune,15,2.48190876291673,12,0.03833673132326868,98.78222222222223,0.2618365076541901,92.9,0.25640699100494385,92.82000000000001,13.023021089000395
tune_lr_signmuon_mup_2.482_e15_t,0,lr,signmuon,mup,tune,15,2.48190876291673,13,0.028462888231873512,99.12222222222222,0.25862447628974916,93.21000000000001,0.2515304483413696,93.06,13.018902618001448
tune_lr_signmuon_mup_2.482_e15_t,0,lr,signmuon,mup,tune,15,2.48190876291673,14,0.02148457409474585,99.42666666666666,0.2620998954296112,93.34,0.2523498056411743,93.36,13.017614392003452
tune_lr_signmuon_mup_2.482_e15_t,0,lr,signmuon,mup,tune,15,2.48190876291673,15,0.01783842866735326,99.53333333333333,0.2568759454727173,93.55,0.25146686182022093,93.32000000000001,13.018451484997058
tune_lr_signmuon_unit-gain_0.0034_e15_t,0,lr,signmuon,unit-gain,tune,15,0.003400000000000002,0,2.3028948455810547,10.246666666666666,2.302789026641846,10.38,2.3021115951538085,10.34,
tune_lr_signmuon_unit-gain_0.0034_e15_t,0,lr,signmuon,unit-gain,tune,15,0.003400000000000002,1,1.2629164696799384,54.2,0.7917692323684692,72.7,0.802455655670166,71.74000000000001,13.688197987001331
tune_lr_signmuon_unit-gain_0.0034_e15_t,0,lr,signmuon,unit-gain,tune,15,0.003400000000000002,2,0.6674924735175238,76.93333333333334,0.6664218154907227,77.8,0.6850397615909577,76.8,13.059636285001034
tune_lr_signmuon_unit-gain_0.0034_e15_t,0,lr,signmuon,unit-gain,tune,15,0.003400000000000002,3,0.4882475137074788,83.35111111111111,0.5350271758079529,82.19999999999999,0.5452408875465393,82.0,13.077143452999735
tune_lr_signmuon_unit-gain_0.0034_e15_t,0,lr,signmuon,unit-gain,tune,15,0.003400000000000002,4,0.3917708286921183,86.49777777777777,0.43786466588974,85.41,0.4264531905651093,85.88,13.094476381000277
tune_lr_signmuon_unit-gain_0.0034_e15_t,0,lr,signmuon,unit-gain,tune,15,0.003400000000000002,5,0.3225705462773641,88.84444444444445,0.41949063329696656,85.98,0.3994504702568054,86.7,13.094364845997916
tune_lr_signmuon_unit-gain_0.0034_e15_t,0,lr,signmuon,unit-gain,tune,15,0.003400000000000002,6,0.2717986905813217,90.71777777777777,0.35480079612731935,87.94999999999999,0.37495677642822267,87.82,13.084778888998699
tune_lr_signmuon_unit-gain_0.0034_e15_t,0,lr,signmuon,unit-gain,tune,15,0.003400000000000002,7,0.22103752399020724,92.33777777777777,0.33089515810012815,89.32,0.32884809198379517,89.34,13.085848292001174
tune_lr_signmuon_unit-gain_0.0034_e15_t,0,lr,signmuon,unit-gain,tune,15,0.003400000000000002,8,0.17739517028596666,93.86666666666666,0.326894429564476,90.0,0.33035142335891726,89.78,13.088244645998202
tune_lr_signmuon_unit-gain_0.0034_e15_t,0,lr,signmuon,unit-gain,tune,15,0.003400000000000002,9,0.14103343398306104,95.12222222222222,0.3117318061351776,90.69,0.30522523431777954,90.60000000000001,13.09328693000134
tune_lr_signmuon_unit-gain_0.0034_e15_t,0,lr,signmuon,unit-gain,tune,15,0.003400000000000002,10,0.11107329877879885,96.19555555555556,0.32857937116622926,90.7,0.3202618316650391,90.44,13.096247249999578
tune_lr_signmuon_unit-gain_0.0034_e15_t,0,lr,signmuon,unit-gain,tune,15,0.003400000000000002,11,0.08141622884273529,97.25777777777778,0.3073628153324127,91.7,0.3044720384597778,91.60000000000001,13.090053330997762
tune_lr_signmuon_unit-gain_0.0034_e15_t,0,lr,signmuon,unit-gain,tune,15,0.003400000000000002,12,0.05858844575352139,98.11333333333333,0.31210499792099,91.64,0.2978599620819092,91.92,13.08755685000142
tune_lr_signmuon_unit-gain_0.0034_e15_t,0,lr,signmuon,unit-gain,tune,15,0.003400000000000002,13,0.04332762129571703,98.6288888888889,0.2991699410915375,91.89,0.29312109031677247,92.25999999999999,13.087140727999213
tune_lr_signmuon_unit-gain_0.0034_e15_t,0,lr,signmuon,unit-gain,tune,15,0.003400000000000002,14,0.03243032411932945,99.01333333333334,0.2975208427429199,92.24,0.28866196727752685,92.34,13.100614820999908
tune_lr_signmuon_unit-gain_0.0034_e15_t,0,lr,signmuon,unit-gain,tune,15,0.003400000000000002,15,0.027949578404095437,99.16444444444444,0.29669756379127504,92.43,0.2908866075515747,92.58,13.082268280999415
tune_lr_signmuon_unit-gain_0.01578_e15_t,0,lr,signmuon,unit-gain,tune,15,0.01578140203428345,0,2.3028948455810547,10.246666666666666,2.3027890270233153,10.38,2.3021115951538085,10.34,
tune_lr_signmuon_unit-gain_0.01578_e15_t,0,lr,signmuon,unit-gain,tune,15,0.01578140203428345,1,1.1166360869937473,60.077777777777776,0.7699987370491028,73.86,0.7649870491027833,73.56,13.699427292001928
tune_lr_signmuon_unit-gain_0.01578_e15_t,0,lr,signmuon,unit-gain,tune,15,0.01578140203428345,2,0.6516739910549587,77.61333333333333,0.8837483386039734,71.99,0.8951018011093139,71.36,13.07041068000035
tune_lr_signmuon_unit-gain_0.01578_e15_t,0,lr,signmuon,unit-gain,tune,15,0.01578140203428345,3,0.5550124100632138,80.92,0.6569691889762879,78.93,0.6648902160644531,78.36,13.084143019001203
tune_lr_signmuon_unit-gain_0.01578_e15_t,0,lr,signmuon,unit-gain,tune,15,0.01578140203428345,4,0.49123061997095746,83.00666666666666,0.6125576502799988,80.04,0.6120607660293579,79.62,13.084507392999512
tune_lr_signmuon_unit-gain_0.01578_e15_t,0,lr,signmuon,unit-gain,tune,15,0.01578140203428345,5,0.4510662936528524,84.59777777777778,0.4713126429080963,84.52,0.46464447841644285,84.66,13.092667887998687
tune_lr_signmuon_unit-gain_0.01578_e15_t,0,lr,signmuon,unit-gain,tune,15,0.01578140203428345,6,0.40649700555271573,86.1511111111111,0.4475315446376801,84.75,0.44546305770874023,84.74000000000001,13.089133424000465
tune_lr_signmuon_unit-gain_0.01578_e15_t,0,lr,signmuon,unit-gain,tune,15,0.01578140203428345,7,0.36316261746618483,87.56444444444445,0.4309795376300812,86.08,0.42487808542251587,86.11999999999999,13.095234847001848
tune_lr_signmuon_unit-gain_0.01578_e15_t,0,lr,signmuon,unit-gain,tune,15,0.01578140203428345,8,0.32081685615645517,89.04222222222222,0.3648119046211243,88.05,0.3608292586803436,87.68,13.09260337500018
tune_lr_signmuon_unit-gain_0.01578_e15_t,0,lr,signmuon,unit-gain,tune,15,0.01578140203428345,9,0.27391998892360264,90.65555555555555,0.3568224920630455,88.83,0.33687630634307864,88.53999999999999,13.091625963999832
tune_lr_signmuon_unit-gain_0.01578_e15_t,0,lr,signmuon,unit-gain,tune,15,0.01578140203428345,10,0.23194447405868107,91.97999999999999,0.33109823861122134,89.69,0.33024900045394895,89.22,13.087599324000621
tune_lr_signmuon_unit-gain_0.01578_e15_t,0,lr,signmuon,unit-gain,tune,15,0.01578140203428345,11,0.1804962828980552,93.74666666666667,0.31079376507997514,90.25,0.3031229690551758,90.52,13.087536667997483
tune_lr_signmuon_unit-gain_0.01578_e15_t,0,lr,signmuon,unit-gain,tune,15,0.01578140203428345,12,0.13839588000774383,95.21555555555555,0.2975244784355164,91.3,0.28905181567668914,91.4,13.085756400996615
tune_lr_signmuon_unit-gain_0.01578_e15_t,0,lr,signmuon,unit-gain,tune,15,0.01578140203428345,13,0.10402562654548221,96.44,0.28025201263427735,91.97999999999999,0.2638544528245926,92.16,13.082130209997558
tune_lr_signmuon_unit-gain_0.01578_e15_t,0,lr,signmuon,unit-gain,tune,15,0.01578140203428345,14,0.0760984040207333,97.42666666666666,0.2757661590814591,92.09,0.26167585315704345,92.30000000000001,13.083293502000743
tune_lr_signmuon_unit-gain_0.01578_e15_t,0,lr,signmuon,unit-gain,tune,15,0.01578140203428345,15,0.059924540404478706,98.07333333333334,0.2678001982927322,92.44,0.2559519286632538,92.64,13.078939475999505
tune_lr_signmuon_unit-gain_0.07325_e15_t,0,lr,signmuon,unit-gain,tune,15,0.07325077946108408,0,2.3028948455810547,10.246666666666666,2.3027890270233153,10.38,2.302111595916748,10.34,
tune_lr_signmuon_unit-gain_0.07325_e15_t,0,lr,signmuon,unit-gain,tune,15,0.07325077946108408,1,1.37476340514289,50.32222222222222,1.2300738887786866,57.65,1.2461626876831056,57.599999999999994,13.69807822599978
tune_lr_signmuon_unit-gain_0.07325_e15_t,0,lr,signmuon,unit-gain,tune,15,0.07325077946108408,2,1.0620574443075392,62.27111111111111,1.3532711986541748,55.559999999999995,1.3606319780349732,54.92,13.063067996001337
tune_lr_signmuon_unit-gain_0.07325_e15_t,0,lr,signmuon,unit-gain,tune,15,0.07325077946108408,3,0.9609207541783651,66.39333333333333,1.4566455110549927,52.16,1.431753398323059,52.52,13.087523842001247
tune_lr_signmuon_unit-gain_0.07325_e15_t,0,lr,signmuon,unit-gain,tune,15,0.07325077946108408,4,0.9043595749007332,68.54,1.111300996685028,61.809999999999995,1.1185574417114257,61.72,13.08966216599947
tune_lr_signmuon_unit-gain_0.07325_e15_t,0,lr,signmuon,unit-gain,tune,15,0.07325077946108408,5,0.8592901841799419,70.0,1.4163805225372315,58.77,1.4306208158493041,58.699999999999996,13.085762106999027
tune_lr_signmuon_unit-gain_0.07325_e15_t,0,lr,signmuon,unit-gain,tune,15,0.07325077946108408,6,0.80932644305759,72.02444444444444,1.2496471546173096,59.45,1.2410790454864502,60.24,13.087907667002582
tune_lr_signmuon_unit-gain_0.07325_e15_t,0,lr,signmuon,unit-gain,tune,15,0.07325077946108408,7,0.7591284567726982,73.71777777777778,0.8922392386436463,71.47,0.902983367729187,70.94,13.087610872000369
tune_lr_signmuon_unit-gain_0.07325_e15_t,0,lr,signmuon,unit-gain,tune,15,0.07325077946108408,8,0.6985321875254313,75.96888888888888,1.0297994727134705,67.92,1.0327598972320557,67.94,13.075897430000623
tune_lr_signmuon_unit-gain_0.07325_e15_t,0,lr,signmuon,unit-gain,tune,15,0.07325077946108408,9,0.6451452701886495,77.63777777777779,0.7669353261947632,75.18,0.7980357891082763,73.76,13.082668283001112
tune_lr_signmuon_unit-gain_0.07325_e15_t,0,lr,signmuon,unit-gain,tune,15,0.07325077946108408,10,0.5791316760381063,79.99111111111111,0.5865324318885803,80.46,0.5997918768882752,79.54,13.072633367999515
tune_lr_signmuon_unit-gain_0.07325_e15_t,0,lr,signmuon,unit-gain,tune,15,0.07325077946108408,11,0.5004728705618117,82.82000000000001,0.5750044675827026,81.04,0.5902958326816559,80.97999999999999,13.07298224799888
tune_lr_signmuon_unit-gain_0.07325_e15_t,0,lr,signmuon,unit-gain,tune,15,0.07325077946108408,12,0.4189184348742167,85.71777777777778,0.5016010833740234,83.25,0.5177805717468261,83.1,13.071001577998686
tune_lr_signmuon_unit-gain_0.07325_e15_t,0,lr,signmuon,unit-gain,tune,15,0.07325077946108408,13,0.3395363009876675,88.32,0.40815291376113894,86.59,0.4086654190063477,85.82,13.069692151002528
tune_lr_signmuon_unit-gain_0.07325_e15_t,0,lr,signmuon,unit-gain,tune,15,0.07325077946108408,14,0.26306037494871354,90.97333333333333,0.33686055631637574,89.25,0.3305488574981689,88.58,13.06905792500038
tune_lr_signmuon_unit-gain_0.07325_e15_t,0,lr,signmuon,unit-gain,tune,15,0.07325077946108408,15,0.21124850085576374,92.96444444444445,0.3133277836322784,89.81,0.3066992014884949,89.82,13.066411304000212
tune_lr_signmuon_unit-gain_0.34_e15_t,0,lr,signmuon,unit-gain,tune,15,0.3400000000000002,0,2.3028948455810547,10.246666666666666,2.3027890270233153,10.38,2.3021115951538085,10.34,
tune_lr_signmuon_unit-gain_0.34_e15_t,0,lr,signmuon,unit-gain,tune,15,0.3400000000000002,1,1.857285246488783,30.562222222222225,2.2368022148132325,22.1,2.25694386138916,21.32,13.6943035530021
tune_lr_signmuon_unit-gain_0.34_e15_t,0,lr,signmuon,unit-gain,tune,15,0.3400000000000002,2,1.793726979637146,32.33111111111111,1.9514005868911743,30.869999999999997,1.9705436906814575,29.220000000000002,13.045436872998835
tune_lr_signmuon_unit-gain_0.34_e15_t,0,lr,signmuon,unit-gain,tune,15,0.3400000000000002,3,1.7912798035091824,32.34222222222222,1.9965113592147827,28.58,1.993919543838501,27.68,13.06920288800029
tune_lr_signmuon_unit-gain_0.34_e15_t,0,lr,signmuon,unit-gain,tune,15,0.3400000000000002,4,1.767602191819085,33.215555555555554,1.8159876634597778,33.82,1.8422490440368653,32.76,13.082911212000909
tune_lr_signmuon_unit-gain_0.34_e15_t,0,lr,signmuon,unit-gain,tune,15,0.3400000000000002,5,1.7232668607711792,35.013333333333335,2.3185192054748534,25.85,2.32543717212677,25.96,13.084870998001861
tune_lr_signmuon_unit-gain_0.34_e15_t,0,lr,signmuon,unit-gain,tune,15,0.3400000000000002,6,1.6274824258804321,39.18222222222222,1.9229315881729125,27.6,1.9071604625701903,28.299999999999997,13.087912585000595
tune_lr_signmuon_unit-gain_0.34_e15_t,0,lr,signmuon,unit-gain,tune,15,0.3400000000000002,7,1.4864818390740289,45.544444444444444,1.8413866474151612,32.89,1.8473769849777222,33.62,13.098146708998684
tune_lr_signmuon_unit-gain_0.34_e15_t,0,lr,signmuon,unit-gain,tune,15,0.3400000000000002,8,1.3915364020241632,49.65555555555555,1.517701227760315,46.53,1.5073509363174438,47.160000000000004,13.089705965001485
tune_lr_signmuon_unit-gain_0.34_e15_t,0,lr,signmuon,unit-gain,tune,15,0.3400000000000002,9,1.3056189022276137,52.86666666666666,1.9379443117141724,42.83,1.9118578353881837,44.2,13.087974994999968
tune_lr_signmuon_unit-gain_0.34_e15_t,0,lr,signmuon,unit-gain,tune,15,0.3400000000000002,10,1.2044930128733318,56.79555555555555,1.4187621490478515,54.53,1.3987992785453796,54.6,13.083348069001659
tune_lr_signmuon_unit-gain_0.34_e15_t,0,lr,signmuon,unit-gain,tune,15,0.3400000000000002,11,1.05622878891627,62.55555555555555,1.2036047428131103,59.57,1.2143968952178954,58.940000000000005,13.08412228999805
tune_lr_signmuon_unit-gain_0.34_e15_t,0,lr,signmuon,unit-gain,tune,15,0.3400000000000002,12,0.9075561374240452,68.15777777777777,1.333763087272644,57.43000000000001,1.3728721433639526,57.28,13.07695421599783
tune_lr_signmuon_unit-gain_0.34_e15_t,0,lr,signmuon,unit-gain,tune,15,0.3400000000000002,13,0.7633649216969808,73.36666666666667,1.2132803981781006,62.51,1.2329892545700074,62.03999999999999,13.07382834999953
tune_lr_signmuon_unit-gain_0.34_e15_t,0,lr,signmuon,unit-gain,tune,15,0.3400000000000002,14,0.6069380652745565,78.87333333333333,0.6723605505943299,77.19,0.6873816676139831,76.55999999999999,13.064465279003343
tune_lr_signmuon_unit-gain_0.34_e15_t,0,lr,signmuon,unit-gain,tune,15,0.3400000000000002,15,0.47591031489902075,83.56222222222223,0.4758914438724518,83.81,0.48072581491470334,83.32000000000001,13.068322150000313
tune_lr_signsgd_mup_0.005347_e15_t,0,lr,signsgd,mup,tune,15,0.005347110336321924,0,2.3028948455810547,10.246666666666666,2.3027890270233153,10.38,2.3021115951538085,10.34,
tune_lr_signsgd_mup_0.005347_e15_t,0,lr,signsgd,mup,tune,15,0.005347110336321924,1,1.7799097935146755,33.413333333333334,1.4875678489685058,43.6,1.4903139921188355,43.3,11.435743990994524
tune_lr_signsgd_mup_0.005347_e15_t,0,lr,signsgd,mup,tune,15,0.005347110336321924,2,1.4233756757524278,47.44222222222223,1.3420763082504272,51.339999999999996,1.3138841022491454,52.52,10.883323923000717
tune_lr_signsgd_mup_0.005347_e15_t,0,lr,signsgd,mup,tune,15,0.005347110336321924,3,1.2591042948616875,54.18222222222222,1.1842937307357788,57.42,1.1649794994354248,57.82000000000001,10.890014292999695
tune_lr_signsgd_mup_0.005347_e15_t,0,lr,signsgd,mup,tune,15,0.005347110336321924,4,1.135331966082255,58.98,1.0898488138198852,61.01,1.0842153233528138,60.88,10.903222691995325
tune_lr_signsgd_mup_0.005347_e15_t,0,lr,signsgd,mup,tune,15,0.005347110336321924,5,1.0428834185918172,62.37555555555555,1.040016602230072,63.83,1.0241671863555908,64.2,10.915611094998894
tune_lr_signsgd_mup_0.005347_e15_t,0,lr,signsgd,mup,tune,15,0.005347110336321924,6,0.9741831189897325,64.94666666666666,0.9529609118461609,66.75,0.9506575969696045,66.66,10.916325890000735
tune_lr_signsgd_mup_0.005347_e15_t,0,lr,signsgd,mup,tune,15,0.005347110336321924,7,0.9062777481185066,67.79333333333334,0.8872737619400024,68.77,0.8964054111480713,68.82000000000001,10.92779288100428
tune_lr_signsgd_mup_0.005347_e15_t,0,lr,signsgd,mup,tune,15,0.005347110336321924,8,0.8603083770963881,69.36666666666666,0.8882460010528564,68.85,0.8976406829833984,68.38,10.91682945300272
tune_lr_signsgd_mup_0.005347_e15_t,0,lr,signsgd,mup,tune,15,0.005347110336321924,9,0.8202186776267157,70.65333333333334,0.8327655700683594,70.73,0.851638217163086,69.74000000000001,10.92178312499891
tune_lr_signsgd_mup_0.005347_e15_t,0,lr,signsgd,mup,tune,15,0.005347110336321924,10,0.7911211035622491,71.81111111111112,0.8079988327980041,71.89,0.8351467308044433,70.48,10.91794757900061
tune_lr_signsgd_mup_0.005347_e15_t,0,lr,signsgd,mup,tune,15,0.005347110336321924,11,0.7601757035679287,72.94888888888889,0.7750245816230774,72.91,0.7926713565826417,72.32,10.914289098000154
tune_lr_signsgd_mup_0.005347_e15_t,0,lr,signsgd,mup,tune,15,0.005347110336321924,12,0.7416681004736159,73.76666666666667,0.7532789993286133,73.41,0.7751304018020629,72.64,10.907968500003335
tune_lr_signsgd_mup_0.005347_e15_t,0,lr,signsgd,mup,tune,15,0.005347110336321924,13,0.7306547714445326,73.9888888888889,0.7515160524368286,73.67,0.7730569513320923,72.96000000000001,10.911782294999284
tune_lr_signsgd_mup_0.005347_e15_t,0,lr,signsgd,mup,tune,15,0.005347110336321924,14,0.7205092032114665,74.40222222222222,0.7455188774108886,73.85000000000001,0.7674275876998902,73.2,10.91731023399916
tune_lr_signsgd_mup_0.005347_e15_t,0,lr,signsgd,mup,tune,15,0.005347110336321924,15,0.7132390574561225,74.61777777777779,0.7437888499259949,73.77,0.7668298057556152,73.34,10.912845705999644
tune_lr_signsgd_mup_0.02482_e15_t,0,lr,signsgd,mup,tune,15,0.02481908762916731,0,2.3028948455810547,10.246666666666666,2.3027890270233153,10.38,2.3021115951538085,10.34,
tune_lr_signsgd_mup_0.02482_e15_t,0,lr,signsgd,mup,tune,15,0.02481908762916731,1,1.5556975927988688,42.60888888888889,1.291858378982544,53.89000000000001,1.3050218320846558,53.66,11.439136073000554
tune_lr_signsgd_mup_0.02482_e15_t,0,lr,signsgd,mup,tune,15,0.02481908762916731,2,1.0651805752330357,61.757777777777775,0.990072567653656,64.87,1.0043592529296874,64.98,10.89832936800667
tune_lr_signsgd_mup_0.02482_e15_t,0,lr,signsgd,mup,tune,15,0.02481908762916731,3,0.8419021067089505,70.06444444444443,0.8029397453308106,72.32,0.8081860710144043,71.67999999999999,10.90434149900102
tune_lr_signsgd_mup_0.02482_e15_t,0,lr,signsgd,mup,tune,15,0.02481908762916731,4,0.7015034416728549,75.47777777777777,0.6964078943252563,75.5,0.7243817405700683,74.6,10.911281127999246
tune_lr_signsgd_mup_0.02482_e15_t,0,lr,signsgd,mup,tune,15,0.02481908762916731,5,0.6149161979145474,78.42666666666666,0.6999630468845367,77.37,0.7109483827590942,76.32,10.910776053999143
tune_lr_signsgd_mup_0.02482_e15_t,0,lr,signsgd,mup,tune,15,0.02481908762916731,6,0.5423164132224189,81.11777777777777,0.5534784733772278,80.93,0.5585003908157349,81.22,10.926072916998237
tune_lr_signsgd_mup_0.02482_e15_t,0,lr,signsgd,mup,tune,15,0.02481908762916731,7,0.47663896102905273,83.52888888888889,0.5843644274711609,80.91000000000001,0.6112981350898743,80.28,10.914052204003383
tune_lr_signsgd_mup_0.02482_e15_t,0,lr,signsgd,mup,tune,15,0.02481908762916731,8,0.43236133060455323,84.92222222222222,0.5115981862545014,82.52000000000001,0.5313941205024719,82.42,10.91877462100092
tune_lr_signsgd_mup_0.02482_e15_t,0,lr,signsgd,mup,tune,15,0.02481908762916731,9,0.38917540323469374,86.25111111111111,0.5106603261947632,83.59,0.5128552748680115,82.86,10.918104105003295
tune_lr_signsgd_mup_0.02482_e15_t,0,lr,signsgd,mup,tune,15,0.02481908762916731,10,0.3572910395145416,87.51777777777778,0.4654477839946747,84.83000000000001,0.4803290096282959,84.52,10.916521029997966
tune_lr_signsgd_mup_0.02482_e15_t,0,lr,signsgd,mup,tune,15,0.02481908762916731,11,0.31962732158237034,88.92,0.4285371551513672,85.94000000000001,0.4380080226898193,85.64,10.914701928995783
tune_lr_signsgd_mup_0.02482_e15_t,0,lr,signsgd,mup,tune,15,0.02481908762916731,12,0.2971975664191776,89.5911111111111,0.41248877348899843,86.63,0.4265975402832031,86.48,10.913170076004462
tune_lr_signsgd_mup_0.02482_e15_t,0,lr,signsgd,mup,tune,15,0.02481908762916731,13,0.2774846829944187,90.29777777777778,0.40148602061271665,86.99,0.4051022861480713,86.3,10.90940095300175
tune_lr_signsgd_mup_0.02482_e15_t,0,lr,signsgd,mup,tune,15,0.02481908762916731,14,0.26351520277659096,91.01777777777778,0.39608122010231017,87.15,0.4007078707695007,87.22,10.910004769000807
tune_lr_signsgd_mup_0.02482_e15_t,0,lr,signsgd,mup,tune,15,0.02481908762916731,15,0.2552483620378706,91.26222222222222,0.39283934412002564,87.44,0.398052924156189,87.2,10.91428237999935
tune_lr_signsgd_mup_0.1152_e15_t,0,lr,signsgd,mup,tune,15,0.11520000000000002,0,2.3028948455810547,10.246666666666666,2.302789026641846,10.38,2.3021115951538085,10.34,
tune_lr_signsgd_mup_0.1152_e15_t,0,lr,signsgd,mup,tune,15,0.11520000000000002,1,1.4770356543752883,45.94,1.20314890499115,58.4,1.2208452690124512,57.99999999999999,11.423823064003955
tune_lr_signsgd_mup_0.1152_e15_t,0,lr,signsgd,mup,tune,15,0.11520000000000002,2,0.9433746264563666,66.64,0.8140857504844665,71.58,0.8316988931655884,70.6,10.868167189000815
tune_lr_signsgd_mup_0.1152_e15_t,0,lr,signsgd,mup,tune,15,0.11520000000000002,3,0.7254318890147738,74.64444444444445,0.7107758944034577,75.53999999999999,0.7383402565002442,74.7,10.882553647003078
tune_lr_signsgd_mup_0.1152_e15_t,0,lr,signsgd,mup,tune,15,0.11520000000000002,4,0.6052202588823107,78.96,0.6848384605407715,77.18,0.7062132329940796,75.82,10.88708827100345
tune_lr_signsgd_mup_0.1152_e15_t,0,lr,signsgd,mup,tune,15,0.11520000000000002,5,0.5196920326020983,82.04,0.5896613023757935,80.61,0.5877386303901673,79.78,10.895070163001947
tune_lr_signsgd_mup_0.1152_e15_t,0,lr,signsgd,mup,tune,15,0.11520000000000002,6,0.4516991468588511,84.46000000000001,0.47979453129768374,84.2,0.47274942989349367,83.89999999999999,10.891680401997291
tune_lr_signsgd_mup_0.1152_e15_t,0,lr,signsgd,mup,tune,15,0.11520000000000002,7,0.39731535456975303,86.33555555555556,0.4454025676727295,85.17,0.463339729642868,84.84,10.896696135998354
tune_lr_signsgd_mup_0.1152_e15_t,0,lr,signsgd,mup,tune,15,0.11520000000000002,8,0.3459152941597833,87.95777777777778,0.4098476709365845,86.49,0.41558509082794187,85.72,10.905329907000123
tune_lr_signsgd_mup_0.1152_e15_t,0,lr,signsgd,mup,tune,15,0.11520000000000002,9,0.29981913602087235,89.64444444444445,0.4000589114665985,87.12,0.39651565294265745,87.36,10.89979305700399
tune_lr_signsgd_mup_0.1152_e15_t,0,lr,signsgd,mup,tune,15,0.11520000000000002,10,0.2635806695514255,90.87777777777778,0.36673249917030337,88.21,0.3657913988113403,87.82,10.892695438000374
tune_lr_signsgd_mup_0.1152_e15_t,0,lr,signsgd,mup,tune,15,0.11520000000000002,11,0.22869181841479408,92.00222222222222,0.3632142415523529,88.67,0.3632564946174622,88.08,10.892843524001364
tune_lr_signsgd_mup_0.1152_e15_t,0,lr,signsgd,mup,tune,15,0.11520000000000002,12,0.1970357302904129,93.20666666666668,0.3354319541931152,89.24,0.34549893102645873,89.12,10.894574878999265
tune_lr_signsgd_mup_0.1152_e15_t,0,lr,signsgd,mup,tune,15,0.11520000000000002,13,0.17456749884817335,94.01555555555555,0.3241262285470963,89.64999999999999,0.32479429168701174,89.42,10.889138208003715
tune_lr_signsgd_mup_0.1152_e15_t,0,lr,signsgd,mup,tune,15,0.11520000000000002,14,0.15800049967765809,94.58222222222223,0.32689974331855776,89.62,0.32319503679275513,89.48,10.898050778996549
tune_lr_signsgd_mup_0.1152_e15_t,0,lr,signsgd,mup,tune,15,0.11520000000000002,15,0.14757393945588007,94.96444444444444,0.3227235258817673,89.92999999999999,0.31960659141540526,89.68,10.890291607996915
tune_lr_signsgd_mup_0.5347_e15_t,0,lr,signsgd,mup,tune,15,0.5347110336321922,0,2.3028948455810547,10.246666666666666,2.3027890270233153,10.38,2.302111595916748,10.34,
tune_lr_signsgd_mup_0.5347_e15_t,0,lr,signsgd,mup,tune,15,0.5347110336321922,1,1.555284040345086,42.82888888888889,1.2125104034423828,55.510000000000005,1.2144545964241027,55.42,11.426245711001684
tune_lr_signsgd_mup_0.5347_e15_t,0,lr,signsgd,mup,tune,15,0.5347110336321922,2,1.052499411476983,62.05555555555555,0.945743590927124,67.08,0.9527909651756287,65.48,10.876146732000052
tune_lr_signsgd_mup_0.5347_e15_t,0,lr,signsgd,mup,tune,15,0.5347110336321922,3,0.8193586068789164,71.1511111111111,0.7820670879364013,73.05,0.8017125135421753,72.1,10.890684137993958
tune_lr_signsgd_mup_0.5347_e15_t,0,lr,signsgd,mup,tune,15,0.5347110336321922,4,0.6776783255153233,76.34666666666666,0.7239619136810302,75.51,0.7394203888893127,74.96000000000001,10.893339000998822
tune_lr_signsgd_mup_0.5347_e15_t,0,lr,signsgd,mup,tune,15,0.5347110336321922,5,0.58786181145774,79.41777777777777,0.6954675612449646,77.38000000000001,0.6913817679405212,77.25999999999999,10.899870581997675
tune_lr_signsgd_mup_0.5347_e15_t,0,lr,signsgd,mup,tune,15,0.5347110336321922,6,0.5119101959970263,82.15555555555557,0.5454104594230652,81.33,0.5539596000671386,80.25999999999999,10.889742343002581
tune_lr_signsgd_mup_0.5347_e15_t,0,lr,signsgd,mup,tune,15,0.5347110336321922,7,0.4515980786005656,84.28,0.5149956993103028,83.36,0.515357788181305,82.39999999999999,10.891444556000351
tune_lr_signsgd_mup_0.5347_e15_t,0,lr,signsgd,mup,tune,15,0.5347110336321922,8,0.4012691057893965,86.15555555555555,0.44650873613357545,85.19,0.4433245979309082,84.48,10.894196909001039
tune_lr_signsgd_mup_0.5347_e15_t,0,lr,signsgd,mup,tune,15,0.5347110336321922,9,0.3518673338307275,87.64222222222222,0.43842490963935854,85.81,0.43391020498275756,85.44,10.89623530300014
tune_lr_signsgd_mup_0.5347_e15_t,0,lr,signsgd,mup,tune,15,0.5347110336321922,10,0.3184384976016151,89.1288888888889,0.41851922483444215,86.6,0.4223295380115509,85.92,10.888700110001082
tune_lr_signsgd_mup_0.5347_e15_t,0,lr,signsgd,mup,tune,15,0.5347110336321922,11,0.2790875982284546,90.31777777777778,0.3910080472946167,87.49,0.3901053818464279,86.98,10.88742287599598
tune_lr_signsgd_mup_0.5347_e15_t,0,lr,signsgd,mup,tune,15,0.5347110336321922,12,0.24802991556591458,91.3,0.38042192234992983,87.96000000000001,0.3808339895248413,87.74,10.884545091998007
tune_lr_signsgd_mup_0.5347_e15_t,0,lr,signsgd,mup,tune,15,0.5347110336321922,13,0.22849530418846342,92.09555555555555,0.36494653511047365,88.4,0.3574456458091736,88.36,10.89943763500196
tune_lr_signsgd_mup_0.5347_e15_t,0,lr,signsgd,mup,tune,15,0.5347110336321922,14,0.20788997128274705,92.79333333333334,0.36184109902381895,88.55,0.3491098620414734,88.56,10.88743105699541
tune_lr_signsgd_mup_0.5347_e15_t,0,lr,signsgd,mup,tune,15,0.5347110336321922,15,0.1989281903054979,93.19555555555556,0.3600132836341858,88.47,0.3485473855495453,88.68,10.886104832003184
tune_lr_signsgd_mup_11.52_e15_t,0,lr,signsgd,mup,tune,15,11.520000000000001,0,2.3028948455810547,10.246666666666666,2.3027890270233153,10.38,2.3021115951538085,10.34,
tune_lr_signsgd_mup_11.52_e15_t,0,lr,signsgd,mup,tune,15,11.520000000000001,1,1.7506038754357232,35.36666666666667,1.418371856880188,47.94,1.4156863489151001,48.120000000000005,11.422671519998403
tune_lr_signsgd_mup_11.52_e15_t,0,lr,signsgd,mup,tune,15,11.520000000000001,2,1.2878735445446439,53.128888888888895,1.1687543895721435,57.84,1.1687755138397218,58.28,10.870715944998665
tune_lr_signsgd_mup_11.52_e15_t,0,lr,signsgd,mup,tune,15,11.520000000000001,3,1.047203205034468,62.71555555555556,1.0496399394989013,62.69,1.054107264137268,62.86000000000001,10.886702855001204
tune_lr_signsgd_mup_11.52_e15_t,0,lr,signsgd,mup,tune,15,11.520000000000001,4,0.9035229678365919,67.76666666666667,0.9737211260795593,66.47999999999999,0.96672493019104,66.12,10.891643606999423
tune_lr_signsgd_mup_11.52_e15_t,0,lr,signsgd,mup,tune,15,11.520000000000001,5,0.7948545763015747,71.88444444444444,0.8380897369384765,71.39,0.8478202781200409,70.56,10.892114359005063
tune_lr_signsgd_mup_11.52_e15_t,0,lr,signsgd,mup,tune,15,11.520000000000001,6,0.6986549105962118,75.2911111111111,0.787282264328003,73.25,0.7770827902793884,73.7,10.892520547000458
tune_lr_signsgd_mup_11.52_e15_t,0,lr,signsgd,mup,tune,15,11.520000000000001,7,0.6130998435232374,78.35777777777778,0.6080162734985352,79.05,0.6169518552780151,78.74,10.897506892004458
tune_lr_signsgd_mup_11.52_e15_t,0,lr,signsgd,mup,tune,15,11.520000000000001,8,0.5440237869474623,80.88222222222223,0.5796754343986511,80.08,0.5969865834236145,79.97999999999999,10.902824580000015
tune_lr_signsgd_mup_11.52_e15_t,0,lr,signsgd,mup,tune,15,11.520000000000001,9,0.47942220229042903,83.22888888888889,0.5595051278114319,81.53,0.5691591920852661,80.92,10.900945670997316
tune_lr_signsgd_mup_11.52_e15_t,0,lr,signsgd,mup,tune,15,11.520000000000001,10,0.4353373420291477,84.90222222222222,0.5132737478256225,82.85,0.5213018054723739,82.82000000000001,10.891323793999618
tune_lr_signsgd_mup_11.52_e15_t,0,lr,signsgd,mup,tune,15,11.520000000000001,11,0.39199275557729935,86.27333333333334,0.4633896297454834,84.45,0.46325850257873535,83.91999999999999,10.896812856000906
tune_lr_signsgd_mup_11.52_e15_t,0,lr,signsgd,mup,tune,15,11.520000000000001,12,0.35483659133911133,87.47777777777777,0.45639081563949585,84.69,0.4619437409877777,84.52,10.899237217003247
tune_lr_signsgd_mup_11.52_e15_t,0,lr,signsgd,mup,tune,15,11.520000000000001,13,0.330019854815801,88.66888888888889,0.4327322924613953,85.64,0.44143525505065917,85.18,10.901023343998531
tune_lr_signsgd_mup_11.52_e15_t,0,lr,signsgd,mup,tune,15,11.520000000000001,14,0.30727441998057897,89.2911111111111,0.4203649878501892,86.09,0.42734405508041384,85.68,10.896272202997352
tune_lr_signsgd_mup_11.52_e15_t,0,lr,signsgd,mup,tune,15,11.520000000000001,15,0.2979478376282586,89.71333333333334,0.416131667137146,86.06,0.42608040924072266,85.5,10.892056116004824
tune_lr_signsgd_mup_2.482_e15_t,0,lr,signsgd,mup,tune,15,2.48190876291673,0,2.3028948455810547,10.246666666666666,2.302789026641846,10.38,2.3021115951538085,10.34,
tune_lr_signsgd_mup_2.482_e15_t,0,lr,signsgd,mup,tune,15,2.48190876291673,1,1.7277121126598782,36.37555555555556,1.4649291412353516,47.43,1.4778781297683716,46.28,11.415747897000983
tune_lr_signsgd_mup_2.482_e15_t,0,lr,signsgd,mup,tune,15,2.48190876291673,2,1.270957474369473,53.96222222222222,1.1792768936157227,57.21000000000001,1.1806710748672484,57.92,10.872907128999941
tune_lr_signsgd_mup_2.482_e15_t,0,lr,signsgd,mup,tune,15,2.48190876291673,3,1.0213662527932061,63.50888888888889,0.961726643371582,65.88000000000001,0.9652414323806763,65.86,10.87786762900214
tune_lr_signsgd_mup_2.482_e15_t,0,lr,signsgd,mup,tune,15,2.48190876291673,4,0.8675499262809754,69.17111111111112,0.910429780960083,68.7,0.9223058564186096,68.42,10.887253897002665
tune_lr_signsgd_mup_2.482_e15_t,0,lr,signsgd,mup,tune,15,2.48190876291673,5,0.755392022620307,73.37333333333333,0.7769466773986816,73.76,0.773712195634842,72.94,10.900803291006014
tune_lr_signsgd_mup_2.482_e15_t,0,lr,signsgd,mup,tune,15,2.48190876291673,6,0.656227442794376,77.00444444444445,0.6883301953315735,76.11,0.6780551279067993,76.34,10.900146414001938
tune_lr_signsgd_mup_2.482_e15_t,0,lr,signsgd,mup,tune,15,2.48190876291673,7,0.5755324782159593,79.91111111111111,0.5890001740455627,80.47,0.5910287055015564,79.12,10.89860970799782
tune_lr_signsgd_mup_2.482_e15_t,0,lr,signsgd,mup,tune,15,2.48190876291673,8,0.5095379916297065,82.11555555555556,0.5685294129371643,81.34,0.5684215540885925,80.74,10.898806561999663
tune_lr_signsgd_mup_2.482_e15_t,0,lr,signsgd,mup,tune,15,2.48190876291673,9,0.45009963193999397,84.21111111111111,0.5477123456001282,81.89,0.5254316240310669,81.86,10.904669089999516
tune_lr_signsgd_mup_2.482_e15_t,0,lr,signsgd,mup,tune,15,2.48190876291673,10,0.40841549077563816,85.7911111111111,0.5017238856315612,83.11,0.5084682806968689,82.67999999999999,10.897803205996752
tune_lr_signsgd_mup_2.482_e15_t,0,lr,signsgd,mup,tune,15,2.48190876291673,11,0.36402324392795565,87.19111111111111,0.4382122340202331,85.61,0.43445542488098143,85.06,10.89536488900194
tune_lr_signsgd_mup_2.482_e15_t,0,lr,signsgd,mup,tune,15,2.48190876291673,12,0.3291750707043542,88.62666666666667,0.4201390393257141,86.08,0.4268616826057434,86.3,10.891210085996136
tune_lr_signsgd_mup_2.482_e15_t,0,lr,signsgd,mup,tune,15,2.48190876291673,13,0.30498400540351867,89.27555555555556,0.40594745330810544,86.36,0.41194173183441163,86.14,10.891042986004322
tune_lr_signsgd_mup_2.482_e15_t,0,lr,signsgd,mup,tune,15,2.48190876291673,14,0.28610496973461574,90.16,0.39744627475738525,86.63,0.4012201455593109,86.46000000000001,10.890188527999271
tune_lr_signsgd_mup_2.482_e15_t,0,lr,signsgd,mup,tune,15,2.48190876291673,15,0.2751088475969103,90.44222222222223,0.39111247940063476,86.64,0.3984906918525696,86.52,10.897775188001106
tune_lr_signsgd_unit-gain_0.0034_e15_t,0,lr,signsgd,unit-gain,tune,15,0.003400000000000002,0,2.3028948455810547,10.246666666666666,2.3027890270233153,10.38,2.302111595916748,10.34,
tune_lr_signsgd_unit-gain_0.0034_e15_t,0,lr,signsgd,unit-gain,tune,15,0.003400000000000002,1,1.4218258674409654,47.88222222222222,1.1729098472595214,58.86,1.1887696657180786,58.599999999999994,11.494598901001154
tune_lr_signsgd_unit-gain_0.0034_e15_t,0,lr,signsgd,unit-gain,tune,15,0.003400000000000002,2,0.9330516959296332,66.87777777777778,0.9529912897109986,66.97,0.9579993127822876,66.64,10.95425105600225
tune_lr_signsgd_unit-gain_0.0034_e15_t,0,lr,signsgd,unit-gain,tune,15,0.003400000000000002,3,0.7357259412871466,74.03777777777778,0.8218563997268676,72.65,0.8445461114883422,71.96000000000001,10.966195240998786
tune_lr_signsgd_unit-gain_0.0034_e15_t,0,lr,signsgd,unit-gain,tune,15,0.003400000000000002,4,0.6192547130584717,78.52888888888889,0.6908663597106933,77.07000000000001,0.703619041633606,76.86,10.966808440000023
tune_lr_signsgd_unit-gain_0.0034_e15_t,0,lr,signsgd,unit-gain,tune,15,0.003400000000000002,5,0.541733760743671,81.14222222222223,0.573806227684021,80.44,0.6033985747337341,79.92,10.972728226999607
tune_lr_signsgd_unit-gain_0.0034_e15_t,0,lr,signsgd,unit-gain,tune,15,0.003400000000000002,6,0.4703932388941447,83.91555555555556,0.5169863432884216,82.78,0.5264970876216889,81.78,10.97271432600246
tune_lr_signsgd_unit-gain_0.0034_e15_t,0,lr,signsgd,unit-gain,tune,15,0.003400000000000002,7,0.41422748523288305,85.74888888888889,0.5072877890586853,84.06,0.5246251016616821,83.52000000000001,10.972978395999235
tune_lr_signsgd_unit-gain_0.0034_e15_t,0,lr,signsgd,unit-gain,tune,15,0.003400000000000002,8,0.36348839541011385,87.5111111111111,0.41420774667263033,85.91,0.43022915992736815,85.38,10.97292215500056
tune_lr_signsgd_unit-gain_0.0034_e15_t,0,lr,signsgd,unit-gain,tune,15,0.003400000000000002,9,0.3153545472515954,89.1,0.43217045822143557,86.17,0.4198494493484497,86.61999999999999,10.974478135998652
tune_lr_signsgd_unit-gain_0.0034_e15_t,0,lr,signsgd,unit-gain,tune,15,0.003400000000000002,10,0.27468505800565085,90.6088888888889,0.38119613933563234,87.92,0.38420384993553164,87.64,10.972968574998959
tune_lr_signsgd_unit-gain_0.0034_e15_t,0,lr,signsgd,unit-gain,tune,15,0.003400000000000002,11,0.23234533865981633,91.97111111111111,0.35985176062583923,88.74,0.35057258920669554,88.53999999999999,10.96892736800146
tune_lr_signsgd_unit-gain_0.0034_e15_t,0,lr,signsgd,unit-gain,tune,15,0.003400000000000002,12,0.1939785252571106,93.28888888888889,0.33728920078277586,89.7,0.33632247533798215,89.66,10.971866846000921
tune_lr_signsgd_unit-gain_0.0034_e15_t,0,lr,signsgd,unit-gain,tune,15,0.003400000000000002,13,0.1648166569524341,94.31111111111112,0.3162212832212448,90.25999999999999,0.3090673583030701,90.5,10.97239820500181
tune_lr_signsgd_unit-gain_0.0034_e15_t,0,lr,signsgd,unit-gain,tune,15,0.003400000000000002,14,0.14240374432139927,95.11555555555556,0.3135928047180176,90.62,0.3006036810874939,90.98,10.967369746998884
tune_lr_signsgd_unit-gain_0.0034_e15_t,0,lr,signsgd,unit-gain,tune,15,0.003400000000000002,15,0.13005998877949185,95.57555555555555,0.3122967663049698,90.55,0.30081147997379304,91.14,10.965411617002246
tune_lr_signsgd_unit-gain_0.01578_e15_t,0,lr,signsgd,unit-gain,tune,15,0.01578140203428345,0,2.3028948455810547,10.246666666666666,2.3027890270233153,10.38,2.302111595916748,10.34,
tune_lr_signsgd_unit-gain_0.01578_e15_t,0,lr,signsgd,unit-gain,tune,15,0.01578140203428345,1,1.557999255985684,42.51333333333333,1.4766436861038208,49.02,1.4892899810791016,48.699999999999996,11.486752990000241
tune_lr_signsgd_unit-gain_0.01578_e15_t,0,lr,signsgd,unit-gain,tune,15,0.01578140203428345,2,1.1479366655137804,58.864444444444445,1.5564515314102172,48.64,1.5799523483276368,48.08,10.940608078999503
tune_lr_signsgd_unit-gain_0.01578_e15_t,0,lr,signsgd,unit-gain,tune,15,0.01578140203428345,3,0.9516859330495199,66.47555555555556,1.207551619720459,58.46,1.2184447551727295,58.26,10.945425216999865
tune_lr_signsgd_unit-gain_0.01578_e15_t,0,lr,signsgd,unit-gain,tune,15,0.01578140203428345,4,0.824629536151886,71.24222222222222,0.9861678602218628,67.23,1.0144024446487427,65.8,10.952127553002356
tune_lr_signsgd_unit-gain_0.01578_e15_t,0,lr,signsgd,unit-gain,tune,15,0.01578140203428345,5,0.7335812598016527,74.66666666666667,0.8249301252365112,72.05,0.8270876040458679,71.64,10.946875865000038
tune_lr_signsgd_unit-gain_0.01578_e15_t,0,lr,signsgd,unit-gain,tune,15,0.01578140203428345,6,0.6636264431423611,77.0111111111111,0.9238897494316101,69.62,0.9237086368560791,70.02000000000001,10.951260263002041
tune_lr_signsgd_unit-gain_0.01578_e15_t,0,lr,signsgd,unit-gain,tune,15,0.01578140203428345,7,0.5978513921525743,79.47555555555556,0.7841886220932007,73.47,0.8054742795944214,72.32,10.952718111999275
tune_lr_signsgd_unit-gain_0.01578_e15_t,0,lr,signsgd,unit-gain,tune,15,0.01578140203428345,8,0.5379894966549343,81.44,0.6090396773338318,79.43,0.6213832485198975,78.66,10.944678515003034
tune_lr_signsgd_unit-gain_0.01578_e15_t,0,lr,signsgd,unit-gain,tune,15,0.01578140203428345,9,0.47831513322724234,83.46666666666667,0.5311380719184875,82.36,0.5383799814224243,81.92,10.942472606999218
tune_lr_signsgd_unit-gain_0.01578_e15_t,0,lr,signsgd,unit-gain,tune,15,0.01578140203428345,10,0.424697817018297,85.48444444444443,0.5304138899803161,82.69999999999999,0.5403766464233398,82.52000000000001,10.940919217002374
tune_lr_signsgd_unit-gain_0.01578_e15_t,0,lr,signsgd,unit-gain,tune,15,0.01578140203428345,11,0.35957543818685744,87.63111111111111,0.4366106659889221,85.84,0.45052298164367677,85.52,10.938363590001245
tune_lr_signsgd_unit-gain_0.01578_e15_t,0,lr,signsgd,unit-gain,tune,15,0.01578140203428345,12,0.30396186655362445,89.45777777777778,0.3925780606746674,87.15,0.4128442306518555,86.58,10.938556206998328
tune_lr_signsgd_unit-gain_0.01578_e15_t,0,lr,signsgd,unit-gain,tune,15,0.01578140203428345,13,0.2558742109192742,91.21111111111111,0.35793498697280884,88.23,0.37054909076690673,87.68,10.93720860599933
tune_lr_signsgd_unit-gain_0.01578_e15_t,0,lr,signsgd,unit-gain,tune,15,0.01578140203428345,14,0.21597531437344022,92.63111111111111,0.322465172958374,89.46,0.33960338249206545,89.28,10.93157569899995
tune_lr_signsgd_unit-gain_0.01578_e15_t,0,lr,signsgd,unit-gain,tune,15,0.01578140203428345,15,0.18902310167948405,93.62666666666667,0.30816051335334776,90.16999999999999,0.32268798542022703,89.8,10.937366694000957
tune_lr_signsgd_unit-gain_0.07325_e15_t,0,lr,signsgd,unit-gain,tune,15,0.07325077946108408,0,2.3028948550754125,10.246666666666666,2.3027890270233153,10.38,2.302111602020264,10.34,
tune_lr_signsgd_unit-gain_0.07325_e15_t,0,lr,signsgd,unit-gain,tune,15,0.07325077946108408,1,1.966752441130744,25.764444444444447,1.9863072513580322,23.080000000000002,1.9926982677459717,23.0,11.477241503998812
tune_lr_signsgd_unit-gain_0.07325_e15_t,0,lr,signsgd,unit-gain,tune,15,0.07325077946108408,2,1.8697264076868694,28.413333333333334,5.654239604187012,17.87,5.674520643997193,16.96,10.930585299000086
tune_lr_signsgd_unit-gain_0.07325_e15_t,0,lr,signsgd,unit-gain,tune,15,0.07325077946108408,3,1.8568117146597969,28.58222222222222,1.906327772140503,26.26,1.9146459838867187,26.540000000000003,10.945796050000354
tune_lr_signsgd_unit-gain_0.07325_e15_t,0,lr,signsgd,unit-gain,tune,15,0.07325077946108408,4,1.8339859460194905,29.773333333333333,2.245288722038269,17.849999999999998,2.236043112373352,17.1,10.94887230400127
tune_lr_signsgd_unit-gain_0.07325_e15_t,0,lr,signsgd,unit-gain,tune,15,0.07325077946108408,5,1.8091037540647719,30.819999999999997,1.9260827814102173,29.84,1.9276908912658692,29.14,10.955304106999392
tune_lr_signsgd_unit-gain_0.07325_e15_t,0,lr,signsgd,unit-gain,tune,15,0.07325077946108408,6,1.7854386559168498,31.67111111111111,2.224645120048523,25.230000000000004,2.2322132621765136,25.979999999999997,10.945879196999158
tune_lr_signsgd_unit-gain_0.07325_e15_t,0,lr,signsgd,unit-gain,tune,15,0.07325077946108408,7,1.7285330514060127,34.24666666666666,1.7765598682403565,31.619999999999997,1.8112409114837646,30.72,10.945380329001637
tune_lr_signsgd_unit-gain_0.07325_e15_t,0,lr,signsgd,unit-gain,tune,15,0.07325077946108408,8,1.6400734787835016,37.96222222222222,1.9709589250564574,32.269999999999996,1.98179582862854,31.64,10.952655666998908
tune_lr_signsgd_unit-gain_0.07325_e15_t,0,lr,signsgd,unit-gain,tune,15,0.07325077946108408,9,1.4223426782608033,47.39111111111111,2.368938576126099,34.699999999999996,2.364496856498718,34.64,10.95233922099942
tune_lr_signsgd_unit-gain_0.07325_e15_t,0,lr,signsgd,unit-gain,tune,15,0.07325077946108408,10,1.1868572404967415,57.111111111111114,1.2031687297821045,56.3,1.2091343849182128,56.54,10.947602637999807
tune_lr_signsgd_unit-gain_0.07325_e15_t,0,lr,signsgd,unit-gain,tune,15,0.07325077946108408,11,1.0190196243815952,63.51777777777777,1.138463405418396,59.199999999999996,1.158605893802643,58.5,10.940869568999915
tune_lr_signsgd_unit-gain_0.07325_e15_t,0,lr,signsgd,unit-gain,tune,15,0.07325077946108408,12,0.848198495080736,69.76666666666667,0.9333627471923828,66.72,0.924629805278778,65.78,10.934575576000498
tune_lr_signsgd_unit-gain_0.07325_e15_t,0,lr,signsgd,unit-gain,tune,15,0.07325077946108408,13,0.702827199766371,75.5111111111111,0.8120201336860656,72.64,0.8125915063858032,71.89999999999999,10.935267411998211
tune_lr_signsgd_unit-gain_0.07325_e15_t,0,lr,signsgd,unit-gain,tune,15,0.07325077946108408,14,0.5821783659617106,79.63333333333334,0.5820258793830871,80.28999999999999,0.5833356026649476,79.44,10.929730449999624
tune_lr_signsgd_unit-gain_0.07325_e15_t,0,lr,signsgd,unit-gain,tune,15,0.07325077946108408,15,0.5055257866859436,82.63333333333334,0.5022041366577148,82.78999999999999,0.5112530822753907,82.32000000000001,10.936979379999684
tune_lr_signsgd_unit-gain_0.34_e15_t,0,lr,signsgd,unit-gain,tune,15,0.3400000000000002,0,2.3028948455810547,10.246666666666666,2.3027890270233153,10.38,2.302111595916748,10.34,
tune_lr_signsgd_unit-gain_0.34_e15_t,0,lr,signsgd,unit-gain,tune,15,0.3400000000000002,1,2.1944669918484156,19.015555555555554,2.3380926033020017,12.25,2.3328264545440676,12.44,11.478929280998273
tune_lr_signsgd_unit-gain_0.34_e15_t,0,lr,signsgd,unit-gain,tune,15,0.3400000000000002,2,2.132113682428996,19.337777777777777,4.045994856262207,10.459999999999999,3.994251845932007,10.639999999999999,10.939044291000755
tune_lr_signsgd_unit-gain_0.34_e15_t,0,lr,signsgd,unit-gain,tune,15,0.3400000000000002,3,2.121862996504042,19.504444444444445,2.2590738460540774,14.82,2.262643332672119,14.06,10.950325915000576
tune_lr_signsgd_unit-gain_0.34_e15_t,0,lr,signsgd,unit-gain,tune,15,0.3400000000000002,4,2.102894411468506,20.162222222222223,3.455312108230591,16.85,3.4778066772460936,16.36,10.96844557499935
tune_lr_signsgd_unit-gain_0.34_e15_t,0,lr,signsgd,unit-gain,tune,15,0.3400000000000002,5,2.0826510179307727,21.026666666666667,2.2501975872039797,11.81,2.2447025539398195,12.139999999999999,10.9676778619978
tune_lr_signsgd_unit-gain_0.34_e15_t,0,lr,signsgd,unit-gain,tune,15,0.3400000000000002,6,2.056154477013482,21.90888888888889,2.3608033729553224,11.92,2.3596762542724607,11.44,10.969660014998226
tune_lr_signsgd_unit-gain_0.34_e15_t,0,lr,signsgd,unit-gain,tune,15,0.3400000000000002,7,2.030537830564711,22.886666666666667,2.3017527992248534,15.959999999999999,2.2958946830749514,15.42,10.968756669000868
tune_lr_signsgd_unit-gain_0.34_e15_t,0,lr,signsgd,unit-gain,tune,15,0.3400000000000002,8,1.978224897257487,24.755555555555556,2.0872966941833497,21.529999999999998,2.0654240032196043,21.34,10.971113447001699
tune_lr_signsgd_unit-gain_0.34_e15_t,0,lr,signsgd,unit-gain,tune,15,0.3400000000000002,9,1.9350226086934408,25.96,2.344311867713928,20.150000000000002,2.3587490409851073,18.6,10.965355600001203
tune_lr_signsgd_unit-gain_0.34_e15_t,0,lr,signsgd,unit-gain,tune,15,0.3400000000000002,10,1.8918124834272596,27.484444444444446,1.9323546737670898,24.86,1.9664072582244874,23.16,10.963317937999818
tune_lr_signsgd_unit-gain_0.34_e15_t,0,lr,signsgd,unit-gain,tune,15,0.3400000000000002,11,1.853644548119439,29.417777777777776,2.4378400398254394,23.14,2.454110973548889,21.98,10.964548891999584
tune_lr_signsgd_unit-gain_0.34_e15_t,0,lr,signsgd,unit-gain,tune,15,0.3400000000000002,12,1.8022856161329481,31.00222222222222,2.787687159729004,24.5,2.7750280799865723,24.34,10.956948228002148
tune_lr_signsgd_unit-gain_0.34_e15_t,0,lr,signsgd,unit-gain,tune,15,0.3400000000000002,13,1.7037504409154256,35.01555555555556,1.8762425012588502,29.49,1.8605643861770629,31.119999999999997,10.958312590999412
tune_lr_signsgd_unit-gain_0.34_e15_t,0,lr,signsgd,unit-gain,tune,15,0.3400000000000002,14,1.4568121329625447,45.91777777777778,1.4000327491760254,48.010000000000005,1.4210530586242676,47.0,10.956980495997414
tune_lr_signsgd_unit-gain_0.34_e15_t,0,lr,signsgd,unit-gain,tune,15,0.3400000000000002,15,1.1376260979334514,59.437777777777775,1.1193856128692627,58.93000000000001,1.1151574048042296,59.78,10.96210246100236
tune_preflight_timing,0,preflight,muon,unit-gain,tune,2,0.015,0,2.302894859822591,10.246666666666666,2.3027890296936033,10.38,2.302111631774902,10.34,
tune_preflight_timing,0,preflight,muon,unit-gain,tune,2,0.015,1,1.127701921886868,59.660000000000004,0.7579967980384826,74.31,0.7731607410430908,73.38,13.085035824000443
tune_preflight_timing,0,preflight,muon,unit-gain,tune,2,0.015,2,0.5687672483656141,80.35111111111111,0.6854750490188599,77.51,0.7114885457992554,76.75999999999999,12.414336705000096
tune_preflight_timing_e2_t,0,preflight,muon,unit-gain,tune,2,0.015,0,2.3028948455810547,10.246666666666666,2.3027890270233153,10.38,2.302111595916748,10.34,
tune_preflight_timing_e2_t,0,preflight,muon,unit-gain,tune,2,0.015,1,1.106414152706994,60.50888888888889,0.7222801553726196,76.19,0.7280884226799011,74.98,12.933582890000253
tune_preflight_timing_e2_t,0,preflight,muon,unit-gain,tune,2,0.015,2,0.5073109017107221,82.57555555555555,0.5306503307819367,81.84,0.5327129053592682,81.58,12.433869688000414
tune_verify_muon_mup_0.006962_e75_t,0,verify,muon,mup,tune,75,0.006962383250419168,0,2.3028948455810547,10.246666666666666,2.3027890270233153,10.38,2.3021115951538085,10.34,
tune_verify_muon_mup_0.006962_e75_t,0,verify,muon,mup,tune,75,0.006962383250419168,1,1.1506559536616008,58.64666666666667,0.7296511150360108,74.5,0.7493125043869019,73.78,13.57271254999796
tune_verify_muon_mup_0.006962_e75_t,0,verify,muon,mup,tune,75,0.006962383250419168,2,0.602453118303087,79.30222222222221,0.7165527853012085,77.01,0.7154889501571655,76.62,12.950712706006016
tune_verify_muon_mup_0.006962_e75_t,0,verify,muon,mup,tune,75,0.006962383250419168,3,0.454964195839564,84.34,0.4543030057907104,84.78,0.45812905321121217,84.7,12.969127964010113
tune_verify_muon_mup_0.006962_e75_t,0,verify,muon,mup,tune,75,0.006962383250419168,4,0.3651023694780138,87.45111111111112,0.4056500006198883,86.32,0.3935402128696442,86.42,12.991115232987795
tune_verify_muon_mup_0.006962_e75_t,0,verify,muon,mup,tune,75,0.006962383250419168,5,0.30556266300678253,89.36222222222221,0.4578365726470947,85.1,0.4463634302139282,85.39999999999999,12.992606006999267
tune_verify_muon_mup_0.006962_e75_t,0,verify,muon,mup,tune,75,0.006962383250419168,6,0.26623019511964585,90.78888888888889,0.3678010882377625,87.79,0.36082206950187684,88.12,13.009700868991786
tune_verify_muon_mup_0.006962_e75_t,0,verify,muon,mup,tune,75,0.006962383250419168,7,0.2243738508966234,92.28888888888889,0.3146777106285095,90.0,0.3236049938201904,89.56,12.998194497005898
tune_verify_muon_mup_0.006962_e75_t,0,verify,muon,mup,tune,75,0.006962383250419168,8,0.19447063677046034,93.24222222222222,0.31078549337387085,90.47,0.31737952654361723,89.7,12.99595708301058
tune_verify_muon_mup_0.006962_e75_t,0,verify,muon,mup,tune,75,0.006962383250419168,9,0.16904680415789286,94.09777777777778,0.2869359251499176,91.06,0.27684484996795655,91.42,12.988390345999505
tune_verify_muon_mup_0.006962_e75_t,0,verify,muon,mup,tune,75,0.006962383250419168,10,0.15834158874087864,94.43777777777778,0.3141694858551025,90.46,0.28557184524536133,90.98,12.984062675997848
tune_verify_muon_mup_0.006962_e75_t,0,verify,muon,mup,tune,75,0.006962383250419168,11,0.13302248097128339,95.27777777777777,0.3566738775253296,89.59,0.3707344676971436,89.66,12.96709951700177
tune_verify_muon_mup_0.006962_e75_t,0,verify,muon,mup,tune,75,0.006962383250419168,12,0.12074237478441663,95.88222222222223,0.33411585931777954,90.3,0.3323104041099548,90.60000000000001,12.970476379996398
tune_verify_muon_mup_0.006962_e75_t,0,verify,muon,mup,tune,75,0.006962383250419168,13,0.10701674650377697,96.31333333333333,0.3294267637729645,91.03999999999999,0.3279698513031006,90.88000000000001,12.968237275999854
tune_verify_muon_mup_0.006962_e75_t,0,verify,muon,mup,tune,75,0.006962383250419168,14,0.098331290213267,96.59333333333333,0.32831356592178346,91.21000000000001,0.3098574224472046,91.36,12.966912648989819
tune_verify_muon_mup_0.006962_e75_t,0,verify,muon,mup,tune,75,0.006962383250419168,15,0.0905385537147522,96.82,0.32465714754462244,91.12,0.32442955164909365,90.60000000000001,12.959747323999181
tune_verify_muon_mup_0.006962_e75_t,0,verify,muon,mup,tune,75,0.006962383250419168,16,0.07921339301400715,97.22222222222221,0.3596842920303345,91.24,0.3360409755706787,90.86,12.96352898600162
tune_verify_muon_mup_0.006962_e75_t,0,verify,muon,mup,tune,75,0.006962383250419168,17,0.0725101029727194,97.49333333333333,0.34167378399968146,91.36,0.31646439735889437,91.34,12.961334580992116
tune_verify_muon_mup_0.006962_e75_t,0,verify,muon,mup,tune,75,0.006962383250419168,18,0.06874874394072426,97.58222222222223,0.3226730284690857,91.93,0.30591999025344846,91.92,12.96221124099975
tune_verify_muon_mup_0.006962_e75_t,0,verify,muon,mup,tune,75,0.006962383250419168,19,0.060826496480570896,97.88444444444444,0.30505489330291746,92.35,0.3072321077346802,92.16,12.956414792992291
tune_verify_muon_mup_0.006962_e75_t,0,verify,muon,mup,tune,75,0.006962383250419168,20,0.05795298502842585,97.97111111111111,0.34486546082496644,91.78,0.3343492422103882,91.84,12.957443231993238
tune_verify_muon_mup_0.006962_e75_t,0,verify,muon,mup,tune,75,0.006962383250419168,21,0.05309477406938871,98.14444444444445,0.33168806228637693,92.34,0.303350258398056,92.66,12.96430169598898
tune_verify_muon_mup_0.006962_e75_t,0,verify,muon,mup,tune,75,0.006962383250419168,22,0.04791065265602536,98.39777777777778,0.3214470034122467,92.12,0.3024483204364777,92.16,12.964864421999664
tune_verify_muon_mup_0.006962_e75_t,0,verify,muon,mup,tune,75,0.006962383250419168,23,0.043891535974873434,98.47333333333333,0.3525325526237488,92.38,0.34051679334640506,92.34,12.9692367020034
tune_verify_muon_mup_0.006962_e75_t,0,verify,muon,mup,tune,75,0.006962383250419168,24,0.03982289131714238,98.63777777777779,0.3321210768699646,92.57,0.3273549051642418,92.54,12.959085884998785
tune_verify_muon_mup_0.006962_e75_t,0,verify,muon,mup,tune,75,0.006962383250419168,25,0.03816286300619443,98.70444444444443,0.3777888656139374,91.84,0.33324457306861877,92.30000000000001,12.959993052994832
tune_verify_muon_mup_0.006962_e75_t,0,verify,muon,mup,tune,75,0.006962383250419168,26,0.034061529654926724,98.77111111111111,0.3596044426679611,92.05,0.3449493795871735,92.5,12.959934251994127
tune_verify_muon_mup_0.006962_e75_t,0,verify,muon,mup,tune,75,0.006962383250419168,27,0.03254893771277534,98.87333333333333,0.3509301327228546,92.21000000000001,0.32826816239356993,92.28,12.964013347009313
tune_verify_muon_mup_0.006962_e75_t,0,verify,muon,mup,tune,75,0.006962383250419168,28,0.03141656242046091,98.96000000000001,0.3509886709213257,92.64,0.3430503400325775,92.67999999999999,12.964458124988596
tune_verify_muon_mup_0.006962_e75_t,0,verify,muon,mup,tune,75,0.006962383250419168,29,0.028259405170463853,99.05111111111111,0.33666928911209104,92.4,0.32631001815795896,92.64,12.965619355003582
tune_verify_muon_mup_0.006962_e75_t,0,verify,muon,mup,tune,75,0.006962383250419168,30,0.02716328267322646,99.06222222222222,0.3765715812444687,92.22,0.3340328239440918,92.58,12.952663977004704
tune_verify_muon_mup_0.006962_e75_t,0,verify,muon,mup,tune,75,0.006962383250419168,31,0.02403241461366415,99.2,0.349072948884964,92.61,0.32929282474517824,92.86,12.957061533001252
tune_verify_muon_mup_0.006962_e75_t,0,verify,muon,mup,tune,75,0.006962383250419168,32,0.023157789089282354,99.18444444444444,0.36765679388046263,92.67999999999999,0.33728842782974244,92.67999999999999,12.971984343996155
tune_verify_muon_mup_0.006962_e75_t,0,verify,muon,mup,tune,75,0.006962383250419168,33,0.019940085202910834,99.35555555555555,0.36196339659690857,92.58,0.3431138702392578,92.86,12.960979135008529
tune_verify_muon_mup_0.006962_e75_t,0,verify,muon,mup,tune,75,0.006962383250419168,34,0.01972502376180556,99.33999999999999,0.3596070033788681,92.7,0.34657720155715943,92.84,12.959107868999126
tune_verify_muon_mup_0.006962_e75_t,0,verify,muon,mup,tune,75,0.006962383250419168,35,0.01764850282387601,99.3911111111111,0.3631391942024231,93.17999999999999,0.35526913464069365,92.46,12.961538596005994
tune_verify_muon_mup_0.006962_e75_t,0,verify,muon,mup,tune,75,0.006962383250419168,36,0.015639951346649063,99.46000000000001,0.3796996555328369,92.83,0.3503127055644989,93.10000000000001,12.97138202500355
tune_verify_muon_mup_0.006962_e75_t,0,verify,muon,mup,tune,75,0.006962383250419168,37,0.013312376634735201,99.54666666666667,0.3772765851974487,92.84,0.3376252326965332,92.92,12.96192612699815
tune_verify_muon_mup_0.006962_e75_t,0,verify,muon,mup,tune,75,0.006962383250419168,38,0.01375153243492047,99.51777777777778,0.383942874622345,93.33,0.35149246129989625,93.44,12.963512160989922
tune_verify_muon_mup_0.006962_e75_t,0,verify,muon,mup,tune,75,0.006962383250419168,39,0.012248184463505944,99.54888888888888,0.39373200278282167,93.05,0.3895190117835999,92.67999999999999,12.961737218007329
tune_verify_muon_mup_0.006962_e75_t,0,verify,muon,mup,tune,75,0.006962383250419168,40,0.012137145103058881,99.60444444444444,0.38619706139564514,93.10000000000001,0.37295111446380613,93.06,12.964987715997268
tune_verify_muon_mup_0.006962_e75_t,0,verify,muon,mup,tune,75,0.006962383250419168,41,0.010249995708589752,99.64888888888889,0.39925244398117066,92.97,0.3689636694908142,93.28,12.9722357760038
tune_verify_muon_mup_0.006962_e75_t,0,verify,muon,mup,tune,75,0.006962383250419168,42,0.010424042701224486,99.67333333333333,0.40587512712478635,92.97,0.37968603343963625,93.08,12.96857254000497
tune_verify_muon_mup_0.006962_e75_t,0,verify,muon,mup,tune,75,0.006962383250419168,43,0.008640475526638328,99.7088888888889,0.4055831067085266,93.0,0.3938006669998169,92.7,12.967432344012195
tune_verify_muon_mup_0.006962_e75_t,0,verify,muon,mup,tune,75,0.006962383250419168,44,0.008237969179741211,99.72222222222223,0.4065839539527893,93.2,0.3868443831443787,93.44,12.969347341000685
tune_verify_muon_mup_0.006962_e75_t,0,verify,muon,mup,tune,75,0.006962383250419168,45,0.006602284090572761,99.76666666666667,0.3949526062011719,93.43,0.3789634283065796,93.74,12.963623989999178
tune_verify_muon_mup_0.006962_e75_t,0,verify,muon,mup,tune,75,0.006962383250419168,46,0.006201664786811711,99.77777777777777,0.40578035402297974,93.45,0.3704418081283569,93.4,12.964607129993965
tune_verify_muon_mup_0.006962_e75_t,0,verify,muon,mup,tune,75,0.006962383250419168,47,0.0050174157577256365,99.82222222222222,0.406985969543457,93.36,0.38094745178222655,93.64,12.963613503990928
tune_verify_muon_mup_0.006962_e75_t,0,verify,muon,mup,tune,75,0.006962383250419168,48,0.004856948877017324,99.80444444444444,0.4024808270931244,93.66,0.3780619207382202,93.42,12.961993796008755
tune_verify_muon_mup_0.006962_e75_t,0,verify,muon,mup,tune,75,0.006962383250419168,49,0.004056375546696492,99.86,0.39985451241731645,93.55,0.36713514499664307,93.06,12.965148043003865
tune_verify_muon_mup_0.006962_e75_t,0,verify,muon,mup,tune,75,0.006962383250419168,50,0.003911101092574083,99.85555555555555,0.40327424182891847,93.73,0.3701098965644836,93.54,12.966045370994834
tune_verify_muon_mup_0.006962_e75_t,0,verify,muon,mup,tune,75,0.006962383250419168,51,0.0031218770347018207,99.91555555555556,0.39708618898391723,93.89,0.3716938581466675,93.38,12.959324089999427
tune_verify_muon_mup_0.006962_e75_t,0,verify,muon,mup,tune,75,0.006962383250419168,52,0.0036724649999859845,99.87333333333333,0.3913819177627563,93.97999999999999,0.36775026693344115,94.1,12.968096209995565
tune_verify_muon_mup_0.006962_e75_t,0,verify,muon,mup,tune,75,0.006962383250419168,53,0.0026894669549410335,99.91111111111111,0.4037543174266815,93.72,0.40129400939941406,93.66,12.96870313200634
tune_verify_muon_mup_0.006962_e75_t,0,verify,muon,mup,tune,75,0.006962383250419168,54,0.00187431939773572,99.94444444444444,0.4026169477462769,93.96,0.40212502784729004,93.58,12.969211294999695
tune_verify_muon_mup_0.006962_e75_t,0,verify,muon,mup,tune,75,0.006962383250419168,55,0.0020416517056447143,99.93777777777778,0.39255373229980467,93.89999999999999,0.38011852798461915,93.89999999999999,12.967045440993388
tune_verify_muon_mup_0.006962_e75_t,0,verify,muon,mup,tune,75,0.006962383250419168,56,0.001615797068392082,99.95111111111112,0.3944907193303108,93.89,0.3806943504333496,93.84,12.961180758007686
tune_verify_muon_mup_0.006962_e75_t,0,verify,muon,mup,tune,75,0.006962383250419168,57,0.0015441767034133794,99.93555555555555,0.395000302362442,93.95,0.3762344778060913,93.82000000000001,12.965728463997948
tune_verify_muon_mup_0.006962_e75_t,0,verify,muon,mup,tune,75,0.006962383250419168,58,0.0014162846120475377,99.95777777777778,0.39141111435890197,93.97999999999999,0.37124182968139646,93.96,12.965623134005
tune_verify_muon_mup_0.006962_e75_t,0,verify,muon,mup,tune,75,0.006962383250419168,59,0.001080785119816816,99.97333333333333,0.38964288291931154,94.08,0.3814124557495117,93.58,12.962945323990425
tune_verify_muon_mup_0.006962_e75_t,0,verify,muon,mup,tune,75,0.006962383250419168,60,0.0009780410636442765,99.96666666666667,0.4044668577671051,93.89,0.3859306085586548,93.74,12.962471924998681
tune_verify_muon_mup_0.006962_e75_t,0,verify,muon,mup,tune,75,0.006962383250419168,61,0.0007102439622414143,99.97555555555554,0.4138829960823059,93.92,0.3862350248813629,94.0,12.966362945997389
tune_verify_muon_mup_0.006962_e75_t,0,verify,muon,mup,tune,75,0.006962383250419168,62,0.00048350527454555655,99.98222222222222,0.4049383348584175,94.0,0.38907933111190796,93.88,12.969938121008454
tune_verify_muon_mup_0.006962_e75_t,0,verify,muon,mup,tune,75,0.006962383250419168,63,0.0006493022241616726,99.98,0.4071988402366638,93.97,0.3870812225341797,94.04,12.971955454006093
tune_verify_muon_mup_0.006962_e75_t,0,verify,muon,mup,tune,75,0.006962383250419168,64,0.0004266586898518856,99.9888888888889,0.4025408584833145,94.0,0.3847393850326538,94.24,12.973582900012843
tune_verify_muon_mup_0.006962_e75_t,0,verify,muon,mup,tune,75,0.006962383250419168,65,0.00044019935795820654,99.99111111111111,0.40162499017715453,94.06,0.3778053162574768,94.19999999999999,12.978333916005795
tune_verify_muon_mup_0.006962_e75_t,0,verify,muon,mup,tune,75,0.006962383250419168,66,0.0003924858170192844,99.99555555555555,0.3985801312327385,94.1,0.37584967708587647,94.34,12.968547644995851
tune_verify_muon_mup_0.006962_e75_t,0,verify,muon,mup,tune,75,0.006962383250419168,67,0.00019487446951679886,99.99555555555555,0.39649040894508364,94.05,0.3823218364715576,94.0,12.975161912996555
tune_verify_muon_mup_0.006962_e75_t,0,verify,muon,mup,tune,75,0.006962383250419168,68,0.00030025043179830393,99.98666666666666,0.3946620892763138,93.99,0.37529649639129636,94.16,12.97321299399482
tune_verify_muon_mup_0.006962_e75_t,0,verify,muon,mup,tune,75,0.006962383250419168,69,0.00022032478781863272,99.99333333333334,0.39411607887744904,94.07,0.37191430206298826,94.0,12.966164864992606
tune_verify_muon_mup_0.006962_e75_t,0,verify,muon,mup,tune,75,0.006962383250419168,70,0.0001534152475738665,99.99333333333334,0.39238726369142535,94.01,0.37462195501327517,94.0,12.978880114009371
tune_verify_muon_mup_0.006962_e75_t,0,verify,muon,mup,tune,75,0.006962383250419168,71,0.00015488831811930545,99.99777777777777,0.3929192681312561,94.08999999999999,0.37508866329193113,94.24,12.976011236998602
tune_verify_muon_mup_0.006962_e75_t,0,verify,muon,mup,tune,75,0.006962383250419168,72,0.00013625432650187576,99.99777777777777,0.3941560243964195,94.14,0.37417375020980836,94.19999999999999,12.964459581999108
tune_verify_muon_mup_0.006962_e75_t,0,verify,muon,mup,tune,75,0.006962383250419168,73,0.00014123068602954543,99.99333333333334,0.3947375396132469,94.04,0.379719654750824,94.24,12.955842857001699
tune_verify_muon_mup_0.006962_e75_t,0,verify,muon,mup,tune,75,0.006962383250419168,74,0.00021982477941605289,99.99555555555555,0.3918737940788269,94.05,0.37532478561401367,94.16,12.961228301006486
tune_verify_muon_mup_0.006962_e75_t,0,verify,muon,mup,tune,75,0.006962383250419168,75,0.00017964413479268034,99.99333333333334,0.3933092993736267,94.07,0.3746243368148804,94.08,12.958150855993154
tune_verify_muon_mup_0.03232_e75_t,0,verify,muon,mup,tune,75,0.03231652035047826,0,2.3028948455810547,10.246666666666666,2.3027890270233153,10.38,2.3021115951538085,10.34,
tune_verify_muon_mup_0.03232_e75_t,0,verify,muon,mup,tune,75,0.03231652035047826,1,1.0908502797444661,60.73555555555556,0.6775347928047181,76.99000000000001,0.6911851948261261,76.1,13.565455468007713
tune_verify_muon_mup_0.03232_e75_t,0,verify,muon,mup,tune,75,0.03231652035047826,2,0.5749173967308469,80.30000000000001,0.6971470183372498,77.61,0.6992466730117798,77.86,12.937576999000157
tune_verify_muon_mup_0.03232_e75_t,0,verify,muon,mup,tune,75,0.03231652035047826,3,0.4327418405638801,85.07555555555555,0.4333259410858154,85.57000000000001,0.4361066756248474,85.34,12.955132728995522
tune_verify_muon_mup_0.03232_e75_t,0,verify,muon,mup,tune,75,0.03231652035047826,4,0.35081453436745536,88.02444444444446,0.4135132843017578,85.83,0.40222064294815063,85.96000000000001,12.966127913998207
tune_verify_muon_mup_0.03232_e75_t,0,verify,muon,mup,tune,75,0.03231652035047826,5,0.2945928787575828,90.03555555555556,0.4140952653884888,86.72999999999999,0.39129457054138184,87.82,12.970402325008763
tune_verify_muon_mup_0.03232_e75_t,0,verify,muon,mup,tune,75,0.03231652035047826,6,0.25750786759058636,91.09555555555555,0.3418433838844299,88.46000000000001,0.3354408405303955,88.75999999999999,12.9857545059931
tune_verify_muon_mup_0.03232_e75_t,0,verify,muon,mup,tune,75,0.03231652035047826,7,0.2157333904955122,92.61111111111111,0.3041296902656555,89.89,0.2966341999530792,90.46,12.981133706998662
tune_verify_muon_mup_0.03232_e75_t,0,verify,muon,mup,tune,75,0.03231652035047826,8,0.19096217758390638,93.34222222222223,0.29816467673778535,90.39,0.2866444506168365,90.88000000000001,12.975698217007448
tune_verify_muon_mup_0.03232_e75_t,0,verify,muon,mup,tune,75,0.03231652035047826,9,0.163703974003262,94.38222222222223,0.3207628296852112,90.24,0.29462851305007937,90.96,12.969293332993402
tune_verify_muon_mup_0.03232_e75_t,0,verify,muon,mup,tune,75,0.03231652035047826,10,0.1505841626379225,94.68222222222222,0.3358078130722046,90.16999999999999,0.32606780977249145,90.36,12.958285865999642
tune_verify_muon_mup_0.03232_e75_t,0,verify,muon,mup,tune,75,0.03231652035047826,11,0.12942347402837542,95.48,0.35106588945388795,90.25,0.33591235957145693,90.56,12.964216680993559
tune_verify_muon_mup_0.03232_e75_t,0,verify,muon,mup,tune,75,0.03231652035047826,12,0.11534695905182096,96.00666666666666,0.33663983159065247,90.62,0.35138262701034545,90.16,12.962299078993965
tune_verify_muon_mup_0.03232_e75_t,0,verify,muon,mup,tune,75,0.03231652035047826,13,0.10726951635811063,96.26666666666667,0.31274271793365477,90.82000000000001,0.2961806654930115,91.25999999999999,12.962333313989802
tune_verify_muon_mup_0.03232_e75_t,0,verify,muon,mup,tune,75,0.03231652035047826,14,0.09406743508974712,96.72444444444444,0.3258142776489258,91.47999999999999,0.323665682220459,91.42,12.964163666998502
tune_verify_muon_mup_0.03232_e75_t,0,verify,muon,mup,tune,75,0.03231652035047826,15,0.08658082549571991,97.03111111111112,0.31915747780799864,91.67999999999999,0.2911472955226898,91.94,12.958247323011165
tune_verify_muon_mup_0.03232_e75_t,0,verify,muon,mup,tune,75,0.03231652035047826,16,0.07793720258871714,97.28444444444445,0.32007575273513794,91.99000000000001,0.2897737943649292,92.42,12.963448827998945
tune_verify_muon_mup_0.03232_e75_t,0,verify,muon,mup,tune,75,0.03231652035047826,17,0.07289421460628509,97.47555555555556,0.3577427186012268,90.91,0.3070052273273468,91.4,12.948032853993936
tune_verify_muon_mup_0.03232_e75_t,0,verify,muon,mup,tune,75,0.03231652035047826,18,0.0645174738155471,97.7,0.3251740691184998,91.99000000000001,0.30879899213314055,91.82000000000001,12.94345317799889
tune_verify_muon_mup_0.03232_e75_t,0,verify,muon,mup,tune,75,0.03231652035047826,19,0.058348030623462464,97.9688888888889,0.32267237854003905,92.23,0.3147452487945557,92.34,12.948910100007197
tune_verify_muon_mup_0.03232_e75_t,0,verify,muon,mup,tune,75,0.03231652035047826,20,0.054197998404502866,98.1511111111111,0.3252809013366699,92.29,0.3408896447181702,92.08,12.946484614003566
tune_verify_muon_mup_0.03232_e75_t,0,verify,muon,mup,tune,75,0.03231652035047826,21,0.04961671507226096,98.25111111111111,0.34940061235427855,91.55,0.32665380692481993,92.22,12.948941394002759
tune_verify_muon_mup_0.03232_e75_t,0,verify,muon,mup,tune,75,0.03231652035047826,22,0.04644195437994268,98.36444444444444,0.33065272359848025,92.15,0.3133648935317993,92.08,12.952876138995634
tune_verify_muon_mup_0.03232_e75_t,0,verify,muon,mup,tune,75,0.03231652035047826,23,0.0438264196054803,98.44666666666667,0.33160261907577515,92.25,0.29784070402383805,92.36,12.951275908999378
tune_verify_muon_mup_0.03232_e75_t,0,verify,muon,mup,tune,75,0.03231652035047826,24,0.04341775930821896,98.61333333333333,0.31307819299697875,92.60000000000001,0.31334800214767455,92.54,12.95155853300821
tune_verify_muon_mup_0.03232_e75_t,0,verify,muon,mup,tune,75,0.03231652035047826,25,0.03795824559264713,98.71555555555555,0.3513599109649658,92.03,0.32290970091819765,92.9,12.945570372001384
tune_verify_muon_mup_0.03232_e75_t,0,verify,muon,mup,tune,75,0.03231652035047826,26,0.03396611180901527,98.82444444444445,0.3488229254722595,92.41,0.32797935597896577,92.80000000000001,12.949513315004879
tune_verify_muon_mup_0.03232_e75_t,0,verify,muon,mup,tune,75,0.03231652035047826,27,0.033511934555570284,98.8,0.3411273270606995,92.67999999999999,0.324809210395813,92.72,12.949752611995791
tune_verify_muon_mup_0.03232_e75_t,0,verify,muon,mup,tune,75,0.03231652035047826,28,0.030083108449644513,98.99555555555555,0.3491203353881836,92.57,0.3226311217665672,93.04,12.962139544004458
tune_verify_muon_mup_0.03232_e75_t,0,verify,muon,mup,tune,75,0.03231652035047826,29,0.027550123928818438,99.05555555555556,0.35613147220611574,92.57,0.33101192655563355,92.75999999999999,12.95118906800053
tune_verify_muon_mup_0.03232_e75_t,0,verify,muon,mup,tune,75,0.03231652035047826,30,0.024019104679177204,99.19777777777777,0.35500016951560975,92.7,0.34195050157308576,92.88,12.953877806998207
tune_verify_muon_mup_0.03232_e75_t,0,verify,muon,mup,tune,75,0.03231652035047826,31,0.023411085834436945,99.24,0.35604701795578003,92.93,0.342587424659729,93.14,12.94234057799622
tune_verify_muon_mup_0.03232_e75_t,0,verify,muon,mup,tune,75,0.03231652035047826,32,0.023995157329407005,99.2088888888889,0.3809910588264465,92.66,0.34143610916137695,92.74,12.944371264995425
tune_verify_muon_mup_0.03232_e75_t,0,verify,muon,mup,tune,75,0.03231652035047826,33,0.02077224977525572,99.27111111111111,0.35987917680740356,92.84,0.34820838224887846,92.80000000000001,12.94821450499876
tune_verify_muon_mup_0.03232_e75_t,0,verify,muon,mup,tune,75,0.03231652035047826,34,0.018330368724962076,99.33777777777777,0.362523791885376,93.14,0.3576084558725357,92.75999999999999,12.94986694700492
tune_verify_muon_mup_0.03232_e75_t,0,verify,muon,mup,tune,75,0.03231652035047826,35,0.015651135631236764,99.44888888888889,0.3676217859268188,92.96,0.37307801971435545,93.04,12.951418664000812
tune_verify_muon_mup_0.03232_e75_t,0,verify,muon,mup,tune,75,0.03231652035047826,36,0.015541096013287703,99.45777777777778,0.3701185688018799,93.01,0.34746223855018615,93.38,12.953025021997746
tune_verify_muon_mup_0.03232_e75_t,0,verify,muon,mup,tune,75,0.03231652035047826,37,0.015642834489627017,99.46222222222222,0.3507906637191772,93.34,0.36977228689193725,93.08,12.94321593400673
tune_verify_muon_mup_0.03232_e75_t,0,verify,muon,mup,tune,75,0.03231652035047826,38,0.0134911756614844,99.54222222222222,0.3660383506298065,93.16,0.37553575660660865,92.7,12.949165497993818
tune_verify_muon_mup_0.03232_e75_t,0,verify,muon,mup,tune,75,0.03231652035047826,39,0.011080913694492645,99.64888888888889,0.382395129442215,93.49,0.3549196392774582,93.46,12.95198291700217
tune_verify_muon_mup_0.03232_e75_t,0,verify,muon,mup,tune,75,0.03231652035047826,40,0.010167913870554832,99.67333333333333,0.38134502182006835,93.17999999999999,0.37390048179626467,93.22,12.9523446670064
tune_verify_muon_mup_0.03232_e75_t,0,verify,muon,mup,tune,75,0.03231652035047826,41,0.010371831008460787,99.66888888888889,0.38034152755737305,93.23,0.35613323187828066,93.4,12.943191851998563
tune_verify_muon_mup_0.03232_e75_t,0,verify,muon,mup,tune,75,0.03231652035047826,42,0.009277962178550661,99.68444444444444,0.38011136016845704,93.25,0.3538020008087158,93.42,12.945945037005004
tune_verify_muon_mup_0.03232_e75_t,0,verify,muon,mup,tune,75,0.03231652035047826,43,0.008136202497262922,99.7088888888889,0.38617300128936766,93.28,0.37517113304138183,93.24,12.948534305993235
tune_verify_muon_mup_0.03232_e75_t,0,verify,muon,mup,tune,75,0.03231652035047826,44,0.007137792987935245,99.76,0.39617912435531616,93.11,0.3647448884010315,93.8,12.944457045989111
tune_verify_muon_mup_0.03232_e75_t,0,verify,muon,mup,tune,75,0.03231652035047826,45,0.008384259921550338,99.73111111111112,0.39631666736602783,93.44,0.34508896050453186,93.44,12.93836071100668
tune_verify_muon_mup_0.03232_e75_t,0,verify,muon,mup,tune,75,0.03231652035047826,46,0.006398129098326899,99.81333333333333,0.39669795603752134,93.32000000000001,0.38050295252799987,93.58,12.947036155994283
tune_verify_muon_mup_0.03232_e75_t,0,verify,muon,mup,tune,75,0.03231652035047826,47,0.005665787198094444,99.82,0.40090778427124024,93.21000000000001,0.35577840209528805,93.5,12.945891772993491
tune_verify_muon_mup_0.03232_e75_t,0,verify,muon,mup,tune,75,0.03231652035047826,48,0.004808967853735926,99.84666666666666,0.38891694717407227,93.57,0.38117400880232455,93.67999999999999,12.945595583005343
tune_verify_muon_mup_0.03232_e75_t,0,verify,muon,mup,tune,75,0.03231652035047826,49,0.003952134009160929,99.8711111111111,0.38820567669868467,93.5,0.36349747319817544,93.78,12.940004127012799
tune_verify_muon_mup_0.03232_e75_t,0,verify,muon,mup,tune,75,0.03231652035047826,50,0.003657427024194557,99.86222222222221,0.40597130460739134,93.25,0.3885426803827286,93.46,12.94187554999371
tune_verify_muon_mup_0.03232_e75_t,0,verify,muon,mup,tune,75,0.03231652035047826,51,0.003543883976446361,99.89555555555556,0.40994657306671145,93.52000000000001,0.38113235455155375,93.74,12.941965596008231
tune_verify_muon_mup_0.03232_e75_t,0,verify,muon,mup,tune,75,0.03231652035047826,52,0.0031520024918381953,99.90222222222222,0.4086550057888031,93.74,0.375687967393361,94.02000000000001,12.9497706520051
tune_verify_muon_mup_0.03232_e75_t,0,verify,muon,mup,tune,75,0.03231652035047826,53,0.002622421658409035,99.92444444444445,0.39994458780288694,93.91000000000001,0.3816350705618039,94.38,12.940186084000743
tune_verify_muon_mup_0.03232_e75_t,0,verify,muon,mup,tune,75,0.03231652035047826,54,0.0019340268234929276,99.92444444444445,0.40279427337646484,93.8,0.3788842329017396,94.0,12.944871355008218
tune_verify_muon_mup_0.03232_e75_t,0,verify,muon,mup,tune,75,0.03231652035047826,55,0.0015510593597867733,99.95333333333333,0.40428752489089964,93.81,0.37783183109653035,94.32000000000001,12.941379969008267
tune_verify_muon_mup_0.03232_e75_t,0,verify,muon,mup,tune,75,0.03231652035047826,56,0.0020664850450612397,99.91777777777779,0.4064404260158539,93.85,0.3863113960846327,94.02000000000001,12.944395944010466
tune_verify_muon_mup_0.03232_e75_t,0,verify,muon,mup,tune,75,0.03231652035047826,57,0.0013209517610000654,99.96222222222222,0.41164608006477355,93.89,0.37694303315877914,94.24,12.949165690006339
tune_verify_muon_mup_0.03232_e75_t,0,verify,muon,mup,tune,75,0.03231652035047826,58,0.0008774613952277125,99.97777777777777,0.41534419445991516,93.85,0.38751143030822277,94.19999999999999,12.946587258004001
tune_verify_muon_mup_0.03232_e75_t,0,verify,muon,mup,tune,75,0.03231652035047826,59,0.0009669512454379906,99.97111111111111,0.402512930226326,93.84,0.3769715392455808,94.56,12.939847878995351
tune_verify_muon_mup_0.03232_e75_t,0,verify,muon,mup,tune,75,0.03231652035047826,60,0.0009142695219294789,99.96444444444444,0.4114353887557983,93.78999999999999,0.37153046269048356,94.46,12.950824889005162
tune_verify_muon_mup_0.03232_e75_t,0,verify,muon,mup,tune,75,0.03231652035047826,61,0.0007830402678897371,99.97777777777777,0.4121100992918015,93.89,0.38332373923398555,94.62,12.948867273007636
tune_verify_muon_mup_0.03232_e75_t,0,verify,muon,mup,tune,75,0.03231652035047826,62,0.00031794977631523376,99.99333333333334,0.41717292087078095,93.96,0.37486096317706397,94.48,12.942325218013139
tune_verify_muon_mup_0.03232_e75_t,0,verify,muon,mup,tune,75,0.03231652035047826,63,0.0003373833986319369,99.99333333333334,0.41133333468437194,93.97999999999999,0.37102903710718965,94.58,12.949644802007242
tune_verify_muon_mup_0.03232_e75_t,0,verify,muon,mup,tune,75,0.03231652035047826,64,0.00037320330588295797,99.99333333333334,0.40901495761871337,94.08999999999999,0.37939220687006603,94.6,12.941150641010609
tune_verify_muon_mup_0.03232_e75_t,0,verify,muon,mup,tune,75,0.03231652035047826,65,0.00034331080451744734,99.99111111111111,0.4153205311536789,94.08999999999999,0.373869060223503,94.66,12.941853149997769
tune_verify_muon_mup_0.03232_e75_t,0,verify,muon,mup,tune,75,0.03231652035047826,66,0.0004659542346539739,99.98666666666666,0.41342348123788836,94.1,0.37336334796535087,94.64,12.943206279000151
tune_verify_muon_mup_0.03232_e75_t,0,verify,muon,mup,tune,75,0.03231652035047826,67,0.0001768397610893266,99.99555555555555,0.41066697826385495,94.02000000000001,0.36823265329527205,94.88,12.94191339900135
tune_verify_muon_mup_0.03232_e75_t,0,verify,muon,mup,tune,75,0.03231652035047826,68,0.0002519980035638178,99.99111111111111,0.4105361086368561,94.14,0.37111171667424203,94.69999999999999,12.942747780994978
tune_verify_muon_mup_0.03232_e75_t,0,verify,muon,mup,tune,75,0.03231652035047826,69,0.0002569306175924794,99.9888888888889,0.41003082609176633,94.01,0.3668790103402775,94.8,12.937167184994905
tune_verify_muon_mup_0.03232_e75_t,0,verify,muon,mup,tune,75,0.03231652035047826,70,0.00018318556728987056,99.99555555555555,0.4107718126654625,94.15,0.3676254367811314,94.69999999999999,12.94186744900071
tune_verify_muon_mup_0.03232_e75_t,0,verify,muon,mup,tune,75,0.03231652035047826,71,0.0002325947757833799,99.99333333333334,0.41149934258460996,94.04,0.3695362434469687,94.72,12.938645604997873
tune_verify_muon_mup_0.03232_e75_t,0,verify,muon,mup,tune,75,0.03231652035047826,72,0.00010380187353782983,100.0,0.40881047377586366,94.11,0.3682100108502549,94.74000000000001,12.942864221011405
tune_verify_muon_mup_0.03232_e75_t,0,verify,muon,mup,tune,75,0.03231652035047826,73,0.0002583987837106785,99.99333333333334,0.410830229306221,94.07,0.37332930909321294,94.76,12.945827187009854
tune_verify_muon_mup_0.03232_e75_t,0,verify,muon,mup,tune,75,0.03231652035047826,74,0.00011007227382279881,100.0,0.4079449866294861,94.14,0.36895764315209817,94.86,12.942158335994463
tune_verify_muon_mup_0.03232_e75_t,0,verify,muon,mup,tune,75,0.03231652035047826,75,0.00012406689068108486,99.99777777777777,0.4088896783232689,94.05,0.3653696166360285,94.82000000000001,12.944197735007037
tune_verify_muon_mup_0.15_e75_t,0,verify,muon,mup,tune,75,0.15000000000000005,0,2.3028948455810547,10.246666666666666,2.302789026641846,10.38,2.3021115951538085,10.34,
tune_verify_muon_mup_0.15_e75_t,0,verify,muon,mup,tune,75,0.15000000000000005,1,1.1331829959763422,59.77777777777777,0.8175265670776367,73.03,0.8173155217170716,72.82,13.576619340994512
tune_verify_muon_mup_0.15_e75_t,0,verify,muon,mup,tune,75,0.15000000000000005,2,0.5868613589074877,79.91333333333334,0.6610063601493835,78.29,0.6661751504898071,77.9,12.9500475859968
tune_verify_muon_mup_0.15_e75_t,0,verify,muon,mup,tune,75,0.15000000000000005,3,0.439609548441569,84.9888888888889,0.4520971777915955,85.48,0.46529161396026614,84.04,12.967908350998187
tune_verify_muon_mup_0.15_e75_t,0,verify,muon,mup,tune,75,0.15000000000000005,4,0.3539049129539066,87.79333333333334,0.40482104415893555,86.31,0.4068520559310913,86.86,12.981055668991758
tune_verify_muon_mup_0.15_e75_t,0,verify,muon,mup,tune,75,0.15000000000000005,5,0.29529923068152536,89.70222222222223,0.3992227126121521,87.14,0.3862360237121582,86.96000000000001,12.986471436990541
tune_verify_muon_mup_0.15_e75_t,0,verify,muon,mup,tune,75,0.15000000000000005,6,0.25843630764219494,91.23555555555556,0.33999368810653685,88.6,0.34487037658691405,88.62,12.99872049500118
tune_verify_muon_mup_0.15_e75_t,0,verify,muon,mup,tune,75,0.15000000000000005,7,0.22118530247741275,92.35555555555555,0.3108831912994385,89.95,0.3180119514465332,89.88000000000001,12.981017818005057
tune_verify_muon_mup_0.15_e75_t,0,verify,muon,mup,tune,75,0.15000000000000005,8,0.19497248424424066,93.29333333333332,0.3375495003700256,89.32,0.3439159949541092,89.38000000000001,12.979414559988072
tune_verify_muon_mup_0.15_e75_t,0,verify,muon,mup,tune,75,0.15000000000000005,9,0.16428432483673094,94.29333333333332,0.325406627869606,90.25,0.3160589387893677,90.74,12.97653226199327
tune_verify_muon_mup_0.15_e75_t,0,verify,muon,mup,tune,75,0.15000000000000005,10,0.15400780233542125,94.57111111111111,0.3146520936489105,90.61,0.31342606072425844,90.94,12.968834145998699
tune_verify_muon_mup_0.15_e75_t,0,verify,muon,mup,tune,75,0.15000000000000005,11,0.13152153820991516,95.47777777777777,0.3074284432649612,90.53,0.302742768573761,90.56,12.968382497987477
tune_verify_muon_mup_0.15_e75_t,0,verify,muon,mup,tune,75,0.15000000000000005,12,0.11752020878791809,95.92666666666668,0.33625630435943604,90.36999999999999,0.3266101900577545,90.66,12.968491812003776
tune_verify_muon_mup_0.15_e75_t,0,verify,muon,mup,tune,75,0.15000000000000005,13,0.10562616955836614,96.30666666666666,0.3440232846736908,90.39,0.3351920048713684,90.56,12.962226756993914
tune_verify_muon_mup_0.15_e75_t,0,verify,muon,mup,tune,75,0.15000000000000005,14,0.09577129527727762,96.73777777777778,0.3025306867599487,91.82000000000001,0.3076808297753334,91.32000000000001,12.961027370998636
tune_verify_muon_mup_0.15_e75_t,0,verify,muon,mup,tune,75,0.15000000000000005,15,0.08793505437639025,97.04666666666667,0.3000200065612793,92.01,0.295911265027523,92.25999999999999,12.954556657001376
tune_verify_muon_mup_0.15_e75_t,0,verify,muon,mup,tune,75,0.15000000000000005,16,0.07496765049762195,97.40444444444445,0.3270040331184864,91.67,0.29460632848739626,91.88,12.96030373199028
tune_verify_muon_mup_0.15_e75_t,0,verify,muon,mup,tune,75,0.15000000000000005,17,0.07333394057154656,97.41777777777779,0.3402232128620148,90.97,0.3211243113517761,91.3,12.961727207002696
tune_verify_muon_mup_0.15_e75_t,0,verify,muon,mup,tune,75,0.15000000000000005,18,0.06855785763131247,97.6,0.31431552937030793,91.97999999999999,0.30958446276187895,91.86,12.95811489400512
tune_verify_muon_mup_0.15_e75_t,0,verify,muon,mup,tune,75,0.15000000000000005,19,0.06063029498656591,97.95111111111112,0.327178537607193,91.97999999999999,0.3333207728385925,92.08,12.95886944999802
tune_verify_muon_mup_0.15_e75_t,0,verify,muon,mup,tune,75,0.15000000000000005,20,0.05855460646880997,97.94666666666667,0.33262446002960205,91.74,0.32982817158699035,91.7,12.949972740010708
tune_verify_muon_mup_0.15_e75_t,0,verify,muon,mup,tune,75,0.15000000000000005,21,0.05090917423235045,98.24666666666667,0.3407891265392303,92.02,0.33749636850357057,92.67999999999999,12.962528585005202
tune_verify_muon_mup_0.15_e75_t,0,verify,muon,mup,tune,75,0.15000000000000005,22,0.047532634258270264,98.42888888888889,0.33680174951553343,91.84,0.3305169920921326,92.4,12.94910467400041
tune_verify_muon_mup_0.15_e75_t,0,verify,muon,mup,tune,75,0.15000000000000005,23,0.04361768310202493,98.47111111111111,0.34457475423812867,92.27,0.33210362503677604,92.5,12.954755701997783
tune_verify_muon_mup_0.15_e75_t,0,verify,muon,mup,tune,75,0.15000000000000005,24,0.04155956899722417,98.5911111111111,0.33539866800308227,92.41,0.3147054704666138,92.74,12.95623928999703
tune_verify_muon_mup_0.15_e75_t,0,verify,muon,mup,tune,75,0.15000000000000005,25,0.03940299243927002,98.65777777777778,0.34665558438301086,92.51,0.3139679563522339,92.82000000000001,12.957030730001861
tune_verify_muon_mup_0.15_e75_t,0,verify,muon,mup,tune,75,0.15000000000000005,26,0.03480039783583747,98.74666666666667,0.35532511801719663,92.56,0.3285506519317627,92.80000000000001,12.955706608001492
tune_verify_muon_mup_0.15_e75_t,0,verify,muon,mup,tune,75,0.15000000000000005,27,0.033593682816024456,98.89777777777778,0.35026599922180174,92.77,0.328524819278717,92.97999999999999,12.956503327004611
tune_verify_muon_mup_0.15_e75_t,0,verify,muon,mup,tune,75,0.15000000000000005,28,0.030300638193057644,98.97111111111111,0.3775836703300476,92.19000000000001,0.3333241178512573,92.4,12.965477446006844
tune_verify_muon_mup_0.15_e75_t,0,verify,muon,mup,tune,75,0.15000000000000005,29,0.025754589899215433,99.06222222222222,0.37805955238342287,92.46,0.3377694014072418,93.10000000000001,12.95820114799426
tune_verify_muon_mup_0.15_e75_t,0,verify,muon,mup,tune,75,0.15000000000000005,30,0.025434619787335397,99.13111111111111,0.3578276909351349,92.60000000000001,0.34061210696846245,92.9,12.96228526699997
tune_verify_muon_mup_0.15_e75_t,0,verify,muon,mup,tune,75,0.15000000000000005,31,0.02297892102441854,99.2088888888889,0.387719090461731,92.75999999999999,0.35149451570510865,92.72,12.953534599000704
tune_verify_muon_mup_0.15_e75_t,0,verify,muon,mup,tune,75,0.15000000000000005,32,0.023497964685493044,99.2088888888889,0.3725278645515442,92.81,0.33982174549102784,93.26,12.950903920995188
tune_verify_muon_mup_0.15_e75_t,0,verify,muon,mup,tune,75,0.15000000000000005,33,0.02059112897713979,99.32888888888888,0.39233297123908994,92.30000000000001,0.3719001536607742,92.38,12.960569679999026
tune_verify_muon_mup_0.15_e75_t,0,verify,muon,mup,tune,75,0.15000000000000005,34,0.02029376218020916,99.28,0.38462319831848146,92.74,0.3396280270576477,93.06,12.960215522005456
tune_verify_muon_mup_0.15_e75_t,0,verify,muon,mup,tune,75,0.15000000000000005,35,0.016378158907509512,99.43333333333332,0.37731032938957215,92.83,0.36982680263519285,92.64,12.956420033995528
tune_verify_muon_mup_0.15_e75_t,0,verify,muon,mup,tune,75,0.15000000000000005,36,0.015033539414985312,99.48222222222223,0.3920612272262573,92.95,0.35480870331302283,93.47999999999999,12.959027566001168
tune_verify_muon_mup_0.15_e75_t,0,verify,muon,mup,tune,75,0.15000000000000005,37,0.014900653029729923,99.49555555555555,0.4133422301292419,92.80000000000001,0.38543961095809937,93.2,12.961466467997525
tune_verify_muon_mup_0.15_e75_t,0,verify,muon,mup,tune,75,0.15000000000000005,38,0.013702664839062425,99.56888888888888,0.37996521883010864,93.0,0.35066199021339417,93.10000000000001,12.965051109000342
tune_verify_muon_mup_0.15_e75_t,0,verify,muon,mup,tune,75,0.15000000000000005,39,0.012091379905678332,99.58888888888889,0.3934416627883911,92.94,0.3693293444156647,93.32000000000001,12.956922842990025
tune_verify_muon_mup_0.15_e75_t,0,verify,muon,mup,tune,75,0.15000000000000005,40,0.011413343290368923,99.60444444444444,0.4111257043838501,93.23,0.3606162404060364,93.52000000000001,12.95848664600635
tune_verify_muon_mup_0.15_e75_t,0,verify,muon,mup,tune,75,0.15000000000000005,41,0.011350517225265503,99.60888888888888,0.4035622583866119,93.17999999999999,0.34953436417579653,93.54,12.963763779000146
tune_verify_muon_mup_0.15_e75_t,0,verify,muon,mup,tune,75,0.15000000000000005,42,0.009539423387502837,99.66222222222221,0.37548147373199464,93.4,0.3342173795700073,93.54,12.957911022996996
tune_verify_muon_mup_0.15_e75_t,0,verify,muon,mup,tune,75,0.15000000000000005,43,0.008185594911831948,99.73333333333333,0.3881751135826111,93.26,0.3601496710777283,93.38,12.958612166999956
tune_verify_muon_mup_0.15_e75_t,0,verify,muon,mup,tune,75,0.15000000000000005,44,0.007535075125967463,99.75555555555556,0.3863495044708252,93.06,0.3596289823770523,93.54,12.951633171993308
tune_verify_muon_mup_0.15_e75_t,0,verify,muon,mup,tune,75,0.15000000000000005,45,0.0074517938753900425,99.73333333333333,0.4048484593391418,93.26,0.3664849700927734,93.64,12.949149364998448
tune_verify_muon_mup_0.15_e75_t,0,verify,muon,mup,tune,75,0.15000000000000005,46,0.006730935079914828,99.76666666666667,0.40382138867378237,93.33,0.3808495609283447,93.86,12.95887103799032
tune_verify_muon_mup_0.15_e75_t,0,verify,muon,mup,tune,75,0.15000000000000005,47,0.00578595632598218,99.7911111111111,0.4012478579044342,93.43,0.3529755874633789,93.89999999999999,12.955593832986779
tune_verify_muon_mup_0.15_e75_t,0,verify,muon,mup,tune,75,0.15000000000000005,48,0.005822456363795532,99.81555555555556,0.40103426011800763,93.58,0.3593192708969116,93.78,12.956590257002972
tune_verify_muon_mup_0.15_e75_t,0,verify,muon,mup,tune,75,0.15000000000000005,49,0.0038153021787914135,99.87777777777778,0.4067794165492058,93.37,0.3698180018663406,93.72,12.953764471996692
tune_verify_muon_mup_0.15_e75_t,0,verify,muon,mup,tune,75,0.15000000000000005,50,0.003481866278530409,99.86,0.40309590463638306,93.58999999999999,0.36534888920784,93.92,12.957747656997526
tune_verify_muon_mup_0.15_e75_t,0,verify,muon,mup,tune,75,0.15000000000000005,51,0.0037220987009738264,99.89333333333333,0.41083481492996216,93.58999999999999,0.3833815660953522,93.76,12.959401622007135
tune_verify_muon_mup_0.15_e75_t,0,verify,muon,mup,tune,75,0.15000000000000005,52,0.0022742590364327447,99.92666666666666,0.40750193586349487,93.76,0.38807170458901674,93.78,12.952047817991115
tune_verify_muon_mup_0.15_e75_t,0,verify,muon,mup,tune,75,0.15000000000000005,53,0.0025315488233412097,99.91333333333333,0.40929322814941405,93.89999999999999,0.3963606751680374,94.04,12.955026961994008
tune_verify_muon_mup_0.15_e75_t,0,verify,muon,mup,tune,75,0.15000000000000005,54,0.0022733016891223895,99.91333333333333,0.4090225966930389,93.83,0.38785303515195846,93.89999999999999,12.9609356969886
tune_verify_muon_mup_0.15_e75_t,0,verify,muon,mup,tune,75,0.15000000000000005,55,0.0015332012028510993,99.96000000000001,0.41833864612579347,93.84,0.39224150569438937,93.66,12.963656391002587
tune_verify_muon_mup_0.15_e75_t,0,verify,muon,mup,tune,75,0.15000000000000005,56,0.0016444938403230886,99.94888888888889,0.41520774207115174,93.72,0.39622361719608307,93.7,12.95440213799884
tune_verify_muon_mup_0.15_e75_t,0,verify,muon,mup,tune,75,0.15000000000000005,57,0.0014884113821602013,99.95777777777778,0.4101872757434845,93.83,0.38986898555755617,94.06,12.957680295003229
tune_verify_muon_mup_0.15_e75_t,0,verify,muon,mup,tune,75,0.15000000000000005,58,0.0008889405008095006,99.97333333333333,0.41224558681845663,94.02000000000001,0.3980053781747818,93.97999999999999,12.960712560001411
tune_verify_muon_mup_0.15_e75_t,0,verify,muon,mup,tune,75,0.15000000000000005,59,0.0005453320365554343,99.99111111111111,0.40793433356285097,93.93,0.3789675063371658,94.14,12.960316885990323
tune_verify_muon_mup_0.15_e75_t,0,verify,muon,mup,tune,75,0.15000000000000005,60,0.0006820786490719507,99.97333333333333,0.4175326897621155,93.82000000000001,0.4045975384235382,93.8,12.95241957300459
tune_verify_muon_mup_0.15_e75_t,0,verify,muon,mup,tune,75,0.15000000000000005,61,0.0008723679039472093,99.97111111111111,0.4080177128314972,94.04,0.3943070550084114,94.02000000000001,12.952932299987879
tune_verify_muon_mup_0.15_e75_t,0,verify,muon,mup,tune,75,0.15000000000000005,62,0.0007418837219851816,99.97555555555554,0.40561410717964175,94.19999999999999,0.38772740850448606,94.14,12.952634105997276
tune_verify_muon_mup_0.15_e75_t,0,verify,muon,mup,tune,75,0.15000000000000005,63,0.0006887273429023077,99.97555555555554,0.41463873796463013,94.04,0.3975145164489746,94.02000000000001,12.952406996992067
tune_verify_muon_mup_0.15_e75_t,0,verify,muon,mup,tune,75,0.15000000000000005,64,0.00034387548403206486,99.9888888888889,0.41372962927818296,94.02000000000001,0.38866427669525144,93.97999999999999,12.957050534008886
tune_verify_muon_mup_0.15_e75_t,0,verify,muon,mup,tune,75,0.15000000000000005,65,0.0003299668077880698,99.9888888888889,0.4161052800655365,94.14,0.38939045753479,94.39999999999999,12.962883453001268
tune_verify_muon_mup_0.15_e75_t,0,verify,muon,mup,tune,75,0.15000000000000005,66,0.00020610876487270514,99.99777777777777,0.4183148766994476,94.07,0.3881666094779968,94.14,12.94925513099588
tune_verify_muon_mup_0.15_e75_t,0,verify,muon,mup,tune,75,0.15000000000000005,67,0.00021513732741829396,99.99777777777777,0.41982880306243897,93.99,0.3965159069061279,94.1,12.942518650001148
tune_verify_muon_mup_0.15_e75_t,0,verify,muon,mup,tune,75,0.15000000000000005,68,0.00014145391860794109,99.99555555555555,0.4182947609424591,94.02000000000001,0.38714709339141845,94.06,12.942127018002793
tune_verify_muon_mup_0.15_e75_t,0,verify,muon,mup,tune,75,0.15000000000000005,69,0.0001037193823148199,100.0,0.4140266788959503,94.07,0.3872633456707001,94.17999999999999,12.95634510499076
tune_verify_muon_mup_0.15_e75_t,0,verify,muon,mup,tune,75,0.15000000000000005,70,0.00015393512003663797,99.99555555555555,0.4184196349143982,94.08999999999999,0.38973280615806577,94.16,12.955151906004176
tune_verify_muon_mup_0.15_e75_t,0,verify,muon,mup,tune,75,0.15000000000000005,71,0.00033618334701710005,99.99555555555555,0.41634121837615967,94.08,0.3870137872695923,94.22,12.958982908996404
tune_verify_muon_mup_0.15_e75_t,0,verify,muon,mup,tune,75,0.15000000000000005,72,0.00020879915186297794,99.99333333333334,0.4150509747982025,94.08,0.38737439851760863,94.19999999999999,12.95074564999959
tune_verify_muon_mup_0.15_e75_t,0,verify,muon,mup,tune,75,0.15000000000000005,73,0.00015739962612375773,99.99555555555555,0.41894849627017977,94.1,0.3921810136318207,94.17999999999999,12.9579089480103
tune_verify_muon_mup_0.15_e75_t,0,verify,muon,mup,tune,75,0.15000000000000005,74,0.00013686426906303191,99.99777777777777,0.414906830739975,94.15,0.3883229130744934,94.17999999999999,12.953676818986423
tune_verify_muon_mup_0.15_e75_t,0,verify,muon,mup,tune,75,0.15000000000000005,75,0.0004004233781070474,99.98444444444445,0.415192574596405,94.1,0.38654580368995667,94.16,12.957575010994333
tune_verify_muon_unit-gain_0.0015_e75_t,0,verify,muon,unit-gain,tune,75,0.0015000000000000005,0,2.3028948455810547,10.246666666666666,2.3027890270233153,10.38,2.302111595916748,10.34,
tune_verify_muon_unit-gain_0.0015_e75_t,0,verify,muon,unit-gain,tune,75,0.0015000000000000005,1,1.4160091955184937,48.28,1.0683254830360414,63.029999999999994,1.07022263507843,62.1,13.638571577997936
tune_verify_muon_unit-gain_0.0015_e75_t,0,verify,muon,unit-gain,tune,75,0.0015000000000000005,2,0.8300703123304579,70.57777777777777,0.6992459513187409,75.66000000000001,0.726119176864624,75.18,13.017458510999859
tune_verify_muon_unit-gain_0.0015_e75_t,0,verify,muon,unit-gain,tune,75,0.0015000000000000005,3,0.5966058758629693,79.41777777777777,0.5381593511581421,81.32000000000001,0.5482975336074829,81.06,13.033140827999887
tune_verify_muon_unit-gain_0.0015_e75_t,0,verify,muon,unit-gain,tune,75,0.0015000000000000005,4,0.4738836816575792,83.59111111111112,0.4911298927783966,82.94,0.4987298560142517,82.56,13.043012067002564
tune_verify_muon_unit-gain_0.0015_e75_t,0,verify,muon,unit-gain,tune,75,0.0015000000000000005,5,0.39720173925293817,86.19777777777777,0.48222005109786986,84.17,0.48335721912384033,83.66,13.056674193998333
tune_verify_muon_unit-gain_0.0015_e75_t,0,verify,muon,unit-gain,tune,75,0.0015000000000000005,6,0.3376363040182326,88.34444444444445,0.40241559133529664,86.85000000000001,0.41295373001098634,86.16,13.045749559998512
tune_verify_muon_unit-gain_0.0015_e75_t,0,verify,muon,unit-gain,tune,75,0.0015000000000000005,7,0.29331030616760256,89.99777777777777,0.41549341230392456,86.37,0.41242945070266723,86.24000000000001,13.050576264002302
tune_verify_muon_unit-gain_0.0015_e75_t,0,verify,muon,unit-gain,tune,75,0.0015000000000000005,8,0.2547773140642378,91.29333333333334,0.40919872260093687,87.52,0.40625990471839907,87.26,13.043131084999914
tune_verify_muon_unit-gain_0.0015_e75_t,0,verify,muon,unit-gain,tune,75,0.0015000000000000005,9,0.22258037238650852,92.27333333333333,0.384374961400032,88.03,0.40087338609695433,87.28,13.048316738000722
tune_verify_muon_unit-gain_0.0015_e75_t,0,verify,muon,unit-gain,tune,75,0.0015000000000000005,10,0.20404607117970786,92.88666666666666,0.3759718194246292,88.36,0.397773042345047,87.9,13.048077664003358
tune_verify_muon_unit-gain_0.0015_e75_t,0,verify,muon,unit-gain,tune,75,0.0015000000000000005,11,0.18006751699447632,93.74666666666667,0.3782544988632202,88.99000000000001,0.4015933440208435,88.42,13.042074234999745
tune_verify_muon_unit-gain_0.0015_e75_t,0,verify,muon,unit-gain,tune,75,0.0015000000000000005,12,0.16334232043425242,94.30444444444444,0.4031957367897034,88.4,0.4114687635421753,88.24,13.033385937000276
tune_verify_muon_unit-gain_0.0015_e75_t,0,verify,muon,unit-gain,tune,75,0.0015000000000000005,13,0.146196424513393,94.81333333333333,0.3801625630378723,88.47,0.3685738275527954,88.94,13.038467229998787
tune_verify_muon_unit-gain_0.0015_e75_t,0,verify,muon,unit-gain,tune,75,0.0015000000000000005,14,0.13432188115914662,95.34222222222222,0.37223614428043367,89.53999999999999,0.3722064686775208,89.28,13.03253531899827
tune_verify_muon_unit-gain_0.0015_e75_t,0,verify,muon,unit-gain,tune,75,0.0015000000000000005,15,0.1269668747689989,95.60888888888888,0.375937105178833,89.84,0.37749631068706513,89.44,13.034074932002113
tune_verify_muon_unit-gain_0.0015_e75_t,0,verify,muon,unit-gain,tune,75,0.0015000000000000005,16,0.1100661065419515,96.15777777777778,0.4072918831825256,89.62,0.3857407172858715,89.53999999999999,13.030264410997916
tune_verify_muon_unit-gain_0.0015_e75_t,0,verify,muon,unit-gain,tune,75,0.0015000000000000005,17,0.10429033294187652,96.40222222222222,0.3973906536579132,89.4,0.36317867498397827,89.96,13.025535859000229
tune_verify_muon_unit-gain_0.0015_e75_t,0,verify,muon,unit-gain,tune,75,0.0015000000000000005,18,0.09747501073678334,96.57777777777777,0.38093739581108094,90.03999999999999,0.37341283655166624,90.32,13.027947062000749
tune_verify_muon_unit-gain_0.0015_e75_t,0,verify,muon,unit-gain,tune,75,0.0015000000000000005,19,0.08715554216040505,97.01333333333334,0.4257381795883179,89.31,0.4091214298248291,89.72,13.026401148999867
tune_verify_muon_unit-gain_0.0015_e75_t,0,verify,muon,unit-gain,tune,75,0.0015000000000000005,20,0.08266626134183672,97.10888888888888,0.39073920516967775,90.12,0.39007071866989135,90.10000000000001,13.02472511799715
tune_verify_muon_unit-gain_0.0015_e75_t,0,verify,muon,unit-gain,tune,75,0.0015000000000000005,21,0.07947920139100817,97.24888888888889,0.3869554295539856,90.4,0.3901202132225037,90.32,13.018059039997752
tune_verify_muon_unit-gain_0.0015_e75_t,0,verify,muon,unit-gain,tune,75,0.0015000000000000005,22,0.07325379049115711,97.4888888888889,0.4273869354248047,90.11,0.3885395483016968,90.74,13.023879216998466
tune_verify_muon_unit-gain_0.0015_e75_t,0,verify,muon,unit-gain,tune,75,0.0015000000000000005,23,0.06698469886978467,97.70666666666666,0.41628899126052854,90.53,0.38814710922241213,90.86,13.018462119995093
tune_verify_muon_unit-gain_0.0015_e75_t,0,verify,muon,unit-gain,tune,75,0.0015000000000000005,24,0.06563554872406853,97.74666666666667,0.4003579550743103,90.77,0.4078517552375793,90.86,13.018113268000889
tune_verify_muon_unit-gain_0.0015_e75_t,0,verify,muon,unit-gain,tune,75,0.0015000000000000005,25,0.05828628147078885,97.94888888888889,0.4418677580833435,90.59,0.42767268867492675,90.82000000000001,13.012079849002475
tune_verify_muon_unit-gain_0.0015_e75_t,0,verify,muon,unit-gain,tune,75,0.0015000000000000005,26,0.05770235036346647,97.98,0.40929540100097656,90.92,0.398715251159668,91.03999999999999,13.01582077400235
tune_verify_muon_unit-gain_0.0015_e75_t,0,verify,muon,unit-gain,tune,75,0.0015000000000000005,27,0.05418999959412548,98.15777777777778,0.4197855561256409,90.64,0.3745282704591751,91.2,13.017777141998522
tune_verify_muon_unit-gain_0.0015_e75_t,0,verify,muon,unit-gain,tune,75,0.0015000000000000005,28,0.04952357288267877,98.26222222222222,0.465292996263504,90.53,0.41165737724304197,91.02,13.020550123997964
tune_verify_muon_unit-gain_0.0015_e75_t,0,verify,muon,unit-gain,tune,75,0.0015000000000000005,29,0.046485063430998064,98.41777777777779,0.44527482023239134,90.86,0.4268791543006897,90.84,13.023245799995493
tune_verify_muon_unit-gain_0.0015_e75_t,0,verify,muon,unit-gain,tune,75,0.0015000000000000005,30,0.04721632294787301,98.34666666666666,0.42358164873123166,91.12,0.37932332231998445,91.28,13.024183221001294
tune_verify_muon_unit-gain_0.0015_e75_t,0,verify,muon,unit-gain,tune,75,0.0015000000000000005,31,0.0440145941429668,98.48666666666666,0.4487171597480774,91.02,0.4284603669404983,90.66,13.022549465000338
tune_verify_muon_unit-gain_0.0015_e75_t,0,verify,muon,unit-gain,tune,75,0.0015000000000000005,32,0.04248528235885832,98.52222222222223,0.42123046321868896,91.2,0.42785721356868744,91.25999999999999,13.021138333002455
tune_verify_muon_unit-gain_0.0015_e75_t,0,verify,muon,unit-gain,tune,75,0.0015000000000000005,33,0.037905981799629,98.65555555555555,0.41785961084365847,91.21000000000001,0.40065235562324525,91.62,13.022855034003442
tune_verify_muon_unit-gain_0.0015_e75_t,0,verify,muon,unit-gain,tune,75,0.0015000000000000005,34,0.0324732501996888,98.88,0.44944791345596313,91.14999999999999,0.4097065278887749,91.7,13.02421274700464
tune_verify_muon_unit-gain_0.0015_e75_t,0,verify,muon,unit-gain,tune,75,0.0015000000000000005,35,0.035449750081366964,98.70444444444443,0.4743595404624939,90.81,0.46882361011505125,90.94,13.021641065999574
tune_verify_muon_unit-gain_0.0015_e75_t,0,verify,muon,unit-gain,tune,75,0.0015000000000000005,36,0.032815098276403214,98.91111111111111,0.44031958980560304,91.4,0.41755354843139647,91.56,13.022277017000306
tune_verify_muon_unit-gain_0.0015_e75_t,0,verify,muon,unit-gain,tune,75,0.0015000000000000005,37,0.0303170615380009,98.93777777777778,0.43978289308547974,91.57,0.41095502578914167,91.67999999999999,13.022768350005208
tune_verify_muon_unit-gain_0.0015_e75_t,0,verify,muon,unit-gain,tune,75,0.0015000000000000005,38,0.029363187033600278,98.98444444444443,0.4253567776679993,92.04,0.40467586250305176,92.32000000000001,13.026344712998252
tune_verify_muon_unit-gain_0.0015_e75_t,0,verify,muon,unit-gain,tune,75,0.0015000000000000005,39,0.025788263954387772,99.07333333333334,0.4137136101722717,91.92,0.43435128279700874,91.5,13.022462335000455
tune_verify_muon_unit-gain_0.0015_e75_t,0,verify,muon,unit-gain,tune,75,0.0015000000000000005,40,0.02350225848522451,99.17777777777778,0.4276845993041992,91.96,0.42050161082744597,92.22,13.021783646996482
tune_verify_muon_unit-gain_0.0015_e75_t,0,verify,muon,unit-gain,tune,75,0.0015000000000000005,41,0.022301537258757484,99.21555555555555,0.45495156774520873,91.53999999999999,0.44283325691223147,91.97999999999999,13.02399357000104
tune_verify_muon_unit-gain_0.0015_e75_t,0,verify,muon,unit-gain,tune,75,0.0015000000000000005,42,0.02083155729621649,99.31777777777778,0.46504835243225096,91.43,0.4344967079162598,91.88,13.02149849900161
tune_verify_muon_unit-gain_0.0015_e75_t,0,verify,muon,unit-gain,tune,75,0.0015000000000000005,43,0.019328057066433958,99.3711111111111,0.45043674364089964,91.57,0.42229496693611146,92.36,13.023889126998256
tune_verify_muon_unit-gain_0.0015_e75_t,0,verify,muon,unit-gain,tune,75,0.0015000000000000005,44,0.017971943476465014,99.35333333333334,0.4741495859146118,91.85,0.4669041497029364,91.60000000000001,13.019745311998122
tune_verify_muon_unit-gain_0.0015_e75_t,0,verify,muon,unit-gain,tune,75,0.0015000000000000005,45,0.01543555695704288,99.46444444444444,0.46305301790237424,92.0,0.4582372250214219,92.16,13.028146343000117
tune_verify_muon_unit-gain_0.0015_e75_t,0,verify,muon,unit-gain,tune,75,0.0015000000000000005,46,0.015192375288075871,99.48444444444445,0.4874833333015442,92.01,0.4663359220504761,91.97999999999999,13.02410502100247
tune_verify_muon_unit-gain_0.0015_e75_t,0,verify,muon,unit-gain,tune,75,0.0015000000000000005,47,0.013476693104248908,99.52444444444446,0.5025929529190063,91.97,0.47207233238220214,91.92,13.023354051001661
tune_verify_muon_unit-gain_0.0015_e75_t,0,verify,muon,unit-gain,tune,75,0.0015000000000000005,48,0.011425026312636005,99.57777777777778,0.5233496391296387,91.51,0.4947673658847809,91.62,13.021433672998683
tune_verify_muon_unit-gain_0.0015_e75_t,0,verify,muon,unit-gain,tune,75,0.0015000000000000005,49,0.011521701068824363,99.6,0.5185825076103211,92.04,0.47737421047091483,92.22,13.023061225001584
tune_verify_muon_unit-gain_0.0015_e75_t,0,verify,muon,unit-gain,tune,75,0.0015000000000000005,50,0.009579503071473705,99.69777777777777,0.48530210647583005,92.2,0.46487080068588255,92.28,13.022755640995456
tune_verify_muon_unit-gain_0.0015_e75_t,0,verify,muon,unit-gain,tune,75,0.0015000000000000005,51,0.00956049336242593,99.65555555555555,0.505555262851715,92.10000000000001,0.45815277938842774,92.28,13.023263538001629
tune_verify_muon_unit-gain_0.0015_e75_t,0,verify,muon,unit-gain,tune,75,0.0015000000000000005,52,0.008568627230491904,99.74666666666666,0.5006760853767395,92.08,0.4642842331409454,92.44,13.02659854599915
tune_verify_muon_unit-gain_0.0015_e75_t,0,verify,muon,unit-gain,tune,75,0.0015000000000000005,53,0.007560348460161024,99.73333333333333,0.5058327357292175,91.75999999999999,0.46056400175094603,92.72,13.019898218997696
tune_verify_muon_unit-gain_0.0015_e75_t,0,verify,muon,unit-gain,tune,75,0.0015000000000000005,54,0.006732658613923317,99.76,0.5078504956245422,92.03,0.4919273250579834,92.28,13.021716449999076
tune_verify_muon_unit-gain_0.0015_e75_t,0,verify,muon,unit-gain,tune,75,0.0015000000000000005,55,0.007249479245021939,99.76222222222222,0.5036057252883911,92.22,0.4738489827156067,92.64,13.025451463996433
tune_verify_muon_unit-gain_0.0015_e75_t,0,verify,muon,unit-gain,tune,75,0.0015000000000000005,56,0.005110940752214649,99.82888888888888,0.5182683088302612,92.14,0.45868108468055724,92.5,13.025511870000628
tune_verify_muon_unit-gain_0.0015_e75_t,0,verify,muon,unit-gain,tune,75,0.0015000000000000005,57,0.004902392537198547,99.84666666666666,0.5041428633689881,92.34,0.4766225712299347,92.72,13.026099586997589
tune_verify_muon_unit-gain_0.0015_e75_t,0,verify,muon,unit-gain,tune,75,0.0015000000000000005,58,0.00391327057315761,99.88444444444444,0.5192670325279236,92.31,0.49216997776031496,92.92,13.031744282001455
tune_verify_muon_unit-gain_0.0015_e75_t,0,verify,muon,unit-gain,tune,75,0.0015000000000000005,59,0.0033634796460469563,99.88666666666667,0.5164580966949462,92.17999999999999,0.5022404480934143,92.82000000000001,13.021875809004996
tune_verify_muon_unit-gain_0.0015_e75_t,0,verify,muon,unit-gain,tune,75,0.0015000000000000005,60,0.002728604173587842,99.9088888888889,0.5148831320762635,92.52,0.5148437791824341,92.66,13.0300897959969
tune_verify_muon_unit-gain_0.0015_e75_t,0,verify,muon,unit-gain,tune,75,0.0015000000000000005,61,0.0023896859089223045,99.93777777777778,0.521098566532135,92.51,0.4875197810173035,92.80000000000001,13.029468120999809
tune_verify_muon_unit-gain_0.0015_e75_t,0,verify,muon,unit-gain,tune,75,0.0015000000000000005,62,0.002465379913766972,99.91111111111111,0.5162827445983886,92.42,0.48268745431900023,92.67999999999999,13.026367617996584
tune_verify_muon_unit-gain_0.0015_e75_t,0,verify,muon,unit-gain,tune,75,0.0015000000000000005,63,0.002160525414585653,99.92666666666666,0.5222670181274414,92.52,0.4820732351303101,92.74,13.028899611999805
tune_verify_muon_unit-gain_0.0015_e75_t,0,verify,muon,unit-gain,tune,75,0.0015000000000000005,64,0.002230518171822445,99.93333333333332,0.5215730051994324,92.5,0.49791560487747194,92.92,13.020843514997978
tune_verify_muon_unit-gain_0.0015_e75_t,0,verify,muon,unit-gain,tune,75,0.0015000000000000005,65,0.0025153635395289814,99.91777777777779,0.5278312527656556,92.66,0.48767662439346315,93.04,13.022089352998591
tune_verify_muon_unit-gain_0.0015_e75_t,0,verify,muon,unit-gain,tune,75,0.0015000000000000005,66,0.0016719062266741982,99.94,0.52418920211792,92.49000000000001,0.4847796770095825,93.04,13.025014551996719
tune_verify_muon_unit-gain_0.0015_e75_t,0,verify,muon,unit-gain,tune,75,0.0015000000000000005,67,0.00135576994202048,99.96000000000001,0.5210049663543701,92.58999999999999,0.48277007389068605,93.0,13.020508316003543
tune_verify_muon_unit-gain_0.0015_e75_t,0,verify,muon,unit-gain,tune,75,0.0015000000000000005,68,0.001035692280693911,99.96888888888888,0.519612373638153,92.67999999999999,0.48000791721343994,92.97999999999999,13.030492153993691
tune_verify_muon_unit-gain_0.0015_e75_t,0,verify,muon,unit-gain,tune,75,0.0015000000000000005,69,0.0011792475989127222,99.96222222222222,0.5268554807662964,92.65,0.48094769268035886,92.92,13.022160761996929
tune_verify_muon_unit-gain_0.0015_e75_t,0,verify,muon,unit-gain,tune,75,0.0015000000000000005,70,0.0007167198735936027,99.98,0.5293114295959472,92.58,0.4893929440498352,92.94,13.025587934003852
tune_verify_muon_unit-gain_0.0015_e75_t,0,verify,muon,unit-gain,tune,75,0.0015000000000000005,71,0.0007599070622521038,99.98,0.5302232275009156,92.60000000000001,0.4878065547943115,92.97999999999999,13.02317561199743
tune_verify_muon_unit-gain_0.0015_e75_t,0,verify,muon,unit-gain,tune,75,0.0015000000000000005,72,0.0005677425700718433,99.98666666666666,0.5289800923347473,92.60000000000001,0.48366020441055296,93.02,13.028323264996288
tune_verify_muon_unit-gain_0.0015_e75_t,0,verify,muon,unit-gain,tune,75,0.0015000000000000005,73,0.0008252615268161107,99.97111111111111,0.5323895256996155,92.61,0.4889283514976501,92.86,13.02347094599827
tune_verify_muon_unit-gain_0.0015_e75_t,0,verify,muon,unit-gain,tune,75,0.0015000000000000005,74,0.000779530664089705,99.98,0.52670509557724,92.65,0.48251849279403686,92.94,13.025095514996792
tune_verify_muon_unit-gain_0.0015_e75_t,0,verify,muon,unit-gain,tune,75,0.0015000000000000005,75,0.0007890047822956048,99.97111111111111,0.5252245351791381,92.63,0.48110514097213747,93.06,13.02885260200128
tune_verify_muon_unit-gain_0.006962_e75_t,0,verify,muon,unit-gain,tune,75,0.006962383250419168,0,2.3028948455810547,10.246666666666666,2.3027890270233153,10.38,2.302111595916748,10.34,
tune_verify_muon_unit-gain_0.006962_e75_t,0,verify,muon,unit-gain,tune,75,0.006962383250419168,1,1.1389129679785834,59.13111111111111,0.7130476795196533,75.89,0.7365243308067322,74.42,13.649331845001143
tune_verify_muon_unit-gain_0.006962_e75_t,0,verify,muon,unit-gain,tune,75,0.006962383250419168,2,0.6147066624641419,78.57111111111111,0.7839259707927704,75.07000000000001,0.7874215183258056,74.9,13.016820638000354
tune_verify_muon_unit-gain_0.006962_e75_t,0,verify,muon,unit-gain,tune,75,0.006962383250419168,3,0.491434980530209,83.11555555555556,0.4885810164451599,83.75,0.49170111274719236,83.2,13.033172281000589
tune_verify_muon_unit-gain_0.006962_e75_t,0,verify,muon,unit-gain,tune,75,0.006962383250419168,4,0.4202789212544759,85.53555555555555,0.4458270273685455,84.61,0.437816623210907,85.14,13.039506479999545
tune_verify_muon_unit-gain_0.006962_e75_t,0,verify,muon,unit-gain,tune,75,0.006962383250419168,5,0.3786142452292972,86.95555555555555,0.4909628083229065,84.15,0.47858593254089354,84.39999999999999,13.046341387998837
tune_verify_muon_unit-gain_0.006962_e75_t,0,verify,muon,unit-gain,tune,75,0.006962383250419168,6,0.3572336634265052,87.90444444444444,0.40919939069747924,85.74000000000001,0.39751138095855715,86.2,13.046977427999082
tune_verify_muon_unit-gain_0.006962_e75_t,0,verify,muon,unit-gain,tune,75,0.006962383250419168,7,0.3222283814960056,88.90222222222222,0.44131408491134644,86.18,0.4154185422897339,86.76,13.038647384997603
tune_verify_muon_unit-gain_0.006962_e75_t,0,verify,muon,unit-gain,tune,75,0.006962383250419168,8,0.3102134729915195,89.38222222222223,0.37273017444610596,87.68,0.3639687267303467,88.08,13.04345931699936
tune_verify_muon_unit-gain_0.006962_e75_t,0,verify,muon,unit-gain,tune,75,0.006962383250419168,9,0.28798589041497974,90.08222222222221,0.41973561956882477,86.7,0.37588012533187865,87.7,13.039678966000793
tune_verify_muon_unit-gain_0.006962_e75_t,0,verify,muon,unit-gain,tune,75,0.006962383250419168,10,0.2858598070303599,90.19333333333334,0.3675523332118988,87.94,0.38507415504455567,87.88,13.044861313999718
tune_verify_muon_unit-gain_0.006962_e75_t,0,verify,muon,unit-gain,tune,75,0.006962383250419168,11,0.26534234246148003,90.93777777777777,0.3454040246963501,88.85,0.3435487956047058,89.03999999999999,13.030366568000318
tune_verify_muon_unit-gain_0.006962_e75_t,0,verify,muon,unit-gain,tune,75,0.006962383250419168,12,0.2506587252775828,91.30222222222221,0.37707023367881776,88.2,0.40680161609649657,87.74,13.025258611996833
tune_verify_muon_unit-gain_0.006962_e75_t,0,verify,muon,unit-gain,tune,75,0.006962383250419168,13,0.24899780616495346,91.46666666666667,0.3619621653079987,88.38000000000001,0.36656452674865725,87.74,13.023461581000447
tune_verify_muon_unit-gain_0.006962_e75_t,0,verify,muon,unit-gain,tune,75,0.006962383250419168,14,0.23554518649843004,91.77333333333333,0.4178520431518555,87.8,0.38590856285095215,87.53999999999999,13.025642413998867
tune_verify_muon_unit-gain_0.006962_e75_t,0,verify,muon,unit-gain,tune,75,0.006962383250419168,15,0.22747553295029535,92.24222222222222,0.36899754440784455,88.67,0.3387822781085968,89.12,13.023429911001585
tune_verify_muon_unit-gain_0.006962_e75_t,0,verify,muon,unit-gain,tune,75,0.006962383250419168,16,0.2167644825749927,92.66666666666666,0.3579480791330337,88.87,0.35960988378524783,89.03999999999999,13.025494550998701
tune_verify_muon_unit-gain_0.006962_e75_t,0,verify,muon,unit-gain,tune,75,0.006962383250419168,17,0.2103987976471583,92.91333333333334,0.42849560079574583,87.03999999999999,0.41657831554412844,87.52,13.016296269001032
tune_verify_muon_unit-gain_0.006962_e75_t,0,verify,muon,unit-gain,tune,75,0.006962383250419168,18,0.20512691173023648,92.93555555555557,0.3464783723831177,89.53999999999999,0.3491879596233368,88.98,13.008603804999439
tune_verify_muon_unit-gain_0.006962_e75_t,0,verify,muon,unit-gain,tune,75,0.006962383250419168,19,0.19204432450400458,93.46888888888888,0.3305399556398392,89.92,0.31390202770233155,90.22,13.019677012001921
tune_verify_muon_unit-gain_0.006962_e75_t,0,verify,muon,unit-gain,tune,75,0.006962383250419168,20,0.1917266565746731,93.40666666666667,0.36871472384929654,88.59,0.3644339023590088,88.22,13.014194104001945
tune_verify_muon_unit-gain_0.006962_e75_t,0,verify,muon,unit-gain,tune,75,0.006962383250419168,21,0.1784567030588786,93.88444444444445,0.39271571593284604,88.67,0.3494280818462372,89.56,13.018772645002173
tune_verify_muon_unit-gain_0.006962_e75_t,0,verify,muon,unit-gain,tune,75,0.006962383250419168,22,0.17393327179484896,94.02888888888889,0.35072499952316283,89.7,0.3327242215156555,89.48,13.017903929001477
tune_verify_muon_unit-gain_0.006962_e75_t,0,verify,muon,unit-gain,tune,75,0.006962383250419168,23,0.16254819405078888,94.43333333333334,0.35390509605407716,90.05,0.3393301137447357,90.62,13.019772429001023
tune_verify_muon_unit-gain_0.006962_e75_t,0,verify,muon,unit-gain,tune,75,0.006962383250419168,24,0.16119370028707716,94.43333333333334,0.3338321180343628,89.87,0.3190990968585014,89.7,13.018572941000457
tune_verify_muon_unit-gain_0.006962_e75_t,0,verify,muon,unit-gain,tune,75,0.006962383250419168,25,0.14931717477374606,94.96,0.3638798798084259,89.73,0.3236202206611633,90.32,13.01241339599801
tune_verify_muon_unit-gain_0.006962_e75_t,0,verify,muon,unit-gain,tune,75,0.006962383250419168,26,0.14585143143335977,94.86666666666666,0.3625603582382202,89.79,0.33774514532089234,90.24,13.009640326003137
tune_verify_muon_unit-gain_0.006962_e75_t,0,verify,muon,unit-gain,tune,75,0.006962383250419168,27,0.14217469898197385,94.99333333333333,0.32885911764502523,90.52,0.30609223260879515,90.72,13.01475844900051
tune_verify_muon_unit-gain_0.006962_e75_t,0,verify,muon,unit-gain,tune,75,0.006962383250419168,28,0.13229151553180482,95.42444444444445,0.3392360085785389,90.5,0.3352950575828552,90.42,13.009942729000613
tune_verify_muon_unit-gain_0.006962_e75_t,0,verify,muon,unit-gain,tune,75,0.006962383250419168,29,0.12679300172593858,95.63333333333334,0.38597332735061646,89.63,0.3831352602005005,89.66,13.013233550998848
tune_verify_muon_unit-gain_0.006962_e75_t,0,verify,muon,unit-gain,tune,75,0.006962383250419168,30,0.12401156254212062,95.66666666666667,0.3282396073579788,90.68,0.3073608100414276,91.0,13.022671228001855
tune_verify_muon_unit-gain_0.006962_e75_t,0,verify,muon,unit-gain,tune,75,0.006962383250419168,31,0.11690366944736905,95.99111111111111,0.33797049884796143,90.41,0.32590284929275515,90.94,13.011223651003093
tune_verify_muon_unit-gain_0.006962_e75_t,0,verify,muon,unit-gain,tune,75,0.006962383250419168,32,0.11060393185218176,96.12666666666667,0.33313138484954835,90.71000000000001,0.3350408137798309,90.75999999999999,13.016133717999764
tune_verify_muon_unit-gain_0.006962_e75_t,0,verify,muon,unit-gain,tune,75,0.006962383250419168,33,0.10688018922540876,96.41555555555556,0.3147902430057526,91.35,0.2942668960571289,91.8,13.016799960001663
tune_verify_muon_unit-gain_0.006962_e75_t,0,verify,muon,unit-gain,tune,75,0.006962383250419168,34,0.09963454202546014,96.6511111111111,0.32630486249923707,91.66,0.3175302095413208,91.16,13.018953457001771
tune_verify_muon_unit-gain_0.006962_e75_t,0,verify,muon,unit-gain,tune,75,0.006962383250419168,35,0.09258944928116268,96.80666666666666,0.346793852519989,90.85,0.3365522660970688,90.86,13.01621840900043
tune_verify_muon_unit-gain_0.006962_e75_t,0,verify,muon,unit-gain,tune,75,0.006962383250419168,36,0.090689672330353,96.91111111111111,0.32367829341888427,91.31,0.3182616970062256,91.03999999999999,13.010128871999768
tune_verify_muon_unit-gain_0.006962_e75_t,0,verify,muon,unit-gain,tune,75,0.006962383250419168,37,0.0866793918742074,97.09555555555556,0.34059023327827453,91.19,0.35321120672225953,90.64,13.003933944000892
tune_verify_muon_unit-gain_0.006962_e75_t,0,verify,muon,unit-gain,tune,75,0.006962383250419168,38,0.08165088522964054,97.21333333333332,0.31659251775741576,91.72,0.3156125811576843,92.04,13.012862704003055
tune_verify_muon_unit-gain_0.006962_e75_t,0,verify,muon,unit-gain,tune,75,0.006962383250419168,39,0.07411020050181283,97.5,0.3679874477624893,91.13,0.3594842985153198,90.88000000000001,13.01883325399831
tune_verify_muon_unit-gain_0.006962_e75_t,0,verify,muon,unit-gain,tune,75,0.006962383250419168,40,0.06826534972455767,97.6711111111111,0.3309711260557175,91.77,0.32128875398635864,91.88,13.016669740998623
tune_verify_muon_unit-gain_0.006962_e75_t,0,verify,muon,unit-gain,tune,75,0.006962383250419168,41,0.06952615322801801,97.71111111111111,0.34319373807907105,91.75999999999999,0.3272152887105942,91.86,13.015832725999644
tune_verify_muon_unit-gain_0.006962_e75_t,0,verify,muon,unit-gain,tune,75,0.006962383250419168,42,0.0636409923699167,97.82888888888888,0.34009811382293703,91.79,0.34002295162677765,91.53999999999999,13.009774943999219
tune_verify_muon_unit-gain_0.006962_e75_t,0,verify,muon,unit-gain,tune,75,0.006962383250419168,43,0.06046348920000924,97.90666666666667,0.34134745712280273,91.64999999999999,0.3269289680480957,92.14,13.012635603998206
tune_verify_muon_unit-gain_0.006962_e75_t,0,verify,muon,unit-gain,tune,75,0.006962383250419168,44,0.05532080987758107,98.11999999999999,0.34152044038772583,91.73,0.314313726747036,92.42,13.011608179000177
tune_verify_muon_unit-gain_0.006962_e75_t,0,verify,muon,unit-gain,tune,75,0.006962383250419168,45,0.05111999307407273,98.28,0.3742778265953064,91.63,0.3348972073674202,92.28,13.011318668999593
tune_verify_muon_unit-gain_0.006962_e75_t,0,verify,muon,unit-gain,tune,75,0.006962383250419168,46,0.04868694869610998,98.30666666666666,0.3680779283761978,91.78,0.35746566457748413,92.30000000000001,13.011510180000187
tune_verify_muon_unit-gain_0.006962_e75_t,0,verify,muon,unit-gain,tune,75,0.006962383250419168,47,0.04495554882685343,98.46888888888888,0.35788525915145875,91.78,0.3103069659233093,92.4,13.002596327001811
tune_verify_muon_unit-gain_0.006962_e75_t,0,verify,muon,unit-gain,tune,75,0.006962383250419168,48,0.03823842240638203,98.6888888888889,0.3608739315032959,91.95,0.3285169300079346,92.62,13.012594929998158
tune_verify_muon_unit-gain_0.006962_e75_t,0,verify,muon,unit-gain,tune,75,0.006962383250419168,49,0.03750070005464885,98.65555555555555,0.3442976254940033,92.35,0.31660881888866427,92.32000000000001,13.012368547999358
tune_verify_muon_unit-gain_0.006962_e75_t,0,verify,muon,unit-gain,tune,75,0.006962383250419168,50,0.0348394231673744,98.82,0.36227312393188477,92.41,0.3535740928173065,92.2,13.007368280002993
tune_verify_muon_unit-gain_0.006962_e75_t,0,verify,muon,unit-gain,tune,75,0.006962383250419168,51,0.02973779677549998,98.98444444444443,0.3556621397972107,92.46,0.3359617242693901,93.0,12.998179766000248
tune_verify_muon_unit-gain_0.006962_e75_t,0,verify,muon,unit-gain,tune,75,0.006962383250419168,52,0.02704217009080781,99.08666666666667,0.371236697101593,92.51,0.3512632179260254,92.75999999999999,13.004922606996843
tune_verify_muon_unit-gain_0.006962_e75_t,0,verify,muon,unit-gain,tune,75,0.006962383250419168,53,0.024670896886785827,99.1288888888889,0.374264807510376,92.54,0.39117577295303346,92.25999999999999,13.007296761999896
tune_verify_muon_unit-gain_0.006962_e75_t,0,verify,muon,unit-gain,tune,75,0.006962383250419168,54,0.022501082650820414,99.22444444444444,0.379423203086853,92.80000000000001,0.3574466774582863,92.9,13.004336462003266
tune_verify_muon_unit-gain_0.006962_e75_t,0,verify,muon,unit-gain,tune,75,0.006962383250419168,55,0.01984507961852683,99.31555555555556,0.3742763500213623,92.72,0.3728422417163849,92.88,13.016990118001559
tune_verify_muon_unit-gain_0.006962_e75_t,0,verify,muon,unit-gain,tune,75,0.006962383250419168,56,0.0171318221544226,99.43777777777778,0.36809746561050416,92.92,0.32728864068984986,93.24,13.00347505299942
tune_verify_muon_unit-gain_0.006962_e75_t,0,verify,muon,unit-gain,tune,75,0.006962383250419168,57,0.016376462434397804,99.46444444444444,0.3770726700782776,92.89,0.3730574022293091,92.86,13.01415187100065
tune_verify_muon_unit-gain_0.006962_e75_t,0,verify,muon,unit-gain,tune,75,0.006962383250419168,58,0.01414416578726636,99.50444444444445,0.3740238066673279,93.08,0.3833730804920197,93.32000000000001,13.010730206999142
tune_verify_muon_unit-gain_0.006962_e75_t,0,verify,muon,unit-gain,tune,75,0.006962383250419168,59,0.01108892943362395,99.64666666666666,0.41270772342681883,92.83,0.39990234224796295,93.16,13.005572194000706
tune_verify_muon_unit-gain_0.006962_e75_t,0,verify,muon,unit-gain,tune,75,0.006962383250419168,60,0.01019764881953597,99.65555555555555,0.38314865550994875,93.21000000000001,0.360454337978363,93.54,13.010004525000113
tune_verify_muon_unit-gain_0.006962_e75_t,0,verify,muon,unit-gain,tune,75,0.006962383250419168,61,0.009094835167916284,99.69333333333333,0.39904725437164307,93.07,0.39705308961868285,93.14,13.018302861997654
tune_verify_muon_unit-gain_0.006962_e75_t,0,verify,muon,unit-gain,tune,75,0.006962383250419168,62,0.007200381278329425,99.76666666666667,0.4257904408454895,92.92,0.3956266667366028,93.24,13.007148163000238
tune_verify_muon_unit-gain_0.006962_e75_t,0,verify,muon,unit-gain,tune,75,0.006962383250419168,63,0.006857833955229984,99.76666666666667,0.42577136535644533,93.02,0.4057663308143616,93.52000000000001,13.013858209000318
tune_verify_muon_unit-gain_0.006962_e75_t,0,verify,muon,unit-gain,tune,75,0.006962383250419168,64,0.005499989790241752,99.80666666666667,0.4395010873794556,92.92,0.4269336428642273,93.34,13.01850426999954
tune_verify_muon_unit-gain_0.006962_e75_t,0,verify,muon,unit-gain,tune,75,0.006962383250419168,65,0.004301356665624512,99.88444444444444,0.41897482738494873,93.24,0.40257330894470217,93.64,13.00952145699921
tune_verify_muon_unit-gain_0.006962_e75_t,0,verify,muon,unit-gain,tune,75,0.006962383250419168,66,0.004122466855734173,99.88222222222221,0.42794804248809815,93.16,0.39742801451683046,93.5,13.003415404000407
tune_verify_muon_unit-gain_0.006962_e75_t,0,verify,muon,unit-gain,tune,75,0.006962383250419168,67,0.0029227473004203703,99.92,0.4286075988769531,93.42,0.4143239018440247,93.52000000000001,12.999691467000957
tune_verify_muon_unit-gain_0.006962_e75_t,0,verify,muon,unit-gain,tune,75,0.006962383250419168,68,0.0026232133094893973,99.93111111111112,0.44181021909713747,93.49,0.4176095608711243,93.54,13.002241975002107
tune_verify_muon_unit-gain_0.006962_e75_t,0,verify,muon,unit-gain,tune,75,0.006962383250419168,69,0.0019426842847657907,99.95111111111112,0.4504746629714966,93.43,0.43132810468673705,93.44,13.012104787998396
tune_verify_muon_unit-gain_0.006962_e75_t,0,verify,muon,unit-gain,tune,75,0.006962383250419168,70,0.002051421354004803,99.94888888888889,0.4510401669502258,93.45,0.4296123370885849,93.44,13.010280660000717
tune_verify_muon_unit-gain_0.006962_e75_t,0,verify,muon,unit-gain,tune,75,0.006962383250419168,71,0.001666274625994265,99.95777777777778,0.45412714824676514,93.36,0.4367182940006256,93.7,13.017563584002346
tune_verify_muon_unit-gain_0.006962_e75_t,0,verify,muon,unit-gain,tune,75,0.006962383250419168,72,0.0012317640737164765,99.96888888888888,0.4527776978492737,93.46,0.44004903559684755,93.62,13.007321659999434
tune_verify_muon_unit-gain_0.006962_e75_t,0,verify,muon,unit-gain,tune,75,0.006962383250419168,73,0.0012970936323244435,99.95333333333333,0.4618667978286743,93.42,0.44452789850234986,93.67999999999999,13.01160001700191
tune_verify_muon_unit-gain_0.006962_e75_t,0,verify,muon,unit-gain,tune,75,0.006962383250419168,74,0.0016254281660722982,99.96222222222222,0.4512764075279236,93.42,0.434607949256897,93.76,13.004981420999684
tune_verify_muon_unit-gain_0.006962_e75_t,0,verify,muon,unit-gain,tune,75,0.006962383250419168,75,0.0008457528538122359,99.98666666666666,0.4542631866455078,93.51,0.44049440693855285,93.64,13.00990669499879
tune_verify_muon_unit-gain_0.03232_e75_t,0,verify,muon,unit-gain,tune,75,0.03231652035047826,0,2.3028948455810547,10.246666666666666,2.3027890270233153,10.38,2.3021115951538085,10.34,
tune_verify_muon_unit-gain_0.03232_e75_t,0,verify,muon,unit-gain,tune,75,0.03231652035047826,1,1.2077327370219761,56.76222222222223,1.0339407886505128,65.96,1.0179248275756836,66.22,13.654638070001965
tune_verify_muon_unit-gain_0.03232_e75_t,0,verify,muon,unit-gain,tune,75,0.03231652035047826,2,0.8239604791853163,71.48444444444443,0.9591363185882569,68.05,0.9580540632247925,67.46,13.029666535003344
tune_verify_muon_unit-gain_0.03232_e75_t,0,verify,muon,unit-gain,tune,75,0.03231652035047826,3,0.7632570682843526,73.74666666666667,1.0098327056884766,67.47,1.0327481918334962,67.10000000000001,13.03982104199531
tune_verify_muon_unit-gain_0.03232_e75_t,0,verify,muon,unit-gain,tune,75,0.03231652035047826,4,0.7256950234837002,74.95111111111112,0.8658852246284485,70.47,0.8822680198669434,70.44,13.046468332002405
tune_verify_muon_unit-gain_0.03232_e75_t,0,verify,muon,unit-gain,tune,75,0.03231652035047826,5,0.7015493417104085,75.75111111111111,0.8716918463706971,71.72,0.8718937655448914,71.7,13.044918236999365
tune_verify_muon_unit-gain_0.03232_e75_t,0,verify,muon,unit-gain,tune,75,0.03231652035047826,6,0.6836043896145291,76.56222222222222,1.0454271224021912,66.42,1.0337740820884704,66.92,13.051975488997414
tune_verify_muon_unit-gain_0.03232_e75_t,0,verify,muon,unit-gain,tune,75,0.03231652035047826,7,0.6653952681435479,77.07111111111111,0.8142169342041016,74.27,0.8053203681945801,73.16,13.045541849001893
tune_verify_muon_unit-gain_0.03232_e75_t,0,verify,muon,unit-gain,tune,75,0.03231652035047826,8,0.6546844608200921,77.70666666666666,1.0321432855129242,69.69,1.0603713245391846,68.7,13.032569544004218
tune_verify_muon_unit-gain_0.03232_e75_t,0,verify,muon,unit-gain,tune,75,0.03231652035047826,9,0.6498269326421949,77.54888888888888,0.759696844291687,75.1,0.7761480661392212,74.28,13.033773659997678
tune_verify_muon_unit-gain_0.03232_e75_t,0,verify,muon,unit-gain,tune,75,0.03231652035047826,10,0.6390424979315864,78.12222222222222,1.0655246107101441,68.14,1.0873910961151123,67.44,13.035905796998122
tune_verify_muon_unit-gain_0.03232_e75_t,0,verify,muon,unit-gain,tune,75,0.03231652035047826,11,0.624038325744205,78.78,0.7872790092468261,74.42999999999999,0.8276920297622681,73.68,13.02746497199405
tune_verify_muon_unit-gain_0.03232_e75_t,0,verify,muon,unit-gain,tune,75,0.03231652035047826,12,0.6135177072736953,79.06222222222222,0.7467675045013428,75.49,0.760316904258728,75.58,13.027661150998028
tune_verify_muon_unit-gain_0.03232_e75_t,0,verify,muon,unit-gain,tune,75,0.03231652035047826,13,0.6088860510720147,79.2911111111111,0.9553461087226868,69.34,0.9531987247467041,69.8,13.032148379003047
tune_verify_muon_unit-gain_0.03232_e75_t,0,verify,muon,unit-gain,tune,75,0.03231652035047826,14,0.5934320032066769,79.88888888888889,0.7424221005439758,75.67,0.7438063952445984,75.78,13.026691482999013
tune_verify_muon_unit-gain_0.03232_e75_t,0,verify,muon,unit-gain,tune,75,0.03231652035047826,15,0.5895556710773044,79.91555555555556,0.7428610816955566,76.22,0.7363604297637939,76.28,13.013273372002004
tune_verify_muon_unit-gain_0.03232_e75_t,0,verify,muon,unit-gain,tune,75,0.03231652035047826,16,0.5835463436020745,80.19333333333334,0.7521357003211975,75.42999999999999,0.7558581497192383,74.83999999999999,13.014498693999485
tune_verify_muon_unit-gain_0.03232_e75_t,0,verify,muon,unit-gain,tune,75,0.03231652035047826,17,0.567189917479621,80.68444444444445,0.6620725825309753,78.06,0.6678824588775635,77.64,13.012944547997904
tune_verify_muon_unit-gain_0.03232_e75_t,0,verify,muon,unit-gain,tune,75,0.03231652035047826,18,0.5571104805787405,81.10222222222222,0.6278438884258271,79.13,0.6409600536346436,77.94,13.014149989001453
tune_verify_muon_unit-gain_0.03232_e75_t,0,verify,muon,unit-gain,tune,75,0.03231652035047826,19,0.546253758653005,81.27777777777779,0.5919253467559814,79.86,0.6017098959922791,79.46,13.010404774999188
tune_verify_muon_unit-gain_0.03232_e75_t,0,verify,muon,unit-gain,tune,75,0.03231652035047826,20,0.5399743275218539,81.72,0.7486634048938752,75.64,0.7528226656913757,74.9,13.003963034003391
tune_verify_muon_unit-gain_0.03232_e75_t,0,verify,muon,unit-gain,tune,75,0.03231652035047826,21,0.5314433184782664,81.90888888888888,0.6508797466278076,78.66,0.6420973974227905,78.8,13.00706659599382
tune_verify_muon_unit-gain_0.03232_e75_t,0,verify,muon,unit-gain,tune,75,0.03231652035047826,22,0.5206017987781101,82.35333333333334,0.6761476891517639,78.38000000000001,0.673153532409668,78.12,12.990338910996797
tune_verify_muon_unit-gain_0.03232_e75_t,0,verify,muon,unit-gain,tune,75,0.03231652035047826,23,0.5155248897128635,82.51777777777778,0.7162580243110657,77.22,0.7371435655593872,76.82,12.990400975999364
tune_verify_muon_unit-gain_0.03232_e75_t,0,verify,muon,unit-gain,tune,75,0.03231652035047826,24,0.5063794012493558,82.7688888888889,0.5613620548248291,81.25,0.5526487159729004,81.78,12.982875066998531
tune_verify_muon_unit-gain_0.03232_e75_t,0,verify,muon,unit-gain,tune,75,0.03231652035047826,25,0.4956577827188704,83.32444444444445,0.7761567512512207,76.44999999999999,0.7549426445007325,75.82,12.995295497006737
tune_verify_muon_unit-gain_0.03232_e75_t,0,verify,muon,unit-gain,tune,75,0.03231652035047826,26,0.4854840071837107,83.41555555555556,0.571272282409668,81.07,0.5668185579299927,80.72,12.989173477006261
tune_verify_muon_unit-gain_0.03232_e75_t,0,verify,muon,unit-gain,tune,75,0.03231652035047826,27,0.47476779344346787,83.84,0.5996801788806916,80.07,0.6012051099777221,79.86,12.983015537000028
tune_verify_muon_unit-gain_0.03232_e75_t,0,verify,muon,unit-gain,tune,75,0.03231652035047826,28,0.4678124844233195,84.00888888888889,0.5677304106235505,81.69999999999999,0.5695893334388733,81.5,12.99442990800162
tune_verify_muon_unit-gain_0.03232_e75_t,0,verify,muon,unit-gain,tune,75,0.03231652035047826,29,0.46079426742659674,84.36222222222223,0.5243135397911072,82.95,0.5120826797485352,82.86,12.991909277996456
tune_verify_muon_unit-gain_0.03232_e75_t,0,verify,muon,unit-gain,tune,75,0.03231652035047826,30,0.44791361950768366,84.7911111111111,0.5044097818374634,82.96,0.4971375473976135,83.24000000000001,12.988159307999013
tune_verify_muon_unit-gain_0.03232_e75_t,0,verify,muon,unit-gain,tune,75,0.03231652035047826,31,0.4449448600980971,84.84666666666666,0.4708234544277191,84.33,0.4575845909118652,84.6,12.99279872400075
tune_verify_muon_unit-gain_0.03232_e75_t,0,verify,muon,unit-gain,tune,75,0.03231652035047826,32,0.4236084425396389,85.50222222222223,0.521590271282196,82.75,0.5395482605934143,81.56,12.983624998996675
tune_verify_muon_unit-gain_0.03232_e75_t,0,verify,muon,unit-gain,tune,75,0.03231652035047826,33,0.41945477606985304,85.74888888888889,0.5155518206596374,83.22,0.5137233904838562,83.1,12.990144744006102
tune_verify_muon_unit-gain_0.03232_e75_t,0,verify,muon,unit-gain,tune,75,0.03231652035047826,34,0.4096209426456028,86.12444444444445,0.5200067840576171,82.73,0.5013050151824952,82.89999999999999,12.985911245996249
tune_verify_muon_unit-gain_0.03232_e75_t,0,verify,muon,unit-gain,tune,75,0.03231652035047826,35,0.3945094711197747,86.48222222222223,0.5087205063819885,83.24000000000001,0.5389093420028687,82.3,12.98710906499764
tune_verify_muon_unit-gain_0.03232_e75_t,0,verify,muon,unit-gain,tune,75,0.03231652035047826,36,0.3872697489950392,86.94222222222223,0.5887510321617127,81.28,0.574142105770111,81.76,12.977850951996516
tune_verify_muon_unit-gain_0.03232_e75_t,0,verify,muon,unit-gain,tune,75,0.03231652035047826,37,0.3751474310715993,87.22222222222223,0.5166821891784668,83.50999999999999,0.5023770973205567,83.5,12.976945093003451
tune_verify_muon_unit-gain_0.03232_e75_t,0,verify,muon,unit-gain,tune,75,0.03231652035047826,38,0.3665575290573968,87.45333333333333,0.45317127900123594,85.44,0.440101233625412,85.02,12.9793375320005
tune_verify_muon_unit-gain_0.03232_e75_t,0,verify,muon,unit-gain,tune,75,0.03231652035047826,39,0.356084173573388,87.88444444444444,0.42226037797927857,86.02,0.4158981393814087,86.08,12.974257417001354
tune_verify_muon_unit-gain_0.03232_e75_t,0,verify,muon,unit-gain,tune,75,0.03231652035047826,40,0.341666510354148,88.09555555555556,0.4191144422054291,86.38,0.41232425498962405,85.7,12.970005151000805
tune_verify_muon_unit-gain_0.03232_e75_t,0,verify,muon,unit-gain,tune,75,0.03231652035047826,41,0.32409643847412534,88.92666666666666,0.46659144043922424,85.27,0.4820767382144928,84.42,12.973993330000667
tune_verify_muon_unit-gain_0.03232_e75_t,0,verify,muon,unit-gain,tune,75,0.03231652035047826,42,0.3204486134952969,89.03999999999999,0.39864103908538817,87.01,0.40258072369098663,86.74,12.97528031100228
tune_verify_muon_unit-gain_0.03232_e75_t,0,verify,muon,unit-gain,tune,75,0.03231652035047826,43,0.30386351260079275,89.71777777777777,0.4241007668495178,86.52,0.4281412705421448,85.86,12.970716046002053
tune_verify_muon_unit-gain_0.03232_e75_t,0,verify,muon,unit-gain,tune,75,0.03231652035047826,44,0.2961951031949785,89.90444444444444,0.3965002559185028,86.95,0.38042935934066774,87.36,12.970799107999483
tune_verify_muon_unit-gain_0.03232_e75_t,0,verify,muon,unit-gain,tune,75,0.03231652035047826,45,0.2792550903691186,90.56222222222222,0.42329909915924074,86.53999999999999,0.42008883628845217,86.28,12.974097010002879
tune_verify_muon_unit-gain_0.03232_e75_t,0,verify,muon,unit-gain,tune,75,0.03231652035047826,46,0.2664052665127648,90.74444444444445,0.4023089882850647,87.24,0.39779843916893004,87.1,12.967178626000532
tune_verify_muon_unit-gain_0.03232_e75_t,0,verify,muon,unit-gain,tune,75,0.03231652035047826,47,0.2559930076175266,91.27777777777779,0.42455935497283936,86.94,0.3964280258655548,87.2,12.97861135200219
tune_verify_muon_unit-gain_0.03232_e75_t,0,verify,muon,unit-gain,tune,75,0.03231652035047826,48,0.23984778238402474,91.73777777777778,0.3680629593133926,88.55,0.35784837012290954,88.72,12.968535610998515
tune_verify_muon_unit-gain_0.03232_e75_t,0,verify,muon,unit-gain,tune,75,0.03231652035047826,49,0.2298485134018792,92.19777777777777,0.3939025205135345,87.78,0.38500520935058596,88.08,12.963300948002143
tune_verify_muon_unit-gain_0.03232_e75_t,0,verify,muon,unit-gain,tune,75,0.03231652035047826,50,0.209921969265408,92.72888888888889,0.3496889016151428,89.0,0.3323375587940216,89.44,12.964846652001143
tune_verify_muon_unit-gain_0.03232_e75_t,0,verify,muon,unit-gain,tune,75,0.03231652035047826,51,0.19645961587693955,93.17333333333333,0.3659654426574707,89.14999999999999,0.3402297914028168,89.7,12.95874302899756
tune_verify_muon_unit-gain_0.03232_e75_t,0,verify,muon,unit-gain,tune,75,0.03231652035047826,52,0.18041096550093758,93.7488888888889,0.34862819452285765,89.57000000000001,0.337876071870327,89.82,12.966164186997048
tune_verify_muon_unit-gain_0.03232_e75_t,0,verify,muon,unit-gain,tune,75,0.03231652035047826,53,0.16848915723694696,94.13777777777777,0.33314421195983884,90.02,0.33235202877521514,89.74,12.96722038200096
tune_verify_muon_unit-gain_0.03232_e75_t,0,verify,muon,unit-gain,tune,75,0.03231652035047826,54,0.15433009477059045,94.68888888888888,0.3788277297973633,89.57000000000001,0.3546315022945404,89.92,12.960959429001377
tune_verify_muon_unit-gain_0.03232_e75_t,0,verify,muon,unit-gain,tune,75,0.03231652035047826,55,0.14102399346828462,95.1511111111111,0.34992944192886355,89.94,0.3260328989982605,90.48,12.967192570999032
tune_verify_muon_unit-gain_0.03232_e75_t,0,verify,muon,unit-gain,tune,75,0.03231652035047826,56,0.12974261210229662,95.50444444444445,0.3384700002670288,90.7,0.31379929122924805,90.58,12.957167302003654
tune_verify_muon_unit-gain_0.03232_e75_t,0,verify,muon,unit-gain,tune,75,0.03231652035047826,57,0.11471035938527849,96.05111111111111,0.3475731064796448,90.47,0.32707919561862947,91.03999999999999,12.962807152005553
tune_verify_muon_unit-gain_0.03232_e75_t,0,verify,muon,unit-gain,tune,75,0.03231652035047826,58,0.10021308201816347,96.51555555555555,0.3629450692176819,90.45,0.35626337423324583,90.53999999999999,12.965340257003845
tune_verify_muon_unit-gain_0.03232_e75_t,0,verify,muon,unit-gain,tune,75,0.03231652035047826,59,0.08920328918033175,96.86888888888889,0.3649448784828186,90.64999999999999,0.3338680603861809,90.9,12.963284942998143
tune_verify_muon_unit-gain_0.03232_e75_t,0,verify,muon,unit-gain,tune,75,0.03231652035047826,60,0.0783229964752992,97.32888888888888,0.34077370710372923,91.36,0.3232237743318081,91.47999999999999,12.96691357599775
tune_verify_muon_unit-gain_0.03232_e75_t,0,verify,muon,unit-gain,tune,75,0.03231652035047826,61,0.06657636648813883,97.72222222222223,0.34654526863098145,91.39,0.3332581028223038,91.34,12.967624050004815
tune_verify_muon_unit-gain_0.03232_e75_t,0,verify,muon,unit-gain,tune,75,0.03231652035047826,62,0.05773427465889189,98.03333333333333,0.3556978453636169,91.28,0.3358254572853446,91.58,12.960335620999103
tune_verify_muon_unit-gain_0.03232_e75_t,0,verify,muon,unit-gain,tune,75,0.03231652035047826,63,0.04983571192555957,98.32444444444445,0.3651714351654053,91.5,0.34868571437895296,91.5,12.95631899
tune_verify_muon_unit-gain_0.03232_e75_t,0,verify,muon,unit-gain,tune,75,0.03231652035047826,64,0.04022252663241492,98.67777777777778,0.3600194954872131,91.63,0.3375766375541687,92.10000000000001,12.95809773500514
tune_verify_muon_unit-gain_0.03232_e75_t,0,verify,muon,unit-gain,tune,75,0.03231652035047826,65,0.03470516217549642,98.80888888888889,0.3761955827713013,91.77,0.35209952871501443,91.86,12.959885149997717
tune_verify_muon_unit-gain_0.03232_e75_t,0,verify,muon,unit-gain,tune,75,0.03231652035047826,66,0.02897984379513396,98.99333333333334,0.3747639961242676,91.93,0.3317762051641941,92.44,12.956073607994767
tune_verify_muon_unit-gain_0.03232_e75_t,0,verify,muon,unit-gain,tune,75,0.03231652035047826,67,0.024434734392828412,99.1511111111111,0.3726575385093689,91.97999999999999,0.35142641866207125,92.25999999999999,12.957863583003927
tune_verify_muon_unit-gain_0.03232_e75_t,0,verify,muon,unit-gain,tune,75,0.03231652035047826,68,0.017131149830834733,99.46888888888888,0.3908166442871094,92.16,0.36042819001674653,92.58,12.96510040499561
tune_verify_muon_unit-gain_0.03232_e75_t,0,verify,muon,unit-gain,tune,75,0.03231652035047826,69,0.013907042255169816,99.54444444444445,0.3975764726638794,92.54,0.36567452220916746,92.72,12.961349734003306
tune_verify_muon_unit-gain_0.03232_e75_t,0,verify,muon,unit-gain,tune,75,0.03231652035047826,70,0.010949562264606357,99.65333333333334,0.40159825387001036,92.64,0.3656608229756355,92.94,12.959939311003836
tune_verify_muon_unit-gain_0.03232_e75_t,0,verify,muon,unit-gain,tune,75,0.03231652035047826,71,0.00936626537359423,99.71777777777778,0.4176018494606018,92.36,0.3883702191352844,92.72,12.961172486997384
tune_verify_muon_unit-gain_0.03232_e75_t,0,verify,muon,unit-gain,tune,75,0.03231652035047826,72,0.006886569800559017,99.78444444444445,0.4354574870109558,92.43,0.4175169501423836,92.72,12.96771746900049
tune_verify_muon_unit-gain_0.03232_e75_t,0,verify,muon,unit-gain,tune,75,0.03231652035047826,73,0.007423115204564399,99.77777777777777,0.43269168457984925,92.57,0.4077227322936058,92.88,12.966550277000351
tune_verify_muon_unit-gain_0.03232_e75_t,0,verify,muon,unit-gain,tune,75,0.03231652035047826,74,0.006289619077886972,99.80666666666667,0.43610531930923463,92.63,0.4078129878520966,92.94,12.962384985999961
tune_verify_muon_unit-gain_0.03232_e75_t,0,verify,muon,unit-gain,tune,75,0.03231652035047826,75,0.006282668934027768,99.79777777777777,0.4365472922801971,92.58,0.40927878679037094,92.88,12.968017865001457
tune_verify_signmuon_mup_0.5347_e75_t,0,verify,signmuon,mup,tune,75,0.5347110336321922,0,2.3028948455810547,10.246666666666666,2.3027890270233153,10.38,2.3021115951538085,10.34,
tune_verify_signmuon_mup_0.5347_e75_t,0,verify,signmuon,mup,tune,75,0.5347110336321922,1,1.1133892090267605,60.14000000000001,0.7260765062332153,75.03999999999999,0.7273196842193603,75.14,13.632692736995523
tune_verify_signmuon_mup_0.5347_e75_t,0,verify,signmuon,mup,tune,75,0.5347110336321922,2,0.5804806136873033,80.14,0.5870346082687378,80.30000000000001,0.5871270791053772,80.38,13.000657960998069
tune_verify_signmuon_mup_0.5347_e75_t,0,verify,signmuon,mup,tune,75,0.5347110336321922,3,0.4409266189204322,84.99333333333333,0.4467932752132416,84.95,0.45110230503082277,84.96000000000001,13.005856434007
tune_verify_signmuon_mup_0.5347_e75_t,0,verify,signmuon,mup,tune,75,0.5347110336321922,4,0.3562570105552673,87.78222222222222,0.408006693983078,86.42,0.398674804019928,86.53999999999999,13.013211415003752
tune_verify_signmuon_mup_0.5347_e75_t,0,verify,signmuon,mup,tune,75,0.5347110336321922,5,0.29571592252519396,89.96,0.3918068419456482,87.37,0.38354553833007815,87.56,13.012404862995027
tune_verify_signmuon_mup_0.5347_e75_t,0,verify,signmuon,mup,tune,75,0.5347110336321922,6,0.25536903415785894,91.28222222222222,0.38482120542526244,87.47,0.37961963710784913,87.14,13.025944552995497
tune_verify_signmuon_mup_0.5347_e75_t,0,verify,signmuon,mup,tune,75,0.5347110336321922,7,0.221112291097641,92.39111111111112,0.3133972448348999,89.87,0.31183025569915773,89.72,13.018384009999863
tune_verify_signmuon_mup_0.5347_e75_t,0,verify,signmuon,mup,tune,75,0.5347110336321922,8,0.19207194392416213,93.41555555555556,0.31709717626571654,89.86,0.30440771369934083,89.8,13.017613820004044
tune_verify_signmuon_mup_0.5347_e75_t,0,verify,signmuon,mup,tune,75,0.5347110336321922,9,0.16616962804264493,94.3711111111111,0.3287593554258347,89.92999999999999,0.2981273035049439,90.08,13.009634314999857
tune_verify_signmuon_mup_0.5347_e75_t,0,verify,signmuon,mup,tune,75,0.5347110336321922,10,0.14835521196259394,94.81555555555555,0.31078139724731446,90.68,0.3091915807723999,90.34,13.018713893994573
tune_verify_signmuon_mup_0.5347_e75_t,0,verify,signmuon,mup,tune,75,0.5347110336321922,11,0.13141063155068292,95.43333333333334,0.31852288756370545,90.9,0.3045877244949341,91.03999999999999,13.011200449000171
tune_verify_signmuon_mup_0.5347_e75_t,0,verify,signmuon,mup,tune,75,0.5347110336321922,12,0.11641431550714705,95.93111111111111,0.3110563868522644,90.85,0.3025979214668274,91.12,13.004047007998452
tune_verify_signmuon_mup_0.5347_e75_t,0,verify,signmuon,mup,tune,75,0.5347110336321922,13,0.10701460334327485,96.27333333333333,0.31093260340690615,91.02,0.2846135673522949,91.47999999999999,13.007451897996361
tune_verify_signmuon_mup_0.5347_e75_t,0,verify,signmuon,mup,tune,75,0.5347110336321922,14,0.09464421383010016,96.66,0.29515183658599853,92.17999999999999,0.27914908447265624,92.08,13.009610149994842
tune_verify_signmuon_mup_0.5347_e75_t,0,verify,signmuon,mup,tune,75,0.5347110336321922,15,0.0877826763868332,96.91777777777779,0.3108159950256348,91.74,0.2747062954902649,92.17999999999999,13.01791124099691
tune_verify_signmuon_mup_0.5347_e75_t,0,verify,signmuon,mup,tune,75,0.5347110336321922,16,0.07739828786055247,97.26222222222222,0.3522495800256729,91.02,0.3045535568237305,91.22,13.002558218999184
tune_verify_signmuon_mup_0.5347_e75_t,0,verify,signmuon,mup,tune,75,0.5347110336321922,17,0.07117389539082845,97.56888888888889,0.341291645526886,91.36,0.2867146713733673,91.94,13.000663562997943
tune_verify_signmuon_mup_0.5347_e75_t,0,verify,signmuon,mup,tune,75,0.5347110336321922,18,0.06434867989288436,97.75555555555555,0.33340527315139773,91.73,0.2862182817935944,92.4,12.994143089999852
tune_verify_signmuon_mup_0.5347_e75_t,0,verify,signmuon,mup,tune,75,0.5347110336321922,19,0.0622604082915518,97.81333333333333,0.3172105625629425,92.2,0.2839010580062866,92.47999999999999,13.000943094994
tune_verify_signmuon_mup_0.5347_e75_t,0,verify,signmuon,mup,tune,75,0.5347110336321922,20,0.054628725988335076,98.12444444444445,0.3636076375007629,91.78,0.3211287214279175,91.78,12.996715311004664
tune_verify_signmuon_mup_0.5347_e75_t,0,verify,signmuon,mup,tune,75,0.5347110336321922,21,0.05012947203848097,98.24888888888889,0.34448810381889344,91.49000000000001,0.32034749283790587,92.5,12.999578542003292
tune_verify_signmuon_mup_0.5347_e75_t,0,verify,signmuon,mup,tune,75,0.5347110336321922,22,0.04581084861225552,98.42222222222222,0.3547733780860901,91.86,0.30597591032981875,92.14,12.994416162000562
tune_verify_signmuon_mup_0.5347_e75_t,0,verify,signmuon,mup,tune,75,0.5347110336321922,23,0.04162366116642952,98.57555555555557,0.3754382370471954,91.75,0.3212073135614395,92.78,13.002631128998473
tune_verify_signmuon_mup_0.5347_e75_t,0,verify,signmuon,mup,tune,75,0.5347110336321922,24,0.0408237642871009,98.57555555555557,0.3512990605354309,92.32000000000001,0.32416444664001465,92.62,13.000186406003195
tune_verify_signmuon_mup_0.5347_e75_t,0,verify,signmuon,mup,tune,75,0.5347110336321922,25,0.0371271851433648,98.67777777777778,0.35427275660037993,92.65,0.30161500868797303,93.10000000000001,12.998072390000743
tune_verify_signmuon_mup_0.5347_e75_t,0,verify,signmuon,mup,tune,75,0.5347110336321922,26,0.03245306660897202,98.86444444444444,0.3625029173851013,92.29,0.3151396825790405,93.02,13.003270100998634
tune_verify_signmuon_mup_0.5347_e75_t,0,verify,signmuon,mup,tune,75,0.5347110336321922,27,0.031870862913131716,98.94,0.372120868062973,92.03,0.3370339249610901,92.54,13.000229691999266
tune_verify_signmuon_mup_0.5347_e75_t,0,verify,signmuon,mup,tune,75,0.5347110336321922,28,0.031229855201641718,98.91777777777779,0.37749721112251283,92.43,0.3468865079879761,92.30000000000001,12.998755264001375
tune_verify_signmuon_mup_0.5347_e75_t,0,verify,signmuon,mup,tune,75,0.5347110336321922,29,0.027916498280896082,99.04888888888888,0.3613473488807678,92.57,0.3390172061443329,92.64,12.998918992001563
tune_verify_signmuon_mup_0.5347_e75_t,0,verify,signmuon,mup,tune,75,0.5347110336321922,30,0.026854171186685562,99.08,0.3615540822982788,92.56,0.3233588773727417,92.84,12.990400588998455
tune_verify_signmuon_mup_0.5347_e75_t,0,verify,signmuon,mup,tune,75,0.5347110336321922,31,0.022045219725701545,99.22888888888889,0.3797729141712189,92.57,0.3575699812829494,92.60000000000001,12.996162222996645
tune_verify_signmuon_mup_0.5347_e75_t,0,verify,signmuon,mup,tune,75,0.5347110336321922,32,0.023008078644838597,99.21111111111112,0.38132518138885496,92.60000000000001,0.32633731904029845,92.67999999999999,13.002778164998745
tune_verify_signmuon_mup_0.5347_e75_t,0,verify,signmuon,mup,tune,75,0.5347110336321922,33,0.022096611744662126,99.26,0.358234228515625,92.97,0.34663740043640134,92.67999999999999,13.002143362995412
tune_verify_signmuon_mup_0.5347_e75_t,0,verify,signmuon,mup,tune,75,0.5347110336321922,34,0.017214615496827495,99.42,0.3887634147644043,92.66,0.3300567707061768,93.38,13.000865348993102
tune_verify_signmuon_mup_0.5347_e75_t,0,verify,signmuon,mup,tune,75,0.5347110336321922,35,0.016446152971146835,99.46000000000001,0.3923505509376526,92.52,0.3592935848236084,92.67999999999999,12.997068545002548
tune_verify_signmuon_mup_0.5347_e75_t,0,verify,signmuon,mup,tune,75,0.5347110336321922,36,0.016512903919981586,99.45555555555555,0.3797532425880432,92.83,0.33828621215820315,93.28,12.996312506002141
tune_verify_signmuon_mup_0.5347_e75_t,0,verify,signmuon,mup,tune,75,0.5347110336321922,37,0.01572464782272776,99.46222222222222,0.402717965221405,93.06,0.37939957876205443,92.84,12.996095121998223
tune_verify_signmuon_mup_0.5347_e75_t,0,verify,signmuon,mup,tune,75,0.5347110336321922,38,0.013622706700447533,99.52888888888889,0.36141670713424684,93.22,0.34535602769851687,93.12,12.995244198995351
tune_verify_signmuon_mup_0.5347_e75_t,0,verify,signmuon,mup,tune,75,0.5347110336321922,39,0.012150767197294368,99.58666666666667,0.3783037752151489,93.13,0.34158781452178955,93.47999999999999,13.002060052996967
tune_verify_signmuon_mup_0.5347_e75_t,0,verify,signmuon,mup,tune,75,0.5347110336321922,40,0.010990365202931894,99.63333333333333,0.3807977436542511,93.36,0.3474727659702301,93.38,13.002683152000827
tune_verify_signmuon_mup_0.5347_e75_t,0,verify,signmuon,mup,tune,75,0.5347110336321922,41,0.010237036425061524,99.66666666666667,0.37762858028411866,93.13,0.3632039150238037,93.24,12.996687368002313
tune_verify_signmuon_mup_0.5347_e75_t,0,verify,signmuon,mup,tune,75,0.5347110336321922,42,0.01028723535935084,99.65777777777778,0.3896754642009735,93.14,0.35667125425338747,93.5,12.997524632999557
tune_verify_signmuon_mup_0.5347_e75_t,0,verify,signmuon,mup,tune,75,0.5347110336321922,43,0.009772852832927472,99.66888888888889,0.3890871802330017,93.21000000000001,0.3552041212797165,93.46,13.00277360099426
tune_verify_signmuon_mup_0.5347_e75_t,0,verify,signmuon,mup,tune,75,0.5347110336321922,44,0.007477176818686227,99.75555555555556,0.4013988441467285,93.14,0.3549132742881775,93.52000000000001,13.006364518005284
tune_verify_signmuon_mup_0.5347_e75_t,0,verify,signmuon,mup,tune,75,0.5347110336321922,45,0.005951384637463424,99.80444444444444,0.3982926382064819,93.02,0.3584049600601196,93.4,12.998226158997568
tune_verify_signmuon_mup_0.5347_e75_t,0,verify,signmuon,mup,tune,75,0.5347110336321922,46,0.006327236155906899,99.78,0.4114500723838806,93.30000000000001,0.3617373378753662,93.47999999999999,13.002993681999214
tune_verify_signmuon_mup_0.5347_e75_t,0,verify,signmuon,mup,tune,75,0.5347110336321922,47,0.005341137009486556,99.82,0.41338615465164186,93.17,0.3686519519805908,93.46,12.997168545000022
tune_verify_signmuon_mup_0.5347_e75_t,0,verify,signmuon,mup,tune,75,0.5347110336321922,48,0.004154977225170781,99.85777777777778,0.4128408276557922,93.28999999999999,0.36768789799809454,93.4,12.994954073001281
tune_verify_signmuon_mup_0.5347_e75_t,0,verify,signmuon,mup,tune,75,0.5347110336321922,49,0.004346945286076516,99.86444444444444,0.42147719950675966,93.33,0.362721547049284,93.78,12.9982729849944
tune_verify_signmuon_mup_0.5347_e75_t,0,verify,signmuon,mup,tune,75,0.5347110336321922,50,0.00421546695900874,99.8711111111111,0.42271354970932007,93.42,0.35922118301391603,93.88,13.004653001997212
tune_verify_signmuon_mup_0.5347_e75_t,0,verify,signmuon,mup,tune,75,0.5347110336321922,51,0.0032095271106602416,99.89555555555556,0.4341720344543457,93.61,0.3710775475263596,93.60000000000001,13.006547159995534
tune_verify_signmuon_mup_0.5347_e75_t,0,verify,signmuon,mup,tune,75,0.5347110336321922,52,0.003798221405988766,99.8711111111111,0.4098680575847626,93.72,0.3642472674846649,94.06,12.996481221001886
tune_verify_signmuon_mup_0.5347_e75_t,0,verify,signmuon,mup,tune,75,0.5347110336321922,53,0.0030145994861041094,99.90222222222222,0.4137284375667572,93.66,0.34864875828027725,94.12,12.997551857006329
tune_verify_signmuon_mup_0.5347_e75_t,0,verify,signmuon,mup,tune,75,0.5347110336321922,54,0.002104323412069223,99.91777777777779,0.4151904482841492,93.73,0.3640537135839462,94.04,13.004495064000366
tune_verify_signmuon_mup_0.5347_e75_t,0,verify,signmuon,mup,tune,75,0.5347110336321922,55,0.0024812271380202015,99.91111111111111,0.41772169456481933,93.54,0.37404977159500125,93.72,13.007738614003756
tune_verify_signmuon_mup_0.5347_e75_t,0,verify,signmuon,mup,tune,75,0.5347110336321922,56,0.001632891473252352,99.94666666666666,0.4260194372653961,93.65,0.3715483341217041,93.89999999999999,13.004196335998131
tune_verify_signmuon_mup_0.5347_e75_t,0,verify,signmuon,mup,tune,75,0.5347110336321922,57,0.0017846510729830091,99.95111111111112,0.4292622357368469,93.73,0.37179625968933105,93.82000000000001,12.99780183799885
tune_verify_signmuon_mup_0.5347_e75_t,0,verify,signmuon,mup,tune,75,0.5347110336321922,58,0.0012444991833617679,99.95777777777778,0.42985554509162904,93.63,0.3688184551239014,94.0,13.00627280199842
tune_verify_signmuon_mup_0.5347_e75_t,0,verify,signmuon,mup,tune,75,0.5347110336321922,59,0.001309520721877925,99.96222222222222,0.42257604143619537,93.75,0.3622823480606079,94.04,13.00847011499718
tune_verify_signmuon_mup_0.5347_e75_t,0,verify,signmuon,mup,tune,75,0.5347110336321922,60,0.0012979531952897862,99.96000000000001,0.4154337122440338,93.93,0.35642916584014894,94.12,13.001993259997107
tune_verify_signmuon_mup_0.5347_e75_t,0,verify,signmuon,mup,tune,75,0.5347110336321922,61,0.0004826506680521157,99.98222222222222,0.4165240858912468,93.92,0.3592199167251587,94.02000000000001,13.005213773998548
tune_verify_signmuon_mup_0.5347_e75_t,0,verify,signmuon,mup,tune,75,0.5347110336321922,62,0.0004069968963077473,99.99555555555555,0.41950230697393415,93.94,0.3665118706703186,94.28,13.00911331899988
tune_verify_signmuon_mup_0.5347_e75_t,0,verify,signmuon,mup,tune,75,0.5347110336321922,63,0.00035768297735452913,99.99111111111111,0.42131610897779465,93.94,0.3676474745750427,93.88,13.007555222997325
tune_verify_signmuon_mup_0.5347_e75_t,0,verify,signmuon,mup,tune,75,0.5347110336321922,64,0.0005328817814672625,99.98222222222222,0.42411501400470736,93.97,0.3633175429344177,94.0,13.010424795997096
tune_verify_signmuon_mup_0.5347_e75_t,0,verify,signmuon,mup,tune,75,0.5347110336321922,65,0.00028973511378862897,99.99333333333334,0.41742931082248685,93.97999999999999,0.36189560413360594,94.04,13.00969984800031
tune_verify_signmuon_mup_0.5347_e75_t,0,verify,signmuon,mup,tune,75,0.5347110336321922,66,0.0002814479118943887,99.9888888888889,0.4226596556067467,94.08999999999999,0.3635440166473389,94.17999999999999,13.007962518000568
tune_verify_signmuon_mup_0.5347_e75_t,0,verify,signmuon,mup,tune,75,0.5347110336321922,67,0.00031868736705542285,99.99111111111111,0.4177139533996582,93.97999999999999,0.36312851390838624,94.24,12.996238389998325
tune_verify_signmuon_mup_0.5347_e75_t,0,verify,signmuon,mup,tune,75,0.5347110336321922,68,0.00032446363004112044,99.99111111111111,0.4156440699577332,94.06,0.35717510709762573,94.14,13.004589535004925
tune_verify_signmuon_mup_0.5347_e75_t,0,verify,signmuon,mup,tune,75,0.5347110336321922,69,0.0003433052962770388,99.99111111111111,0.41645876381397245,94.06,0.35830217533111575,94.22,13.007178640000348
tune_verify_signmuon_mup_0.5347_e75_t,0,verify,signmuon,mup,tune,75,0.5347110336321922,70,0.0001776995524565185,99.99555555555555,0.4154657593488693,94.15,0.3597203680038452,94.34,13.009331531000498
tune_verify_signmuon_mup_0.5347_e75_t,0,verify,signmuon,mup,tune,75,0.5347110336321922,71,0.00027022933944050845,99.99111111111111,0.4136155846953392,94.08,0.35961960678100585,94.38,13.011578982004721
tune_verify_signmuon_mup_0.5347_e75_t,0,verify,signmuon,mup,tune,75,0.5347110336321922,72,0.00010216832762542051,100.0,0.41152450685501096,94.11,0.35760404682159425,94.28,13.002279772998008
tune_verify_signmuon_mup_0.5347_e75_t,0,verify,signmuon,mup,tune,75,0.5347110336321922,73,0.0001358097525865661,99.99777777777777,0.4152354420900345,94.12,0.36236651563644406,94.44,13.004280297005607
tune_verify_signmuon_mup_0.5347_e75_t,0,verify,signmuon,mup,tune,75,0.5347110336321922,74,0.00011248238994845047,99.99777777777777,0.411104146695137,94.14,0.3566688793182373,94.3,13.009892726004182
tune_verify_signmuon_mup_0.5347_e75_t,0,verify,signmuon,mup,tune,75,0.5347110336321922,75,0.00015837040516133936,99.99555555555555,0.41123714089393615,94.11,0.35732905244827273,94.36,13.00981061400671
tune_verify_signmuon_mup_11.52_e75_t,0,verify,signmuon,mup,tune,75,11.520000000000001,0,2.3028948455810547,10.246666666666666,2.3027890270233153,10.38,2.302111595916748,10.34,
tune_verify_signmuon_mup_11.52_e75_t,0,verify,signmuon,mup,tune,75,11.520000000000001,1,1.1515048308266533,58.99111111111112,0.7797566035270691,73.5,0.7706602253913879,72.5,13.63842340100382
tune_verify_signmuon_mup_11.52_e75_t,0,verify,signmuon,mup,tune,75,11.520000000000001,2,0.5880876817650266,79.9,0.674125127029419,78.16,0.6640513455390931,78.96,12.992183811998984
tune_verify_signmuon_mup_11.52_e75_t,0,verify,signmuon,mup,tune,75,11.520000000000001,3,0.44180681694348656,84.69111111111111,0.48146940631866453,84.25,0.4833046434402466,84.0,13.005003216996556
tune_verify_signmuon_mup_11.52_e75_t,0,verify,signmuon,mup,tune,75,11.520000000000001,4,0.35485436578326757,87.82222222222222,0.3586965642929077,87.67,0.35881655998229983,87.72,13.019487676996505
tune_verify_signmuon_mup_11.52_e75_t,0,verify,signmuon,mup,tune,75,11.520000000000001,5,0.2964322065777249,89.76888888888888,0.38126126890182493,87.52,0.37753373913764954,87.74,13.022819516001618
tune_verify_signmuon_mup_11.52_e75_t,0,verify,signmuon,mup,tune,75,11.520000000000001,6,0.25714244145287407,91.18222222222222,0.35256187419891355,88.26,0.35330103693008424,88.16000000000001,13.02157523400092
tune_verify_signmuon_mup_11.52_e75_t,0,verify,signmuon,mup,tune,75,11.520000000000001,7,0.21675445098876953,92.55555555555556,0.32409493319988253,89.34,0.3366104964256287,88.96,13.024273522998556
tune_verify_signmuon_mup_11.52_e75_t,0,verify,signmuon,mup,tune,75,11.520000000000001,8,0.19039502382278442,93.46444444444445,0.3289679594039917,89.61,0.3259881585121155,89.60000000000001,13.024238099998911
tune_verify_signmuon_mup_11.52_e75_t,0,verify,signmuon,mup,tune,75,11.520000000000001,9,0.1632404444138209,94.40222222222222,0.29138627429008485,90.82000000000001,0.29566420249938963,90.9,13.016061055997852
tune_verify_signmuon_mup_11.52_e75_t,0,verify,signmuon,mup,tune,75,11.520000000000001,10,0.15280544696648915,94.80222222222223,0.33695176124572757,89.81,0.3181442861557007,90.36,13.013095194997732
tune_verify_signmuon_mup_11.52_e75_t,0,verify,signmuon,mup,tune,75,11.520000000000001,11,0.12960478538009856,95.44444444444444,0.3276576171875,90.78,0.33100846309661863,90.84,13.007572818998597
tune_verify_signmuon_mup_11.52_e75_t,0,verify,signmuon,mup,tune,75,11.520000000000001,12,0.11643025059964922,96.00222222222222,0.30285401315689087,91.25999999999999,0.316967625784874,91.02,13.004620857005648
tune_verify_signmuon_mup_11.52_e75_t,0,verify,signmuon,mup,tune,75,11.520000000000001,13,0.10746475656827291,96.22888888888889,0.3146509241104126,91.33,0.333342091178894,90.94,13.00839204499789
tune_verify_signmuon_mup_11.52_e75_t,0,verify,signmuon,mup,tune,75,11.520000000000001,14,0.09405542093118031,96.78666666666666,0.3062406118392944,91.82000000000001,0.3082346435546875,91.58,13.009018379001645
tune_verify_signmuon_mup_11.52_e75_t,0,verify,signmuon,mup,tune,75,11.520000000000001,15,0.08818724628157086,96.98222222222222,0.3203874593734741,91.53,0.30669284868240354,91.74,13.010991085997375
tune_verify_signmuon_mup_11.52_e75_t,0,verify,signmuon,mup,tune,75,11.520000000000001,16,0.07917279886139764,97.25555555555555,0.32439300265312193,91.64999999999999,0.3276991857051849,91.08000000000001,13.00990015899879
tune_verify_signmuon_mup_11.52_e75_t,0,verify,signmuon,mup,tune,75,11.520000000000001,17,0.07187602096663581,97.51777777777778,0.33049970178604127,91.53999999999999,0.3239044806480408,91.32000000000001,13.008847796998452
tune_verify_signmuon_mup_11.52_e75_t,0,verify,signmuon,mup,tune,75,11.520000000000001,18,0.06565048823489084,97.70666666666666,0.33432590861320494,91.86999999999999,0.3247789186000824,91.72,13.000927920998947
tune_verify_signmuon_mup_11.52_e75_t,0,verify,signmuon,mup,tune,75,11.520000000000001,19,0.059052482084433235,97.9688888888889,0.32540836544036866,91.78,0.33973168268203735,91.96,13.005431612000393
tune_verify_signmuon_mup_11.52_e75_t,0,verify,signmuon,mup,tune,75,11.520000000000001,20,0.05285746302405993,98.19111111111111,0.32886032242774965,91.83,0.3366481105566025,91.9,13.000774412001192
tune_verify_signmuon_mup_11.52_e75_t,0,verify,signmuon,mup,tune,75,11.520000000000001,21,0.050721224412984316,98.23555555555555,0.3433090969085693,91.92,0.3368489909887314,91.88,12.99846441399859
tune_verify_signmuon_mup_11.52_e75_t,0,verify,signmuon,mup,tune,75,11.520000000000001,22,0.04505905526677768,98.42666666666666,0.34765414896011354,92.09,0.3531485454082489,91.78,13.008819792994473
tune_verify_signmuon_mup_11.52_e75_t,0,verify,signmuon,mup,tune,75,11.520000000000001,23,0.04296550006038613,98.46444444444444,0.3467376732110977,92.14,0.33351203889846803,92.2,13.004005351998785
tune_verify_signmuon_mup_11.52_e75_t,0,verify,signmuon,mup,tune,75,11.520000000000001,24,0.04141374527613322,98.50888888888889,0.3247165600299835,92.27,0.3524404852867126,91.9,13.001639884001634
tune_verify_signmuon_mup_11.52_e75_t,0,verify,signmuon,mup,tune,75,11.520000000000001,25,0.03699563035898738,98.72222222222223,0.34818327751159667,92.2,0.3526555926799774,92.04,13.005249355999695
tune_verify_signmuon_mup_11.52_e75_t,0,verify,signmuon,mup,tune,75,11.520000000000001,26,0.034539936616685654,98.81777777777778,0.3541409072399139,92.14,0.33931395998001096,92.74,13.001672293998126
tune_verify_signmuon_mup_11.52_e75_t,0,verify,signmuon,mup,tune,75,11.520000000000001,27,0.032662170696959626,98.85555555555555,0.34772840638160707,92.2,0.34527868785858157,92.06,13.004935951001244
tune_verify_signmuon_mup_11.52_e75_t,0,verify,signmuon,mup,tune,75,11.520000000000001,28,0.029056273253427613,99.02666666666666,0.35108085980415343,92.74,0.34551986799240114,92.46,13.00478310300241
tune_verify_signmuon_mup_11.52_e75_t,0,verify,signmuon,mup,tune,75,11.520000000000001,29,0.02897442670762539,98.99555555555555,0.3585853382349014,92.41,0.3631398865699768,92.9,12.998409813000762
tune_verify_signmuon_mup_11.52_e75_t,0,verify,signmuon,mup,tune,75,11.520000000000001,30,0.02378209137080444,99.16222222222221,0.3523155202150345,92.88,0.36109251742362974,92.66,12.999827047999133
tune_verify_signmuon_mup_11.52_e75_t,0,verify,signmuon,mup,tune,75,11.520000000000001,31,0.024120894317825634,99.17333333333333,0.34394691686630247,92.80000000000001,0.37864794044494626,92.75999999999999,13.000811336998595
tune_verify_signmuon_mup_11.52_e75_t,0,verify,signmuon,mup,tune,75,11.520000000000001,32,0.02264174686446786,99.23555555555555,0.3803914400100708,92.75,0.39285213584899903,92.72,13.000063760002377
tune_verify_signmuon_mup_11.52_e75_t,0,verify,signmuon,mup,tune,75,11.520000000000001,33,0.020473086051394543,99.24,0.35245728697776796,93.08,0.3780760132789612,93.02,13.005861031000677
tune_verify_signmuon_mup_11.52_e75_t,0,verify,signmuon,mup,tune,75,11.520000000000001,34,0.019814766433959206,99.27777777777777,0.3547442516326904,93.03,0.3627329923152924,92.92,13.012741952996294
tune_verify_signmuon_mup_11.52_e75_t,0,verify,signmuon,mup,tune,75,11.520000000000001,35,0.016913614556441706,99.45555555555555,0.3733441503047943,92.78999999999999,0.3876697690963745,92.7,13.006755985996278
tune_verify_signmuon_mup_11.52_e75_t,0,verify,signmuon,mup,tune,75,11.520000000000001,36,0.017128536996659307,99.42666666666666,0.3689048234462738,92.96,0.34623496799468995,93.24,13.008533116000763
tune_verify_signmuon_mup_11.52_e75_t,0,verify,signmuon,mup,tune,75,11.520000000000001,37,0.014530162451085116,99.48222222222223,0.3874466508865356,92.86999999999999,0.36041717114448546,93.10000000000001,13.004883511996013
tune_verify_signmuon_mup_11.52_e75_t,0,verify,signmuon,mup,tune,75,11.520000000000001,38,0.0137737133792705,99.48222222222223,0.37562671017646787,93.08,0.38123157761096954,92.9,13.004000367000117
tune_verify_signmuon_mup_11.52_e75_t,0,verify,signmuon,mup,tune,75,11.520000000000001,39,0.012372932019560702,99.58222222222223,0.3913973352432251,93.06,0.3797714362621307,93.22,12.997794098999293
tune_verify_signmuon_mup_11.52_e75_t,0,verify,signmuon,mup,tune,75,11.520000000000001,40,0.011818722720237242,99.59333333333333,0.38005915937423707,93.07,0.3792020580291748,93.14,13.002113705995725
tune_verify_signmuon_mup_11.52_e75_t,0,verify,signmuon,mup,tune,75,11.520000000000001,41,0.009595224287961092,99.7,0.3933210291862488,93.2,0.37651607184410096,93.14,13.004533753999567
tune_verify_signmuon_mup_11.52_e75_t,0,verify,signmuon,mup,tune,75,11.520000000000001,42,0.010653925428001417,99.64444444444445,0.3734369697093964,93.31,0.35843247051239013,93.42,13.0032803590002
tune_verify_signmuon_mup_11.52_e75_t,0,verify,signmuon,mup,tune,75,11.520000000000001,43,0.00890475112096303,99.7088888888889,0.3853970138549805,93.28,0.38017482368946076,93.44,13.004385581996758
tune_verify_signmuon_mup_11.52_e75_t,0,verify,signmuon,mup,tune,75,11.520000000000001,44,0.007254827947469635,99.75555555555556,0.3747653921127319,93.78999999999999,0.3682943826198578,93.72,12.999032581996289
tune_verify_signmuon_mup_11.52_e75_t,0,verify,signmuon,mup,tune,75,11.520000000000001,45,0.007943355539384194,99.71555555555555,0.3772675896644592,93.58,0.3778347044944763,93.36,13.001941428999999
tune_verify_signmuon_mup_11.52_e75_t,0,verify,signmuon,mup,tune,75,11.520000000000001,46,0.005489529399242666,99.8111111111111,0.3879188668012619,93.44,0.38690503520965575,93.47999999999999,13.006799213995691
tune_verify_signmuon_mup_11.52_e75_t,0,verify,signmuon,mup,tune,75,11.520000000000001,47,0.0069837072090245785,99.77777777777777,0.37578933930397035,93.52000000000001,0.37788364000320435,93.7,13.005016575996706
tune_verify_signmuon_mup_11.52_e75_t,0,verify,signmuon,mup,tune,75,11.520000000000001,48,0.004805410850410246,99.83111111111111,0.38538188772201537,93.62,0.37674667472839357,93.72,13.004363417996501
tune_verify_signmuon_mup_11.52_e75_t,0,verify,signmuon,mup,tune,75,11.520000000000001,49,0.004063912237627018,99.87777777777778,0.38159474992752074,93.57,0.3823532445192337,93.7,13.004299262996938
tune_verify_signmuon_mup_11.52_e75_t,0,verify,signmuon,mup,tune,75,11.520000000000001,50,0.004043648346906735,99.86444444444444,0.41262992606163024,93.38,0.4032254922389984,93.62,13.001379439003358
tune_verify_signmuon_mup_11.52_e75_t,0,verify,signmuon,mup,tune,75,11.520000000000001,51,0.003163366942728559,99.90666666666667,0.3966401576042175,93.73,0.3803180993080139,93.60000000000001,12.998700799005746
tune_verify_signmuon_mup_11.52_e75_t,0,verify,signmuon,mup,tune,75,11.520000000000001,52,0.003143024456361309,99.89333333333333,0.39431688051223757,93.7,0.3987355365753174,93.58,13.002146884005924
tune_verify_signmuon_mup_11.52_e75_t,0,verify,signmuon,mup,tune,75,11.520000000000001,53,0.0031516182388385966,99.8888888888889,0.3910901783466339,93.61,0.41496301889419557,93.32000000000001,13.005512210998859
tune_verify_signmuon_mup_11.52_e75_t,0,verify,signmuon,mup,tune,75,11.520000000000001,54,0.0020138449416955053,99.93777777777778,0.3877028381824493,93.69,0.40391359729766846,93.7,12.999215386000287
tune_verify_signmuon_mup_11.52_e75_t,0,verify,signmuon,mup,tune,75,11.520000000000001,55,0.0017613709203058128,99.94888888888889,0.3876636330604553,93.84,0.40129815254211426,93.46,13.002694563998375
tune_verify_signmuon_mup_11.52_e75_t,0,verify,signmuon,mup,tune,75,11.520000000000001,56,0.0019965512466940303,99.93777777777778,0.38759376454353334,93.86,0.40164538850784304,93.42,12.996007603003818
tune_verify_signmuon_mup_11.52_e75_t,0,verify,signmuon,mup,tune,75,11.520000000000001,57,0.0013071481931663583,99.97111111111111,0.3876408466815949,93.94,0.40230759263038635,93.54,12.99785238399636
tune_verify_signmuon_mup_11.52_e75_t,0,verify,signmuon,mup,tune,75,11.520000000000001,58,0.0012796786299001219,99.96000000000001,0.3837076038837433,94.08,0.40020825881958005,93.72,13.0019024860012
tune_verify_signmuon_mup_11.52_e75_t,0,verify,signmuon,mup,tune,75,11.520000000000001,59,0.0012205608816054235,99.96000000000001,0.3856377869129181,93.83,0.4119854685783386,93.60000000000001,12.999706454000261
tune_verify_signmuon_mup_11.52_e75_t,0,verify,signmuon,mup,tune,75,11.520000000000001,60,0.0010238275608519972,99.96888888888888,0.37641127009391784,94.0,0.4049723716259003,93.84,12.998029431997566
tune_verify_signmuon_mup_11.52_e75_t,0,verify,signmuon,mup,tune,75,11.520000000000001,61,0.0011190661832137267,99.96888888888888,0.3849343412876129,93.97999999999999,0.4085967909812927,93.94,13.0038651750001
tune_verify_signmuon_mup_11.52_e75_t,0,verify,signmuon,mup,tune,75,11.520000000000001,62,0.0006994371737469919,99.97333333333333,0.38662785205841066,94.0,0.4116023078918457,93.86,12.99592154000129
tune_verify_signmuon_mup_11.52_e75_t,0,verify,signmuon,mup,tune,75,11.520000000000001,63,0.0007197573625773657,99.97555555555554,0.38346143860816956,93.99,0.4226927134513855,93.96,12.999365718002082
tune_verify_signmuon_mup_11.52_e75_t,0,verify,signmuon,mup,tune,75,11.520000000000001,64,0.0005021589194359775,99.98666666666666,0.3853895828723907,94.17,0.4063161748886108,93.97999999999999,13.000173637999978
tune_verify_signmuon_mup_11.52_e75_t,0,verify,signmuon,mup,tune,75,11.520000000000001,65,0.00045220432336274017,99.98666666666666,0.3828023200035095,94.19,0.4109155139923096,94.0,12.998264061003283
tune_verify_signmuon_mup_11.52_e75_t,0,verify,signmuon,mup,tune,75,11.520000000000001,66,0.0005818273818282048,99.97111111111111,0.3849371368408203,94.24,0.4124435256958008,94.02000000000001,13.004175909001788
tune_verify_signmuon_mup_11.52_e75_t,0,verify,signmuon,mup,tune,75,11.520000000000001,67,0.00036214613367305395,99.9888888888889,0.3853176646232605,94.23,0.408893248462677,93.92,13.008094169003016
tune_verify_signmuon_mup_11.52_e75_t,0,verify,signmuon,mup,tune,75,11.520000000000001,68,0.00029019409789212254,99.99333333333334,0.3830583540916443,94.19999999999999,0.4053410919189453,94.1,13.00749724299385
tune_verify_signmuon_mup_11.52_e75_t,0,verify,signmuon,mup,tune,75,11.520000000000001,69,0.0002304280494488517,99.99333333333334,0.38279749422073367,94.21000000000001,0.40650516920089724,94.06,12.994866049004486
tune_verify_signmuon_mup_11.52_e75_t,0,verify,signmuon,mup,tune,75,11.520000000000001,70,0.00013984288241707772,99.99777777777777,0.3828422019004822,94.25,0.410049317741394,94.22,13.003690176999953
tune_verify_signmuon_mup_11.52_e75_t,0,verify,signmuon,mup,tune,75,11.520000000000001,71,0.0002857907156185118,99.98666666666666,0.38299095368385316,94.31,0.40655407438278196,94.04,13.000927916000364
tune_verify_signmuon_mup_11.52_e75_t,0,verify,signmuon,mup,tune,75,11.520000000000001,72,0.00030174223449608284,99.9888888888889,0.381710467004776,94.27,0.404997829914093,94.02000000000001,13.00380080100149
tune_verify_signmuon_mup_11.52_e75_t,0,verify,signmuon,mup,tune,75,11.520000000000001,73,0.00030613029070518675,99.9888888888889,0.3839067925930023,94.17,0.4107667551994324,94.0,13.004103537998162
tune_verify_signmuon_mup_11.52_e75_t,0,verify,signmuon,mup,tune,75,11.520000000000001,74,0.0002029804264977833,99.99111111111111,0.38082466917037966,94.25,0.4042824261665344,94.04,13.014216439005395
tune_verify_signmuon_mup_11.52_e75_t,0,verify,signmuon,mup,tune,75,11.520000000000001,75,0.00021341154042068714,99.99555555555555,0.3801427638053894,94.33,0.4028679249763489,94.08,13.005516545999853
tune_verify_signmuon_mup_2.482_e75_t,0,verify,signmuon,mup,tune,75,2.48190876291673,0,2.3028948455810547,10.246666666666666,2.302789026641846,10.38,2.3021115951538085,10.34,
tune_verify_signmuon_mup_2.482_e75_t,0,verify,signmuon,mup,tune,75,2.48190876291673,1,1.108595752175649,60.30444444444445,0.6605845686912537,77.22,0.6612204884529114,77.2,13.647958883004321
tune_verify_signmuon_mup_2.482_e75_t,0,verify,signmuon,mup,tune,75,2.48190876291673,2,0.5761572852134704,80.20666666666668,0.7286236965179443,76.6,0.716989501953125,77.03999999999999,13.005311111999617
tune_verify_signmuon_mup_2.482_e75_t,0,verify,signmuon,mup,tune,75,2.48190876291673,3,0.43236283866034614,85.27777777777777,0.44818092079162597,85.42,0.4320378224372864,85.84,13.030301803002658
tune_verify_signmuon_mup_2.482_e75_t,0,verify,signmuon,mup,tune,75,2.48190876291673,4,0.35451648862626817,87.92444444444445,0.3913589859008789,86.92999999999999,0.37370610551834105,87.26,13.033300431998214
tune_verify_signmuon_mup_2.482_e75_t,0,verify,signmuon,mup,tune,75,2.48190876291673,5,0.292906147034963,90.0,0.4090334544181824,86.92999999999999,0.38987524251937866,87.44,13.041998777000117
tune_verify_signmuon_mup_2.482_e75_t,0,verify,signmuon,mup,tune,75,2.48190876291673,6,0.252974623325136,91.36666666666666,0.35685147323608396,87.92,0.36935520401000976,87.68,13.039013503002934
tune_verify_signmuon_mup_2.482_e75_t,0,verify,signmuon,mup,tune,75,2.48190876291673,7,0.2166880988068051,92.59555555555555,0.31802376079559325,89.98,0.30881824288368226,90.4,13.037588016995869
tune_verify_signmuon_mup_2.482_e75_t,0,verify,signmuon,mup,tune,75,2.48190876291673,8,0.18817165920999315,93.47111111111111,0.3019067177772522,90.52,0.28692631855010986,90.88000000000001,13.028514448997157
tune_verify_signmuon_mup_2.482_e75_t,0,verify,signmuon,mup,tune,75,2.48190876291673,9,0.16420499368243746,94.47555555555556,0.3117141307830811,90.55,0.296416157579422,91.06,13.024721677000343
tune_verify_signmuon_mup_2.482_e75_t,0,verify,signmuon,mup,tune,75,2.48190876291673,10,0.14876812289820776,94.86,0.33113422923088076,90.33,0.3170170991897583,90.36,13.023658202997467
tune_verify_signmuon_mup_2.482_e75_t,0,verify,signmuon,mup,tune,75,2.48190876291673,11,0.13176994041866727,95.41111111111111,0.2940505319595337,91.12,0.30272356691360475,90.96,13.023470398002246
tune_verify_signmuon_mup_2.482_e75_t,0,verify,signmuon,mup,tune,75,2.48190876291673,12,0.11751944901678298,95.95777777777778,0.34142284927368166,90.32,0.34550882596969607,90.38000000000001,13.021939504003967
tune_verify_signmuon_mup_2.482_e75_t,0,verify,signmuon,mup,tune,75,2.48190876291673,13,0.10557445425722334,96.38444444444444,0.32572940373420717,91.07,0.30721779289245604,91.4,13.017634313997405
tune_verify_signmuon_mup_2.482_e75_t,0,verify,signmuon,mup,tune,75,2.48190876291673,14,0.09270968069500393,96.78222222222223,0.32174844245910644,91.36999999999999,0.28706676468849185,92.02,13.016826462000608
tune_verify_signmuon_mup_2.482_e75_t,0,verify,signmuon,mup,tune,75,2.48190876291673,15,0.08910958795679941,96.92444444444445,0.32915313901901244,91.44,0.3092859474658966,91.46,13.030694547000166
tune_verify_signmuon_mup_2.482_e75_t,0,verify,signmuon,mup,tune,75,2.48190876291673,16,0.07998673753473494,97.12444444444445,0.32130724971294405,91.66,0.28632277255058286,91.86,13.023862260997703
tune_verify_signmuon_mup_2.482_e75_t,0,verify,signmuon,mup,tune,75,2.48190876291673,17,0.07129192752308315,97.56888888888889,0.303295184135437,92.07,0.295471097612381,91.84,13.015100994998647
tune_verify_signmuon_mup_2.482_e75_t,0,verify,signmuon,mup,tune,75,2.48190876291673,18,0.06815791305502256,97.66888888888889,0.311441872215271,92.30000000000001,0.30333879985809326,92.25999999999999,13.01174050699774
tune_verify_signmuon_mup_2.482_e75_t,0,verify,signmuon,mup,tune,75,2.48190876291673,19,0.056843650526470606,97.99777777777777,0.3287401570275426,91.93,0.32783637385368347,91.72,13.013948053994682
tune_verify_signmuon_mup_2.482_e75_t,0,verify,signmuon,mup,tune,75,2.48190876291673,20,0.05514230708811018,98.12444444444445,0.34586109000444415,91.89,0.34272354431152346,92.14,13.009958925998944
tune_verify_signmuon_mup_2.482_e75_t,0,verify,signmuon,mup,tune,75,2.48190876291673,21,0.05062071246041192,98.27555555555556,0.34561415424346925,91.99000000000001,0.3368784694671631,92.38,13.015571819996694
tune_verify_signmuon_mup_2.482_e75_t,0,verify,signmuon,mup,tune,75,2.48190876291673,22,0.04602756232553058,98.39555555555556,0.3440038288116455,91.75,0.3388261838436127,92.06,13.01052871500724
tune_verify_signmuon_mup_2.482_e75_t,0,verify,signmuon,mup,tune,75,2.48190876291673,23,0.042444308894044824,98.55333333333334,0.3300727050304413,92.62,0.3310292320251465,92.24,13.01532048000081
tune_verify_signmuon_mup_2.482_e75_t,0,verify,signmuon,mup,tune,75,2.48190876291673,24,0.04102376856274075,98.59555555555556,0.3292454880237579,92.63,0.3141139113903046,92.58,13.009563594998326
tune_verify_signmuon_mup_2.482_e75_t,0,verify,signmuon,mup,tune,75,2.48190876291673,25,0.03855441589322355,98.6288888888889,0.3455822381019592,92.27,0.29338147592544556,93.16,13.010968404007144
tune_verify_signmuon_mup_2.482_e75_t,0,verify,signmuon,mup,tune,75,2.48190876291673,26,0.034891046239601244,98.77333333333334,0.3325804406166077,92.38,0.3336062918186188,92.64,13.011423805000959
tune_verify_signmuon_mup_2.482_e75_t,0,verify,signmuon,mup,tune,75,2.48190876291673,27,0.03164192031903399,98.90666666666667,0.35824314546585084,92.42,0.32771687207221983,92.80000000000001,13.013932424000814
tune_verify_signmuon_mup_2.482_e75_t,0,verify,signmuon,mup,tune,75,2.48190876291673,28,0.028075104267398517,99.01111111111112,0.3650154203891754,92.53,0.33403125324249267,92.92,13.016266333987005
tune_verify_signmuon_mup_2.482_e75_t,0,verify,signmuon,mup,tune,75,2.48190876291673,29,0.027226455712649558,99.08888888888889,0.34404389610290526,92.83,0.3235825845003128,92.9,13.01649083699158
tune_verify_signmuon_mup_2.482_e75_t,0,verify,signmuon,mup,tune,75,2.48190876291673,30,0.026934725691543687,99.08222222222223,0.3415259513378143,92.89,0.32151872415542604,93.08,13.013666215992998
tune_verify_signmuon_mup_2.482_e75_t,0,verify,signmuon,mup,tune,75,2.48190876291673,31,0.023266108460476,99.22222222222223,0.36872726585865023,92.34,0.34987900881767275,93.14,13.009720663001644
tune_verify_signmuon_mup_2.482_e75_t,0,verify,signmuon,mup,tune,75,2.48190876291673,32,0.02383862543437216,99.18,0.37841615228652953,92.65,0.34482392773628234,92.92,13.01832744499552
tune_verify_signmuon_mup_2.482_e75_t,0,verify,signmuon,mup,tune,75,2.48190876291673,33,0.020524475837333335,99.28444444444445,0.37436435514688493,92.44,0.3801728262901306,92.25999999999999,13.008172447996913
tune_verify_signmuon_mup_2.482_e75_t,0,verify,signmuon,mup,tune,75,2.48190876291673,34,0.01905912219699886,99.35111111111111,0.385957927942276,92.69,0.37724465045928957,93.0,13.010157217009692
tune_verify_signmuon_mup_2.482_e75_t,0,verify,signmuon,mup,tune,75,2.48190876291673,35,0.019428942610075075,99.34666666666668,0.3687637712955475,92.82000000000001,0.35288436212539676,93.02,13.01176882800064
tune_verify_signmuon_mup_2.482_e75_t,0,verify,signmuon,mup,tune,75,2.48190876291673,36,0.01673664957396686,99.45111111111112,0.385964790058136,92.91,0.34114848556518557,93.08,13.016139817002113
tune_verify_signmuon_mup_2.482_e75_t,0,verify,signmuon,mup,tune,75,2.48190876291673,37,0.015198793521771828,99.49111111111111,0.37649165802001955,93.04,0.3422823575973511,93.2,13.010106191999512
tune_verify_signmuon_mup_2.482_e75_t,0,verify,signmuon,mup,tune,75,2.48190876291673,38,0.01384813470368584,99.54444444444445,0.3624166650772095,93.27,0.3321902760505676,93.46,13.010248793987557
tune_verify_signmuon_mup_2.482_e75_t,0,verify,signmuon,mup,tune,75,2.48190876291673,39,0.013124917613549366,99.54444444444445,0.37835580701828003,93.25,0.3595232414007187,93.10000000000001,13.017311698000412
tune_verify_signmuon_mup_2.482_e75_t,0,verify,signmuon,mup,tune,75,2.48190876291673,40,0.011566567011053363,99.59555555555556,0.3839675088405609,93.17,0.37638336400985717,92.96,13.017067834007321
tune_verify_signmuon_mup_2.482_e75_t,0,verify,signmuon,mup,tune,75,2.48190876291673,41,0.011217397965966828,99.6288888888889,0.362679288482666,93.26,0.37321059112548827,93.47999999999999,13.00921730400296
tune_verify_signmuon_mup_2.482_e75_t,0,verify,signmuon,mup,tune,75,2.48190876291673,42,0.009539961198675964,99.70444444444443,0.3943548641204834,93.27,0.4042949957847595,93.26,13.0100280050101
tune_verify_signmuon_mup_2.482_e75_t,0,verify,signmuon,mup,tune,75,2.48190876291673,43,0.0089727535052225,99.68222222222222,0.3761729935646057,93.36,0.37782509841918943,93.4,13.009833548989263
tune_verify_signmuon_mup_2.482_e75_t,0,verify,signmuon,mup,tune,75,2.48190876291673,44,0.007362119438168075,99.76222222222222,0.39252814569473266,93.26,0.36412977938652036,93.66,13.013843067994458
tune_verify_signmuon_mup_2.482_e75_t,0,verify,signmuon,mup,tune,75,2.48190876291673,45,0.007463692119122586,99.74,0.3897635750770569,93.19,0.37628587342500686,93.56,13.013246432004962
tune_verify_signmuon_mup_2.482_e75_t,0,verify,signmuon,mup,tune,75,2.48190876291673,46,0.007072863913555112,99.79555555555557,0.383853874874115,93.36,0.35202656360864637,93.7,13.005793559001177
tune_verify_signmuon_mup_2.482_e75_t,0,verify,signmuon,mup,tune,75,2.48190876291673,47,0.005107379151860045,99.81555555555556,0.3928509791374207,93.53,0.3506499708890915,93.52000000000001,13.009240389001206
tune_verify_signmuon_mup_2.482_e75_t,0,verify,signmuon,mup,tune,75,2.48190876291673,48,0.005939285053131688,99.82,0.39025619201660156,93.38,0.34587564415931704,93.74,13.005107988996315
tune_verify_signmuon_mup_2.482_e75_t,0,verify,signmuon,mup,tune,75,2.48190876291673,49,0.004671681384814696,99.82888888888888,0.39423369207382203,93.54,0.35841703367233274,93.97999999999999,13.007826360000763
tune_verify_signmuon_mup_2.482_e75_t,0,verify,signmuon,mup,tune,75,2.48190876291673,50,0.0032426650296482774,99.8888888888889,0.3922994830131531,93.71000000000001,0.38160974011421206,93.97999999999999,13.014088095995248
tune_verify_signmuon_mup_2.482_e75_t,0,verify,signmuon,mup,tune,75,2.48190876291673,51,0.003233271751845152,99.90222222222222,0.3934680082321167,93.72,0.3666414050102234,93.89999999999999,13.009075014997507
tune_verify_signmuon_mup_2.482_e75_t,0,verify,signmuon,mup,tune,75,2.48190876291673,52,0.0035857030546318533,99.89111111111112,0.37587858943939206,93.99,0.353981546241045,94.14,13.014100829997915
tune_verify_signmuon_mup_2.482_e75_t,0,verify,signmuon,mup,tune,75,2.48190876291673,53,0.002886315892467327,99.89333333333333,0.38448335275650025,94.06,0.3617388957738876,94.19999999999999,13.01071643200703
tune_verify_signmuon_mup_2.482_e75_t,0,verify,signmuon,mup,tune,75,2.48190876291673,54,0.0027162022792397893,99.91777777777779,0.3818867751121521,93.95,0.36459743270874023,94.22,13.011838758000522
tune_verify_signmuon_mup_2.482_e75_t,0,verify,signmuon,mup,tune,75,2.48190876291673,55,0.0018944847647411128,99.93111111111112,0.38047746477127076,94.02000000000001,0.35704518625736237,94.26,13.010506359991268
tune_verify_signmuon_mup_2.482_e75_t,0,verify,signmuon,mup,tune,75,2.48190876291673,56,0.0023835435057731552,99.92444444444445,0.38493379735946653,94.01,0.36168249683380127,93.88,13.008461777993944
tune_verify_signmuon_mup_2.482_e75_t,0,verify,signmuon,mup,tune,75,2.48190876291673,57,0.0011149360018614162,99.96444444444444,0.3928877777099609,93.87,0.3691921588420868,93.84,13.012404950000928
tune_verify_signmuon_mup_2.482_e75_t,0,verify,signmuon,mup,tune,75,2.48190876291673,58,0.0010338472950482457,99.97111111111111,0.38884453439712524,94.12,0.38573648891448975,94.0,13.006816890003392
tune_verify_signmuon_mup_2.482_e75_t,0,verify,signmuon,mup,tune,75,2.48190876291673,59,0.0011312894937110184,99.96222222222222,0.38568114051818847,94.08,0.36288391828536987,94.12,13.013343846992939
tune_verify_signmuon_mup_2.482_e75_t,0,verify,signmuon,mup,tune,75,2.48190876291673,60,0.0008110103139602062,99.97777777777777,0.3815723702430725,94.15,0.36496598253250123,94.28,13.01137485000072
tune_verify_signmuon_mup_2.482_e75_t,0,verify,signmuon,mup,tune,75,2.48190876291673,61,0.0009278150527130088,99.97555555555554,0.3868344614982605,94.16,0.36676830136775973,94.34,13.008588229000452
tune_verify_signmuon_mup_2.482_e75_t,0,verify,signmuon,mup,tune,75,2.48190876291673,62,0.0006057499400048982,99.98222222222222,0.3812311113357544,94.11,0.368723847925663,94.32000000000001,13.006488801998785
tune_verify_signmuon_mup_2.482_e75_t,0,verify,signmuon,mup,tune,75,2.48190876291673,63,0.00048597334608946563,99.98666666666666,0.38478693838119504,94.1,0.37800430703163146,94.28,13.008438332995865
tune_verify_signmuon_mup_2.482_e75_t,0,verify,signmuon,mup,tune,75,2.48190876291673,64,0.0004890361237549869,99.98444444444445,0.3902971305847168,94.14,0.381869824552536,94.32000000000001,13.003965112002334
tune_verify_signmuon_mup_2.482_e75_t,0,verify,signmuon,mup,tune,75,2.48190876291673,65,0.000532332188659671,99.98666666666666,0.3849667877197266,94.19,0.37491651360988615,94.34,13.006290560995694
tune_verify_signmuon_mup_2.482_e75_t,0,verify,signmuon,mup,tune,75,2.48190876291673,66,0.0006273905283800559,99.97777777777777,0.3883858191490173,94.11,0.37661967062950136,94.39999999999999,12.999928183999145
tune_verify_signmuon_mup_2.482_e75_t,0,verify,signmuon,mup,tune,75,2.48190876291673,67,0.0002047814652563021,99.99555555555555,0.38522189559936526,94.22,0.3786006475925446,94.42,13.008926523005357
tune_verify_signmuon_mup_2.482_e75_t,0,verify,signmuon,mup,tune,75,2.48190876291673,68,0.0002443502309351364,99.99111111111111,0.38326813364028933,94.27,0.3702322558760643,94.52000000000001,13.00251161000051
tune_verify_signmuon_mup_2.482_e75_t,0,verify,signmuon,mup,tune,75,2.48190876291673,69,0.00030255501873487246,99.99111111111111,0.38425284824371336,94.31,0.37272029856443406,94.39999999999999,13.004455096001038
tune_verify_signmuon_mup_2.482_e75_t,0,verify,signmuon,mup,tune,75,2.48190876291673,70,0.0002816853582151654,99.99111111111111,0.38297009449005126,94.26,0.37352085067629814,94.38,13.013373078996665
tune_verify_signmuon_mup_2.482_e75_t,0,verify,signmuon,mup,tune,75,2.48190876291673,71,0.0001764369017323285,99.99555555555555,0.383870761013031,94.23,0.3751103680610657,94.39999999999999,13.004107678003493
tune_verify_signmuon_mup_2.482_e75_t,0,verify,signmuon,mup,tune,75,2.48190876291673,72,0.0001357021299598273,99.99777777777777,0.38545887899398806,94.28999999999999,0.3770445644378662,94.36,13.007244409993291
tune_verify_signmuon_mup_2.482_e75_t,0,verify,signmuon,mup,tune,75,2.48190876291673,73,0.00013452599412295158,100.0,0.38738681240081785,94.25,0.3772611540913582,94.32000000000001,13.014621873007854
tune_verify_signmuon_mup_2.482_e75_t,0,verify,signmuon,mup,tune,75,2.48190876291673,74,0.00023366712190553597,99.99111111111111,0.3831445662498474,94.28,0.3748702774643898,94.32000000000001,13.007290087000001
tune_verify_signmuon_mup_2.482_e75_t,0,verify,signmuon,mup,tune,75,2.48190876291673,75,0.00018440225234824336,99.99555555555555,0.38382607316970824,94.3,0.3742874523162842,94.44,13.008373524993658
tune_verify_signmuon_unit-gain_0.0034_e75_t,0,verify,signmuon,unit-gain,tune,75,0.003400000000000002,0,2.3028948455810547,10.246666666666666,2.3027890270233153,10.38,2.302111595916748,10.34,
tune_verify_signmuon_unit-gain_0.0034_e75_t,0,verify,signmuon,unit-gain,tune,75,0.003400000000000002,1,1.260092605219947,54.242222222222225,0.8153954881668091,71.76,0.829376151561737,70.86,13.720080400998995
tune_verify_signmuon_unit-gain_0.0034_e75_t,0,verify,signmuon,unit-gain,tune,75,0.003400000000000002,2,0.6694418726020389,76.68666666666667,0.6586685893535614,78.27,0.6652670460700989,77.56,13.091464835000806
tune_verify_signmuon_unit-gain_0.0034_e75_t,0,verify,signmuon,unit-gain,tune,75,0.003400000000000002,3,0.49967786099116007,82.83333333333334,0.5230074751853943,82.53,0.5171153478622437,82.16,13.082573212999705
tune_verify_signmuon_unit-gain_0.0034_e75_t,0,verify,signmuon,unit-gain,tune,75,0.003400000000000002,4,0.4077964339203305,85.87777777777778,0.44430852880477906,84.83000000000001,0.4490284839630127,84.32,13.089304852997884
tune_verify_signmuon_unit-gain_0.0034_e75_t,0,verify,signmuon,unit-gain,tune,75,0.003400000000000002,5,0.344611980703142,88.23111111111112,0.43868229722976687,86.05000000000001,0.4319683243751526,85.96000000000001,13.093857816998934
tune_verify_signmuon_unit-gain_0.0034_e75_t,0,verify,signmuon,unit-gain,tune,75,0.003400000000000002,6,0.3037043375121223,89.67777777777778,0.3751979965209961,87.68,0.38378869171142577,87.42,13.099610271001438
tune_verify_signmuon_unit-gain_0.0034_e75_t,0,verify,signmuon,unit-gain,tune,75,0.003400000000000002,7,0.2647687321503957,90.88888888888889,0.3614261130809784,88.21,0.3671890287399292,88.2,13.104433342999982
tune_verify_signmuon_unit-gain_0.0034_e75_t,0,verify,signmuon,unit-gain,tune,75,0.003400000000000002,8,0.23976356620258754,91.70222222222222,0.34177269601821897,89.08,0.34875252730846407,88.98,13.094134486000257
tune_verify_signmuon_unit-gain_0.0034_e75_t,0,verify,signmuon,unit-gain,tune,75,0.003400000000000002,9,0.21230618145465852,92.65555555555555,0.3372513384699821,89.0,0.328214995098114,89.2,13.093749683997885
tune_verify_signmuon_unit-gain_0.0034_e75_t,0,verify,signmuon,unit-gain,tune,75,0.003400000000000002,10,0.20127626011106703,92.93777777777777,0.365104905128479,88.9,0.34718949575424196,89.4,13.089221068999905
tune_verify_signmuon_unit-gain_0.0034_e75_t,0,verify,signmuon,unit-gain,tune,75,0.003400000000000002,11,0.18509169361856248,93.49777777777778,0.3397531202316284,89.53999999999999,0.34103558139801027,89.32,13.08701617800034
tune_verify_signmuon_unit-gain_0.0034_e75_t,0,verify,signmuon,unit-gain,tune,75,0.003400000000000002,12,0.1704365116569731,94.10222222222222,0.3415951033592224,90.02,0.3315844977378845,89.84,13.089461850999214
tune_verify_signmuon_unit-gain_0.0034_e75_t,0,verify,signmuon,unit-gain,tune,75,0.003400000000000002,13,0.16032830981148613,94.45333333333333,0.35109758248329165,89.74,0.3624133466720581,89.28,13.087473261002742
tune_verify_signmuon_unit-gain_0.0034_e75_t,0,verify,signmuon,unit-gain,tune,75,0.003400000000000002,14,0.14680452568795946,94.90666666666667,0.3309544970035553,90.38000000000001,0.3291707283973694,90.48,13.085732823001308
tune_verify_signmuon_unit-gain_0.0034_e75_t,0,verify,signmuon,unit-gain,tune,75,0.003400000000000002,15,0.13721752013232974,95.26,0.3510957538366318,89.99000000000001,0.336648126411438,90.58,13.090762824002013
tune_verify_signmuon_unit-gain_0.0034_e75_t,0,verify,signmuon,unit-gain,tune,75,0.003400000000000002,16,0.12928882999685076,95.50222222222222,0.3525244568824768,90.16,0.3451773633003235,90.18,13.090627304001828
tune_verify_signmuon_unit-gain_0.0034_e75_t,0,verify,signmuon,unit-gain,tune,75,0.003400000000000002,17,0.12322793443467882,95.83111111111111,0.357281022644043,89.99000000000001,0.34593700675964356,90.58,13.089790789999824
tune_verify_signmuon_unit-gain_0.0034_e75_t,0,verify,signmuon,unit-gain,tune,75,0.003400000000000002,18,0.11735695441961289,95.92444444444445,0.3571382120370865,90.38000000000001,0.36864649925231935,89.53999999999999,13.08311414399941
tune_verify_signmuon_unit-gain_0.0034_e75_t,0,verify,signmuon,unit-gain,tune,75,0.003400000000000002,19,0.10994795175525877,96.1888888888889,0.33759011647701265,90.73,0.34897581729888916,90.78,13.077989662000618
tune_verify_signmuon_unit-gain_0.0034_e75_t,0,verify,signmuon,unit-gain,tune,75,0.003400000000000002,20,0.10694291853374906,96.34,0.3503363136768341,90.62,0.3347857586860657,90.98,13.071320478000416
tune_verify_signmuon_unit-gain_0.0034_e75_t,0,verify,signmuon,unit-gain,tune,75,0.003400000000000002,21,0.09549591467910343,96.69777777777779,0.34310311260223386,90.98,0.32205847296714785,91.60000000000001,13.079811558000074
tune_verify_signmuon_unit-gain_0.0034_e75_t,0,verify,signmuon,unit-gain,tune,75,0.003400000000000002,22,0.09425958906412124,96.72666666666667,0.3507957434654236,90.9,0.33233225898742674,91.84,13.074373095998453
tune_verify_signmuon_unit-gain_0.0034_e75_t,0,verify,signmuon,unit-gain,tune,75,0.003400000000000002,23,0.09006175942619642,96.78444444444445,0.357887456035614,91.02,0.343213814163208,91.38,13.083845453998947
tune_verify_signmuon_unit-gain_0.0034_e75_t,0,verify,signmuon,unit-gain,tune,75,0.003400000000000002,24,0.08709216207398308,97.00222222222223,0.34793692836761475,90.89,0.3357872574806213,91.47999999999999,13.077105381002184
tune_verify_signmuon_unit-gain_0.0034_e75_t,0,verify,signmuon,unit-gain,tune,75,0.003400000000000002,25,0.08365931287838353,97.08888888888889,0.3594309843301773,90.85,0.3390102208137512,91.3,13.082256869998673
tune_verify_signmuon_unit-gain_0.0034_e75_t,0,verify,signmuon,unit-gain,tune,75,0.003400000000000002,26,0.0757257508330875,97.34,0.3592881565570831,91.11,0.33265311603546144,91.3,13.069747654000821
tune_verify_signmuon_unit-gain_0.0034_e75_t,0,verify,signmuon,unit-gain,tune,75,0.003400000000000002,27,0.07395359537055095,97.44666666666667,0.3457344497680664,91.32000000000001,0.32253463277816774,91.22,13.077407090000634
tune_verify_signmuon_unit-gain_0.0034_e75_t,0,verify,signmuon,unit-gain,tune,75,0.003400000000000002,28,0.06902882225645914,97.59555555555556,0.3616119544029236,91.64,0.3372812608718872,91.94,13.07291394799904
tune_verify_signmuon_unit-gain_0.0034_e75_t,0,verify,signmuon,unit-gain,tune,75,0.003400000000000002,29,0.0655859404274159,97.78666666666666,0.36537820353507994,91.4,0.34568818407058716,91.60000000000001,13.071502542999951
tune_verify_signmuon_unit-gain_0.0034_e75_t,0,verify,signmuon,unit-gain,tune,75,0.003400000000000002,30,0.06362976905372408,97.78888888888889,0.37251252188682554,91.29,0.3321645503520966,91.47999999999999,13.063868995999655
tune_verify_signmuon_unit-gain_0.0034_e75_t,0,verify,signmuon,unit-gain,tune,75,0.003400000000000002,31,0.06016381293535233,97.96444444444444,0.38096684811115267,91.22,0.35141405200958253,91.62,13.075492359999771
tune_verify_signmuon_unit-gain_0.0034_e75_t,0,verify,signmuon,unit-gain,tune,75,0.003400000000000002,32,0.05775775693655014,97.98,0.36370153317451476,91.85,0.33672529029846193,91.88,13.069510412002273
tune_verify_signmuon_unit-gain_0.0034_e75_t,0,verify,signmuon,unit-gain,tune,75,0.003400000000000002,33,0.05429064256880019,98.1,0.360913654088974,92.14,0.3224763833522797,92.60000000000001,13.071790694997617
tune_verify_signmuon_unit-gain_0.0034_e75_t,0,verify,signmuon,unit-gain,tune,75,0.003400000000000002,34,0.05039932407968574,98.27555555555556,0.38404954385757445,91.64999999999999,0.36517885370254516,91.82000000000001,13.07088184299937
tune_verify_signmuon_unit-gain_0.0034_e75_t,0,verify,signmuon,unit-gain,tune,75,0.003400000000000002,35,0.04966813071038988,98.33333333333333,0.3861832555770874,91.45,0.3710442071259022,91.02,13.070090510002046
tune_verify_signmuon_unit-gain_0.0034_e75_t,0,verify,signmuon,unit-gain,tune,75,0.003400000000000002,36,0.04358844102885988,98.49333333333334,0.4093949660301209,91.23,0.37055790061950683,92.14,13.075482912001462
tune_verify_signmuon_unit-gain_0.0034_e75_t,0,verify,signmuon,unit-gain,tune,75,0.003400000000000002,37,0.04379172660112381,98.52888888888889,0.37361634912490843,91.86999999999999,0.3730867875099182,91.97999999999999,13.076131398000143
tune_verify_signmuon_unit-gain_0.0034_e75_t,0,verify,signmuon,unit-gain,tune,75,0.003400000000000002,38,0.04152614757617314,98.58444444444444,0.37271954879760744,92.0,0.35706406497955323,92.25999999999999,13.062395550001384
tune_verify_signmuon_unit-gain_0.0034_e75_t,0,verify,signmuon,unit-gain,tune,75,0.003400000000000002,39,0.03866327514350414,98.66666666666667,0.38314683961868284,92.16,0.37498941135406494,92.32000000000001,13.063161058002152
tune_verify_signmuon_unit-gain_0.0034_e75_t,0,verify,signmuon,unit-gain,tune,75,0.003400000000000002,40,0.03655761754247877,98.73777777777778,0.38396330461502076,92.34,0.3336013777256012,92.74,13.072822816997359
tune_verify_signmuon_unit-gain_0.0034_e75_t,0,verify,signmuon,unit-gain,tune,75,0.003400000000000002,41,0.032655016289485826,98.92888888888889,0.3854242640018463,91.96,0.3496548229694366,92.75999999999999,13.07850918999975
tune_verify_signmuon_unit-gain_0.0034_e75_t,0,verify,signmuon,unit-gain,tune,75,0.003400000000000002,42,0.03230765076478322,98.91333333333333,0.4039372447013855,91.81,0.37227881393432616,92.36,13.071423656998377
tune_verify_signmuon_unit-gain_0.0034_e75_t,0,verify,signmuon,unit-gain,tune,75,0.003400000000000002,43,0.030653518100248443,98.97555555555556,0.38128420696258547,92.17,0.3661487726688385,92.06,13.069715268000436
tune_verify_signmuon_unit-gain_0.0034_e75_t,0,verify,signmuon,unit-gain,tune,75,0.003400000000000002,44,0.027232928445604113,99.06222222222222,0.39196002445220945,92.14,0.3710883279085159,92.47999999999999,13.082022105998476
tune_verify_signmuon_unit-gain_0.0034_e75_t,0,verify,signmuon,unit-gain,tune,75,0.003400000000000002,45,0.023728699562119114,99.15777777777778,0.39574799451828,92.62,0.35922325975894925,92.60000000000001,13.072173455999291
tune_verify_signmuon_unit-gain_0.0034_e75_t,0,verify,signmuon,unit-gain,tune,75,0.003400000000000002,46,0.024572978358964125,99.17111111111112,0.39288333539962766,92.15,0.37560780363082885,92.16,13.066196472002048
tune_verify_signmuon_unit-gain_0.0034_e75_t,0,verify,signmuon,unit-gain,tune,75,0.003400000000000002,47,0.021023567858338355,99.24444444444444,0.4021635369300842,92.36999999999999,0.3756957802772522,92.25999999999999,13.062027657000726
tune_verify_signmuon_unit-gain_0.0034_e75_t,0,verify,signmuon,unit-gain,tune,75,0.003400000000000002,48,0.019697211608952946,99.3488888888889,0.3974142849445343,92.58,0.3624739287137985,92.72,13.055701215998852
tune_verify_signmuon_unit-gain_0.0034_e75_t,0,verify,signmuon,unit-gain,tune,75,0.003400000000000002,49,0.017798514222519265,99.3888888888889,0.3941213981628418,92.47,0.3677403754234314,92.64,13.068378543001018
tune_verify_signmuon_unit-gain_0.0034_e75_t,0,verify,signmuon,unit-gain,tune,75,0.003400000000000002,50,0.017735527195864253,99.36888888888889,0.4028584451675415,92.65,0.3848250224113464,92.75999999999999,13.072857641000155
tune_verify_signmuon_unit-gain_0.0034_e75_t,0,verify,signmuon,unit-gain,tune,75,0.003400000000000002,51,0.013585579438010852,99.54222222222222,0.4223274621963501,92.64,0.38852602682113646,92.78,13.07321236200005
tune_verify_signmuon_unit-gain_0.0034_e75_t,0,verify,signmuon,unit-gain,tune,75,0.003400000000000002,52,0.014255039652271402,99.51333333333334,0.40218244280815124,92.77,0.3785153498888016,92.88,13.068464708998363
tune_verify_signmuon_unit-gain_0.0034_e75_t,0,verify,signmuon,unit-gain,tune,75,0.003400000000000002,53,0.012591160541690058,99.55333333333334,0.40564808921813966,92.78,0.39771630334854124,92.66,13.07280071799687
tune_verify_signmuon_unit-gain_0.0034_e75_t,0,verify,signmuon,unit-gain,tune,75,0.003400000000000002,54,0.010458051467314362,99.64666666666666,0.42451343383789064,92.82000000000001,0.4159030745983124,92.72,13.070364522998716
tune_verify_signmuon_unit-gain_0.0034_e75_t,0,verify,signmuon,unit-gain,tune,75,0.003400000000000002,55,0.009696749384514987,99.68,0.43489477853775027,92.66,0.40465853271484375,92.42,13.076348878999852
tune_verify_signmuon_unit-gain_0.0034_e75_t,0,verify,signmuon,unit-gain,tune,75,0.003400000000000002,56,0.009368050228183468,99.66444444444444,0.43309718885421755,92.74,0.41513641438484195,92.94,13.068673590001708
tune_verify_signmuon_unit-gain_0.0034_e75_t,0,verify,signmuon,unit-gain,tune,75,0.003400000000000002,57,0.007586432225174374,99.75555555555556,0.43284304752349856,92.83,0.4174153609275818,93.08,13.068208763001167
tune_verify_signmuon_unit-gain_0.0034_e75_t,0,verify,signmuon,unit-gain,tune,75,0.003400000000000002,58,0.006775813508220017,99.77111111111111,0.4410580045700073,92.96,0.4176334146499634,92.88,13.069957095998689
tune_verify_signmuon_unit-gain_0.0034_e75_t,0,verify,signmuon,unit-gain,tune,75,0.003400000000000002,59,0.006242774405558076,99.78444444444445,0.4451919137954712,92.75,0.39906695289611815,93.17999999999999,13.060055599999032
tune_verify_signmuon_unit-gain_0.0034_e75_t,0,verify,signmuon,unit-gain,tune,75,0.003400000000000002,60,0.005585625962167978,99.81555555555556,0.43356780738830564,92.92,0.3935020835876465,93.2,13.073686259001988
tune_verify_signmuon_unit-gain_0.0034_e75_t,0,verify,signmuon,unit-gain,tune,75,0.003400000000000002,61,0.004479264813128652,99.82666666666667,0.4385804076194763,92.96,0.3967858822822571,92.97999999999999,13.070160889998078
tune_verify_signmuon_unit-gain_0.0034_e75_t,0,verify,signmuon,unit-gain,tune,75,0.003400000000000002,62,0.004503214266109798,99.85555555555555,0.44540775079727174,92.97999999999999,0.39825567321777344,93.42,13.069753776999278
tune_verify_signmuon_unit-gain_0.0034_e75_t,0,verify,signmuon,unit-gain,tune,75,0.003400000000000002,63,0.003897413308219984,99.88222222222221,0.4320654287338257,93.05,0.3868521013259888,93.5,13.070770398000604
tune_verify_signmuon_unit-gain_0.0034_e75_t,0,verify,signmuon,unit-gain,tune,75,0.003400000000000002,64,0.0031150040684423098,99.9088888888889,0.4324644178390503,92.97,0.39328267850875853,93.60000000000001,13.077233443997102
tune_verify_signmuon_unit-gain_0.0034_e75_t,0,verify,signmuon,unit-gain,tune,75,0.003400000000000002,65,0.002785087369889435,99.91333333333333,0.4366496965885162,92.95,0.40672625160217285,92.96,13.073484405002091
tune_verify_signmuon_unit-gain_0.0034_e75_t,0,verify,signmuon,unit-gain,tune,75,0.003400000000000002,66,0.0023332261400439568,99.92666666666666,0.44231892890930175,93.02,0.40939035787582395,93.26,13.072724973000732
tune_verify_signmuon_unit-gain_0.0034_e75_t,0,verify,signmuon,unit-gain,tune,75,0.003400000000000002,67,0.0023028343613828634,99.93555555555555,0.4363877676963806,93.11,0.398014737033844,93.30000000000001,13.067289278998942
tune_verify_signmuon_unit-gain_0.0034_e75_t,0,verify,signmuon,unit-gain,tune,75,0.003400000000000002,68,0.0012625601482881596,99.96000000000001,0.4375764981269836,93.06,0.3979783029556274,93.32000000000001,13.076947128000029
tune_verify_signmuon_unit-gain_0.0034_e75_t,0,verify,signmuon,unit-gain,tune,75,0.003400000000000002,69,0.0016181545683402671,99.94888888888889,0.4435539044380188,93.12,0.3991696517944336,93.30000000000001,13.070099153999763
tune_verify_signmuon_unit-gain_0.0034_e75_t,0,verify,signmuon,unit-gain,tune,75,0.003400000000000002,70,0.0012145971745711802,99.96000000000001,0.4456082078933716,93.07,0.398015754032135,93.28,13.07606698499876
tune_verify_signmuon_unit-gain_0.0034_e75_t,0,verify,signmuon,unit-gain,tune,75,0.003400000000000002,71,0.0014343923510776626,99.96444444444444,0.4431602197647095,93.16,0.3976655264854431,93.52000000000001,13.070671243996912
tune_verify_signmuon_unit-gain_0.0034_e75_t,0,verify,signmuon,unit-gain,tune,75,0.003400000000000002,72,0.0010439897084007195,99.96888888888888,0.44098542881011965,93.12,0.39771470899581907,93.4,13.0735821950002
tune_verify_signmuon_unit-gain_0.0034_e75_t,0,verify,signmuon,unit-gain,tune,75,0.003400000000000002,73,0.0014303840942034084,99.94666666666666,0.44714531764984133,93.17,0.39955715751647947,93.44,13.071987725001236
tune_verify_signmuon_unit-gain_0.0034_e75_t,0,verify,signmuon,unit-gain,tune,75,0.003400000000000002,74,0.0008481390118598939,99.98,0.4396399929046631,93.08999999999999,0.393877453994751,93.38,13.070079450997582
tune_verify_signmuon_unit-gain_0.0034_e75_t,0,verify,signmuon,unit-gain,tune,75,0.003400000000000002,75,0.0009848843803370577,99.97333333333333,0.4397468542098999,93.14,0.3943552134513855,93.54,13.062317667998286
tune_verify_signmuon_unit-gain_0.01578_e75_t,0,verify,signmuon,unit-gain,tune,75,0.01578140203428345,0,2.3028948455810547,10.246666666666666,2.3027890270233153,10.38,2.3021115951538085,10.34,
tune_verify_signmuon_unit-gain_0.01578_e75_t,0,verify,signmuon,unit-gain,tune,75,0.01578140203428345,1,1.1283381499820286,59.70444444444445,0.7998595086097717,72.99,0.8198676595687866,72.44,13.71200371300074
tune_verify_signmuon_unit-gain_0.01578_e75_t,0,verify,signmuon,unit-gain,tune,75,0.01578140203428345,2,0.6597062163299985,77.39333333333333,0.754655031490326,75.42999999999999,0.7586056238174439,75.66000000000001,13.077168400999653
tune_verify_signmuon_unit-gain_0.01578_e75_t,0,verify,signmuon,unit-gain,tune,75,0.01578140203428345,3,0.5676992583910624,80.57777777777778,0.6454900268554687,78.64999999999999,0.6529788433074951,78.18,13.103838588001963
tune_verify_signmuon_unit-gain_0.01578_e75_t,0,verify,signmuon,unit-gain,tune,75,0.01578140203428345,4,0.5139821579933167,82.40222222222222,0.5423194211959839,81.3,0.551602636051178,81.17999999999999,13.097395250002592
tune_verify_signmuon_unit-gain_0.01578_e75_t,0,verify,signmuon,unit-gain,tune,75,0.01578140203428345,5,0.4866488911946615,83.36,0.5655951090812683,81.87,0.5606593465805054,81.72,13.094869005999499
tune_verify_signmuon_unit-gain_0.01578_e75_t,0,verify,signmuon,unit-gain,tune,75,0.01578140203428345,6,0.4633109817504883,84.35333333333334,0.5691496036529541,81.88,0.5804357051849365,80.96,13.117221522003092
tune_verify_signmuon_unit-gain_0.01578_e75_t,0,verify,signmuon,unit-gain,tune,75,0.01578140203428345,7,0.4394427333407932,85.11111111111111,0.5552646058082581,82.24000000000001,0.5708845535278321,82.38,13.10283449599956
tune_verify_signmuon_unit-gain_0.01578_e75_t,0,verify,signmuon,unit-gain,tune,75,0.01578140203428345,8,0.4314843528058794,85.39333333333333,0.4528797071933746,84.94,0.4612379240036011,84.39999999999999,13.089328722002392
tune_verify_signmuon_unit-gain_0.01578_e75_t,0,verify,signmuon,unit-gain,tune,75,0.01578140203428345,9,0.4144019553793801,85.97777777777777,0.49316221241950986,83.74000000000001,0.46880030550956725,84.36,13.091361556002084
tune_verify_signmuon_unit-gain_0.01578_e75_t,0,verify,signmuon,unit-gain,tune,75,0.01578140203428345,10,0.40458170946968924,86.0911111111111,0.45844298939704897,84.69,0.4684990406990051,84.58,13.090111420002358
tune_verify_signmuon_unit-gain_0.01578_e75_t,0,verify,signmuon,unit-gain,tune,75,0.01578140203428345,11,0.3878795579539405,86.70444444444443,0.4491751935482025,85.74000000000001,0.456249077796936,85.06,13.090476620000118
tune_verify_signmuon_unit-gain_0.01578_e75_t,0,verify,signmuon,unit-gain,tune,75,0.01578140203428345,12,0.37496229789521957,87.25111111111111,0.4401584544658661,85.5,0.4498359869480133,84.84,13.088140771000326
tune_verify_signmuon_unit-gain_0.01578_e75_t,0,verify,signmuon,unit-gain,tune,75,0.01578140203428345,13,0.364745619503657,87.5111111111111,0.4079679162025452,86.52,0.4312358591079712,85.32,13.073500514998159
tune_verify_signmuon_unit-gain_0.01578_e75_t,0,verify,signmuon,unit-gain,tune,75,0.01578140203428345,14,0.3539419571134779,87.89111111111112,0.4449484473705292,85.7,0.4627193958759308,84.54,13.079773918998399
tune_verify_signmuon_unit-gain_0.01578_e75_t,0,verify,signmuon,unit-gain,tune,75,0.01578140203428345,15,0.34439738687409294,88.22,0.40904860210418703,86.24000000000001,0.41299996197223665,86.14,13.072706196999206
tune_verify_signmuon_unit-gain_0.01578_e75_t,0,verify,signmuon,unit-gain,tune,75,0.01578140203428345,16,0.33801342679659524,88.42666666666666,0.4120360252380371,86.83999999999999,0.41265504497289657,86.11999999999999,13.070027578000008
tune_verify_signmuon_unit-gain_0.01578_e75_t,0,verify,signmuon,unit-gain,tune,75,0.01578140203428345,17,0.3226688652038574,89.04888888888888,0.43151309914588926,86.16,0.42984509382247926,85.94000000000001,13.064996897002857
tune_verify_signmuon_unit-gain_0.01578_e75_t,0,verify,signmuon,unit-gain,tune,75,0.01578140203428345,18,0.3162778972970115,89.26444444444445,0.3801463686466217,87.51,0.4021991901636124,86.94,13.063082925000344
tune_verify_signmuon_unit-gain_0.01578_e75_t,0,verify,signmuon,unit-gain,tune,75,0.01578140203428345,19,0.30143129924403295,89.72888888888889,0.43507493271827696,85.96000000000001,0.42101397037506105,86.08,13.056551953999588
tune_verify_signmuon_unit-gain_0.01578_e75_t,0,verify,signmuon,unit-gain,tune,75,0.01578140203428345,20,0.2953271455393897,89.96666666666667,0.4095666786670685,87.53,0.39570166239738463,87.2,13.052745820001292
tune_verify_signmuon_unit-gain_0.01578_e75_t,0,verify,signmuon,unit-gain,tune,75,0.01578140203428345,21,0.2879132137298584,90.21555555555555,0.4534503993034363,85.91,0.4527579637527466,85.98,13.059150255001441
tune_verify_signmuon_unit-gain_0.01578_e75_t,0,verify,signmuon,unit-gain,tune,75,0.01578140203428345,22,0.28212050090895757,90.35777777777778,0.3795931095123291,87.68,0.3856545449733734,87.2,13.059390441001597
tune_verify_signmuon_unit-gain_0.01578_e75_t,0,verify,signmuon,unit-gain,tune,75,0.01578140203428345,23,0.27407830465104843,90.62666666666667,0.3704107681274414,88.33,0.383499058508873,87.82,13.053520831999776
tune_verify_signmuon_unit-gain_0.01578_e75_t,0,verify,signmuon,unit-gain,tune,75,0.01578140203428345,24,0.2654552127785153,90.83333333333333,0.35832043237686156,88.58,0.3813160572528839,88.14,13.05188892300066
tune_verify_signmuon_unit-gain_0.01578_e75_t,0,verify,signmuon,unit-gain,tune,75,0.01578140203428345,25,0.2545424859470791,91.32666666666667,0.3613876007437706,88.14,0.34663299713134765,88.62,13.043957637000858
tune_verify_signmuon_unit-gain_0.01578_e75_t,0,verify,signmuon,unit-gain,tune,75,0.01578140203428345,26,0.24520665974881914,91.61111111111111,0.4281997636795044,87.02,0.4183942514419556,86.6,13.045744758001092
tune_verify_signmuon_unit-gain_0.01578_e75_t,0,verify,signmuon,unit-gain,tune,75,0.01578140203428345,27,0.23897723163233864,91.79777777777778,0.36807708156108854,88.03999999999999,0.3724264856338501,87.8,13.040546102998633
tune_verify_signmuon_unit-gain_0.01578_e75_t,0,verify,signmuon,unit-gain,tune,75,0.01578140203428345,28,0.2333988424009747,91.97333333333333,0.3968718502998352,87.98,0.40429859714508054,87.5,13.038684588998876
tune_verify_signmuon_unit-gain_0.01578_e75_t,0,verify,signmuon,unit-gain,tune,75,0.01578140203428345,29,0.2241130110952589,92.28666666666666,0.3639314481258392,88.9,0.34970438451766966,89.1,13.04105109900047
tune_verify_signmuon_unit-gain_0.01578_e75_t,0,verify,signmuon,unit-gain,tune,75,0.01578140203428345,30,0.219498955127928,92.48444444444445,0.338436474108696,89.41,0.3346571252346039,89.34,13.040822041002684
tune_verify_signmuon_unit-gain_0.01578_e75_t,0,verify,signmuon,unit-gain,tune,75,0.01578140203428345,31,0.20965247600343492,92.7911111111111,0.3325096917152405,89.61,0.34378557357788087,89.75999999999999,13.036858605999441
tune_verify_signmuon_unit-gain_0.01578_e75_t,0,verify,signmuon,unit-gain,tune,75,0.01578140203428345,32,0.20387788406742943,93.08222222222223,0.32725090255737305,89.84,0.32696871790885923,89.84,13.036998483999923
tune_verify_signmuon_unit-gain_0.01578_e75_t,0,verify,signmuon,unit-gain,tune,75,0.01578140203428345,33,0.19139026507271661,93.61111111111111,0.33121870050430297,90.14999999999999,0.311724797129631,90.36,13.041886290000548
tune_verify_signmuon_unit-gain_0.01578_e75_t,0,verify,signmuon,unit-gain,tune,75,0.01578140203428345,34,0.18423383621109857,93.74,0.34814152545928956,89.72,0.3314840437889099,89.5,13.036786240001675
tune_verify_signmuon_unit-gain_0.01578_e75_t,0,verify,signmuon,unit-gain,tune,75,0.01578140203428345,35,0.17452576327588823,94.04444444444444,0.33001907000541686,89.88000000000001,0.34482165871858594,89.08,13.032211494999501
tune_verify_signmuon_unit-gain_0.01578_e75_t,0,verify,signmuon,unit-gain,tune,75,0.01578140203428345,36,0.16967342040538788,94.29333333333332,0.31599074144363404,90.81,0.3031140657186508,90.28,13.035464089000016
tune_verify_signmuon_unit-gain_0.01578_e75_t,0,verify,signmuon,unit-gain,tune,75,0.01578140203428345,37,0.16182919268740548,94.46222222222222,0.3292692399740219,90.24,0.3221819469451904,89.92,13.029442810999171
tune_verify_signmuon_unit-gain_0.01578_e75_t,0,verify,signmuon,unit-gain,tune,75,0.01578140203428345,38,0.15131574646896787,94.84444444444445,0.33462038140296935,90.42999999999999,0.3433967541217804,89.44,13.032788608001283
tune_verify_signmuon_unit-gain_0.01578_e75_t,0,verify,signmuon,unit-gain,tune,75,0.01578140203428345,39,0.14394515758090548,95.11777777777777,0.34039514474868776,90.09,0.328600910615921,90.36,13.023732294997899
tune_verify_signmuon_unit-gain_0.01578_e75_t,0,verify,signmuon,unit-gain,tune,75,0.01578140203428345,40,0.1347996452305052,95.15777777777778,0.3551750778198242,90.22,0.3309220845222473,90.66,13.028462776001106
tune_verify_signmuon_unit-gain_0.01578_e75_t,0,verify,signmuon,unit-gain,tune,75,0.01578140203428345,41,0.1268850295888053,95.69333333333333,0.33511325993537905,90.53,0.35575337455272676,89.86,13.027901854999072
tune_verify_signmuon_unit-gain_0.01578_e75_t,0,verify,signmuon,unit-gain,tune,75,0.01578140203428345,42,0.12015101234118143,95.85333333333334,0.35793123087882994,90.2,0.3257016653060913,90.75999999999999,13.029585897998913
tune_verify_signmuon_unit-gain_0.01578_e75_t,0,verify,signmuon,unit-gain,tune,75,0.01578140203428345,43,0.11421018538077672,96.03555555555555,0.3207569828987122,91.43,0.3160185448527336,91.14,13.025139361001493
tune_verify_signmuon_unit-gain_0.01578_e75_t,0,verify,signmuon,unit-gain,tune,75,0.01578140203428345,44,0.10769186729060279,96.24000000000001,0.3344441136837006,90.52,0.32326215572357175,91.08000000000001,13.023631897998712
tune_verify_signmuon_unit-gain_0.01578_e75_t,0,verify,signmuon,unit-gain,tune,75,0.01578140203428345,45,0.10064584391382006,96.53555555555555,0.35162377443313597,90.32,0.33426947277784347,90.46,13.027523696000571
tune_verify_signmuon_unit-gain_0.01578_e75_t,0,verify,signmuon,unit-gain,tune,75,0.01578140203428345,46,0.09351129575835333,96.79777777777778,0.34052551820278165,91.29,0.3435231143951416,90.86,13.034973055000592
tune_verify_signmuon_unit-gain_0.01578_e75_t,0,verify,signmuon,unit-gain,tune,75,0.01578140203428345,47,0.0857399536424213,97.02888888888889,0.35463976130485536,91.24,0.37122875056266785,90.8,13.034331044000282
tune_verify_signmuon_unit-gain_0.01578_e75_t,0,verify,signmuon,unit-gain,tune,75,0.01578140203428345,48,0.0787462475180626,97.31111111111112,0.35838503193855287,90.86999999999999,0.34524844932556153,91.28,13.026734060000308
tune_verify_signmuon_unit-gain_0.01578_e75_t,0,verify,signmuon,unit-gain,tune,75,0.01578140203428345,49,0.0702052095360226,97.55555555555556,0.36617443447113035,91.34,0.36894599471092226,90.96,13.020765419998497
tune_verify_signmuon_unit-gain_0.01578_e75_t,0,verify,signmuon,unit-gain,tune,75,0.01578140203428345,50,0.06848081705305312,97.62444444444445,0.34836124906539917,91.63,0.34830226526260377,91.66,13.020349221998913
tune_verify_signmuon_unit-gain_0.01578_e75_t,0,verify,signmuon,unit-gain,tune,75,0.01578140203428345,51,0.06000896412796444,97.93111111111111,0.3458618711471558,91.77,0.3437819529056549,91.67999999999999,13.019128588999592
tune_verify_signmuon_unit-gain_0.01578_e75_t,0,verify,signmuon,unit-gain,tune,75,0.01578140203428345,52,0.053042938237720064,98.1288888888889,0.3612004034042358,91.64999999999999,0.3405019739151001,91.58,13.020902809003019
tune_verify_signmuon_unit-gain_0.01578_e75_t,0,verify,signmuon,unit-gain,tune,75,0.01578140203428345,53,0.051146764549944136,98.25111111111111,0.3322838327407837,92.13,0.347183133508265,91.75999999999999,13.024115469001117
tune_verify_signmuon_unit-gain_0.01578_e75_t,0,verify,signmuon,unit-gain,tune,75,0.01578140203428345,54,0.045678472513291574,98.3911111111111,0.3591745901107788,92.04,0.34675273532867434,91.94,13.02322316199934
tune_verify_signmuon_unit-gain_0.01578_e75_t,0,verify,signmuon,unit-gain,tune,75,0.01578140203428345,55,0.042422910296916964,98.52666666666666,0.36794675846099856,92.03,0.36147831354141235,91.78,13.02101283400043
tune_verify_signmuon_unit-gain_0.01578_e75_t,0,verify,signmuon,unit-gain,tune,75,0.01578140203428345,56,0.03642462038993836,98.76888888888888,0.3811721992492676,91.93,0.38765561299324036,91.3,13.018040151000605
tune_verify_signmuon_unit-gain_0.01578_e75_t,0,verify,signmuon,unit-gain,tune,75,0.01578140203428345,57,0.031067070966296725,98.97333333333333,0.3582936430931091,92.45,0.36744651088714597,92.06,13.021320201998606
tune_verify_signmuon_unit-gain_0.01578_e75_t,0,verify,signmuon,unit-gain,tune,75,0.01578140203428345,58,0.029765944204065534,98.98,0.3903071328163147,92.06,0.38392578449249265,91.97999999999999,13.021610763000353
tune_verify_signmuon_unit-gain_0.01578_e75_t,0,verify,signmuon,unit-gain,tune,75,0.01578140203428345,59,0.0254190509185195,99.10888888888888,0.37377876973152163,92.32000000000001,0.37042741107940674,92.06,13.022050331001083
tune_verify_signmuon_unit-gain_0.01578_e75_t,0,verify,signmuon,unit-gain,tune,75,0.01578140203428345,60,0.022442931477725504,99.23777777777778,0.38434613008499147,92.75,0.3732367079019547,92.16,13.022244185998716
tune_verify_signmuon_unit-gain_0.01578_e75_t,0,verify,signmuon,unit-gain,tune,75,0.01578140203428345,61,0.018385360121064717,99.41111111111111,0.37760091557502745,92.75,0.3837607579946518,92.92,13.019161592001183
tune_verify_signmuon_unit-gain_0.01578_e75_t,0,verify,signmuon,unit-gain,tune,75,0.01578140203428345,62,0.015617895400275786,99.44666666666667,0.38197437877655027,92.97,0.37550973039865493,92.64,13.0186043529975
tune_verify_signmuon_unit-gain_0.01578_e75_t,0,verify,signmuon,unit-gain,tune,75,0.01578140203428345,63,0.013652063634743293,99.53777777777778,0.40350720491409303,92.65,0.381889622926712,92.52,13.02917960099876
tune_verify_signmuon_unit-gain_0.01578_e75_t,0,verify,signmuon,unit-gain,tune,75,0.01578140203428345,64,0.011075970563375288,99.65333333333334,0.40251121940612794,92.77,0.40235015115737915,92.97999999999999,13.022572945999855
tune_verify_signmuon_unit-gain_0.01578_e75_t,0,verify,signmuon,unit-gain,tune,75,0.01578140203428345,65,0.010258382351696491,99.64888888888889,0.41635004353523253,92.7,0.40728663120269776,92.67999999999999,13.019758326001465
tune_verify_signmuon_unit-gain_0.01578_e75_t,0,verify,signmuon,unit-gain,tune,75,0.01578140203428345,66,0.0074299234673380855,99.76,0.42043741221427916,93.04,0.42573929624557494,92.92,13.01972870499958
tune_verify_signmuon_unit-gain_0.01578_e75_t,0,verify,signmuon,unit-gain,tune,75,0.01578140203428345,67,0.007302772494736645,99.78222222222223,0.4158203091621399,93.2,0.40833779859542846,93.08,13.020952532002411
tune_verify_signmuon_unit-gain_0.01578_e75_t,0,verify,signmuon,unit-gain,tune,75,0.01578140203428345,68,0.005411229063467019,99.83555555555556,0.4284329235076904,93.13,0.41628781967163087,93.02,13.019469769998977
tune_verify_signmuon_unit-gain_0.01578_e75_t,0,verify,signmuon,unit-gain,tune,75,0.01578140203428345,69,0.004516022326735159,99.86666666666667,0.4488565752983093,93.01,0.4373453960418701,92.97999999999999,13.019334089996846
tune_verify_signmuon_unit-gain_0.01578_e75_t,0,verify,signmuon,unit-gain,tune,75,0.01578140203428345,70,0.0033851613581128833,99.91111111111111,0.48063257122039793,92.97999999999999,0.4690209164619446,92.84,13.019800000001851
tune_verify_signmuon_unit-gain_0.01578_e75_t,0,verify,signmuon,unit-gain,tune,75,0.01578140203428345,71,0.0030052274513265326,99.91111111111111,0.4942495031118393,93.0,0.4747496720314026,93.04,13.024088152000331
tune_verify_signmuon_unit-gain_0.01578_e75_t,0,verify,signmuon,unit-gain,tune,75,0.01578140203428345,72,0.002527715770109919,99.93333333333332,0.5104563500404358,93.05,0.5063860456466674,92.97999999999999,13.023513497999375
tune_verify_signmuon_unit-gain_0.01578_e75_t,0,verify,signmuon,unit-gain,tune,75,0.01578140203428345,73,0.0025607316254327695,99.91777777777779,0.5075104409456253,93.08999999999999,0.49963739824295045,92.97999999999999,13.025264802003221
tune_verify_signmuon_unit-gain_0.01578_e75_t,0,verify,signmuon,unit-gain,tune,75,0.01578140203428345,74,0.002738745998663621,99.92666666666666,0.5008676465988159,93.21000000000001,0.48994650154113767,93.0,13.018470836999768
tune_verify_signmuon_unit-gain_0.01578_e75_t,0,verify,signmuon,unit-gain,tune,75,0.01578140203428345,75,0.002575199065088398,99.92222222222222,0.500698840034008,93.12,0.48903907833099364,93.02,13.029454063998855
tune_verify_signmuon_unit-gain_0.07325_e75_t,0,verify,signmuon,unit-gain,tune,75,0.07325077946108408,0,2.3028948455810547,10.246666666666666,2.3027890270233153,10.38,2.302111595916748,10.34,
tune_verify_signmuon_unit-gain_0.07325_e75_t,0,verify,signmuon,unit-gain,tune,75,0.07325077946108408,1,1.363318325996399,50.693333333333335,1.148018553543091,60.61,1.1389815805435182,60.0,13.687426141001197
tune_verify_signmuon_unit-gain_0.07325_e75_t,0,verify,signmuon,unit-gain,tune,75,0.07325077946108408,2,1.05486813671324,62.94222222222222,1.2846499468803405,56.28999999999999,1.2793498123168945,56.779999999999994,13.059796744000778
tune_verify_signmuon_unit-gain_0.07325_e75_t,0,verify,signmuon,unit-gain,tune,75,0.07325077946108408,3,0.9664021024280124,66.11555555555556,1.3350846939086913,54.76,1.284725073814392,56.42,13.073078248002275
tune_verify_signmuon_unit-gain_0.07325_e75_t,0,verify,signmuon,unit-gain,tune,75,0.07325077946108408,4,0.9313578818745083,67.59111111111112,1.0355639585494996,64.36,1.0518130457878112,63.339999999999996,13.08594301300036
tune_verify_signmuon_unit-gain_0.07325_e75_t,0,verify,signmuon,unit-gain,tune,75,0.07325077946108408,5,0.9046889463000828,68.32666666666667,1.225147757911682,61.73,1.2330528650283814,62.88,13.086668275002012
tune_verify_signmuon_unit-gain_0.07325_e75_t,0,verify,signmuon,unit-gain,tune,75,0.07325077946108408,6,0.8840058836619059,69.27111111111111,1.2001488474845887,60.47,1.2033544898033142,60.440000000000005,13.084655810998811
tune_verify_signmuon_unit-gain_0.07325_e75_t,0,verify,signmuon,unit-gain,tune,75,0.07325077946108408,7,0.8741778150664435,69.64,1.4207214691162109,59.24,1.3981491654396057,58.64,13.079996815999039
tune_verify_signmuon_unit-gain_0.07325_e75_t,0,verify,signmuon,unit-gain,tune,75,0.07325077946108408,8,0.8551308290693495,70.4711111111111,1.0361111958503724,65.03999999999999,1.0467653123855591,64.98,13.075662519000616
tune_verify_signmuon_unit-gain_0.07325_e75_t,0,verify,signmuon,unit-gain,tune,75,0.07325077946108408,9,0.8477294652726916,70.33333333333334,1.2723877065658569,63.09,1.3034947166442872,61.53999999999999,13.065175485000509
tune_verify_signmuon_unit-gain_0.07325_e75_t,0,verify,signmuon,unit-gain,tune,75,0.07325077946108408,10,0.837497366979387,71.01555555555555,1.1152204977035522,63.56,1.1541670518875122,63.239999999999995,13.06629950900242
tune_verify_signmuon_unit-gain_0.07325_e75_t,0,verify,signmuon,unit-gain,tune,75,0.07325077946108408,11,0.8218296989334954,71.69555555555556,1.0214949794769288,66.07,1.0547578042030334,65.22,13.048301703998732
tune_verify_signmuon_unit-gain_0.07325_e75_t,0,verify,signmuon,unit-gain,tune,75,0.07325077946108408,12,0.8006484583218892,72.3911111111111,0.9946904935836792,67.02,1.0221472990036011,66.24,13.04141416800121
tune_verify_signmuon_unit-gain_0.07325_e75_t,0,verify,signmuon,unit-gain,tune,75,0.07325077946108408,13,0.7927091721534729,72.72666666666666,1.2064957511901855,60.419999999999995,1.2200565181732177,60.08,13.045730497997283
tune_verify_signmuon_unit-gain_0.07325_e75_t,0,verify,signmuon,unit-gain,tune,75,0.07325077946108408,14,0.7784525308820937,73.0911111111111,1.038928981590271,64.84,1.067290786743164,64.12,13.035741843999858
tune_verify_signmuon_unit-gain_0.07325_e75_t,0,verify,signmuon,unit-gain,tune,75,0.07325077946108408,15,0.7658625675095452,73.76,1.4203641492843628,59.760000000000005,1.425587193965912,59.14,13.030059231998166
tune_verify_signmuon_unit-gain_0.07325_e75_t,0,verify,signmuon,unit-gain,tune,75,0.07325077946108408,16,0.7508139401011997,74.31777777777778,0.87197023229599,70.3,0.8832364534378052,69.64,13.030275523997261
tune_verify_signmuon_unit-gain_0.07325_e75_t,0,verify,signmuon,unit-gain,tune,75,0.07325077946108408,17,0.7393795026991102,74.44,1.0671908410072326,65.35,1.097032248878479,65.24,13.024460953001835
tune_verify_signmuon_unit-gain_0.07325_e75_t,0,verify,signmuon,unit-gain,tune,75,0.07325077946108408,18,0.7196500192854139,75.26666666666667,0.8580621006965637,70.72,0.8504623930931091,70.02000000000001,13.0264828770014
tune_verify_signmuon_unit-gain_0.07325_e75_t,0,verify,signmuon,unit-gain,tune,75,0.07325077946108408,19,0.7074635524219937,75.58888888888889,1.1235281770706176,65.86,1.1412436853408814,66.03999999999999,13.019258469998022
tune_verify_signmuon_unit-gain_0.07325_e75_t,0,verify,signmuon,unit-gain,tune,75,0.07325077946108408,20,0.6910285554567973,76.30444444444444,0.7795518648147584,74.72,0.769434867477417,74.06,13.018592868000269
tune_verify_signmuon_unit-gain_0.07325_e75_t,0,verify,signmuon,unit-gain,tune,75,0.07325077946108408,21,0.6771959800614251,76.72222222222223,0.7949743937492371,73.44000000000001,0.7974417275905609,73.7,13.01412820099722
tune_verify_signmuon_unit-gain_0.07325_e75_t,0,verify,signmuon,unit-gain,tune,75,0.07325077946108408,22,0.6690983483526441,77.05555555555556,0.8304345348358154,71.82,0.8217853254318237,72.46000000000001,13.010567364999588
tune_verify_signmuon_unit-gain_0.07325_e75_t,0,verify,signmuon,unit-gain,tune,75,0.07325077946108408,23,0.6568267474810282,77.52888888888889,0.8842606796264648,71.81,0.9204087738037109,71.3,12.995610115998716
tune_verify_signmuon_unit-gain_0.07325_e75_t,0,verify,signmuon,unit-gain,tune,75,0.07325077946108408,24,0.6442735324223836,77.80222222222221,0.7973977005004883,74.02,0.8263460870742798,73.0,13.000169006998476
tune_verify_signmuon_unit-gain_0.07325_e75_t,0,verify,signmuon,unit-gain,tune,75,0.07325077946108408,25,0.6326970308833652,78.36888888888889,0.879653135251999,71.7,0.8910468430519104,70.26,13.002216220000264
tune_verify_signmuon_unit-gain_0.07325_e75_t,0,verify,signmuon,unit-gain,tune,75,0.07325077946108408,26,0.6242337181038327,78.36888888888889,0.9715606407165527,71.26,0.9692397758483887,70.62,12.982831788001931
tune_verify_signmuon_unit-gain_0.07325_e75_t,0,verify,signmuon,unit-gain,tune,75,0.07325077946108408,27,0.6071771262698703,79.03555555555556,0.6925159358024597,76.79,0.708099111366272,76.06,12.98154596599852
tune_verify_signmuon_unit-gain_0.07325_e75_t,0,verify,signmuon,unit-gain,tune,75,0.07325077946108408,28,0.6009082551320394,79.38888888888889,0.6587137810707092,78.09,0.6623049290657044,77.72,12.966042763000587
tune_verify_signmuon_unit-gain_0.07325_e75_t,0,verify,signmuon,unit-gain,tune,75,0.07325077946108408,29,0.5891790105448829,79.82222222222222,0.6444421694755554,77.96,0.653754870891571,77.56,12.967672470000252
tune_verify_signmuon_unit-gain_0.07325_e75_t,0,verify,signmuon,unit-gain,tune,75,0.07325077946108408,30,0.5758990710258484,80.2688888888889,0.6331157249450684,78.67,0.6161663427352905,79.46,12.961546223999903
tune_verify_signmuon_unit-gain_0.07325_e75_t,0,verify,signmuon,unit-gain,tune,75,0.07325077946108408,31,0.5656600776248508,80.64888888888889,0.605749198436737,79.4,0.589851397895813,79.3,12.95794316699903
tune_verify_signmuon_unit-gain_0.07325_e75_t,0,verify,signmuon,unit-gain,tune,75,0.07325077946108408,32,0.5458875020027161,81.13555555555556,0.6800140183448792,77.49000000000001,0.6767524146556855,77.25999999999999,12.951978461998806
tune_verify_signmuon_unit-gain_0.07325_e75_t,0,verify,signmuon,unit-gain,tune,75,0.07325077946108408,33,0.539338629245758,81.40888888888888,0.6766438542366028,77.73,0.6898135541439057,77.24,12.952373475000059
tune_verify_signmuon_unit-gain_0.07325_e75_t,0,verify,signmuon,unit-gain,tune,75,0.07325077946108408,34,0.5278913968933954,81.97555555555556,0.6977895390510559,78.13,0.6970833784103394,77.5,12.950083228999574
tune_verify_signmuon_unit-gain_0.07325_e75_t,0,verify,signmuon,unit-gain,tune,75,0.07325077946108408,35,0.5167643361303541,82.26444444444444,0.6223038733482361,79.49000000000001,0.6458546611785889,78.7,12.955896100997052
tune_verify_signmuon_unit-gain_0.07325_e75_t,0,verify,signmuon,unit-gain,tune,75,0.07325077946108408,36,0.5078208387745752,82.47333333333333,0.5478348542690277,81.8,0.5627745903015137,81.3,12.949522460003209
tune_verify_signmuon_unit-gain_0.07325_e75_t,0,verify,signmuon,unit-gain,tune,75,0.07325077946108408,37,0.4970194199562073,82.85555555555555,0.6549949426651,78.24,0.6761488042831421,77.8,12.946241237998038
tune_verify_signmuon_unit-gain_0.07325_e75_t,0,verify,signmuon,unit-gain,tune,75,0.07325077946108408,38,0.48414630539682174,83.35555555555555,0.6280481987953186,79.63,0.6371005102157593,79.2,12.938966309000534
tune_verify_signmuon_unit-gain_0.07325_e75_t,0,verify,signmuon,unit-gain,tune,75,0.07325077946108408,39,0.47418059355417885,83.93777777777778,0.5339198792695999,82.28999999999999,0.5357210296154022,82.1,12.9467170909993
tune_verify_signmuon_unit-gain_0.07325_e75_t,0,verify,signmuon,unit-gain,tune,75,0.07325077946108408,40,0.46245345460044013,84.09555555555556,0.5815759065628052,80.94,0.5808685836791992,80.94,12.942402275999484
tune_verify_signmuon_unit-gain_0.07325_e75_t,0,verify,signmuon,unit-gain,tune,75,0.07325077946108408,41,0.4476984956635369,84.56,0.6070980100631714,79.58,0.6107878982543945,79.46,12.941810203999921
tune_verify_signmuon_unit-gain_0.07325_e75_t,0,verify,signmuon,unit-gain,tune,75,0.07325077946108408,42,0.43968034246232773,84.8911111111111,0.5019806065559387,83.57,0.4952680305480957,83.36,12.935103329000412
tune_verify_signmuon_unit-gain_0.07325_e75_t,0,verify,signmuon,unit-gain,tune,75,0.07325077946108408,43,0.4235965567058987,85.3,0.6853272307395935,77.61,0.6811085759162903,77.52,12.930374620998919
tune_verify_signmuon_unit-gain_0.07325_e75_t,0,verify,signmuon,unit-gain,tune,75,0.07325077946108408,44,0.41148694240781997,85.86222222222221,0.5484139863967895,81.73,0.5566272577285767,81.39999999999999,12.938531182000588
tune_verify_signmuon_unit-gain_0.07325_e75_t,0,verify,signmuon,unit-gain,tune,75,0.07325077946108408,45,0.4016363229327732,86.21111111111112,0.5483693893909455,82.23,0.5417802250623703,81.74,12.92656523000187
tune_verify_signmuon_unit-gain_0.07325_e75_t,0,verify,signmuon,unit-gain,tune,75,0.07325077946108408,46,0.38484208886888294,86.69555555555556,0.49564938168525696,84.07,0.4994011661052704,83.52000000000001,12.925097708997782
tune_verify_signmuon_unit-gain_0.07325_e75_t,0,verify,signmuon,unit-gain,tune,75,0.07325077946108408,47,0.3800156221601698,86.92666666666666,0.45189314460754393,85.53,0.4536745806694031,84.98,12.91870028899939
tune_verify_signmuon_unit-gain_0.07325_e75_t,0,verify,signmuon,unit-gain,tune,75,0.07325077946108408,48,0.3631735218577915,87.39555555555556,0.5023659717321396,84.06,0.5052667037963867,83.56,12.91797818499981
tune_verify_signmuon_unit-gain_0.07325_e75_t,0,verify,signmuon,unit-gain,tune,75,0.07325077946108408,49,0.351225134118398,87.89111111111112,0.4898297818183899,84.36,0.5105149724960327,83.89999999999999,12.918773803998192
tune_verify_signmuon_unit-gain_0.07325_e75_t,0,verify,signmuon,unit-gain,tune,75,0.07325077946108408,50,0.339330634493298,88.22666666666666,0.3977186982154846,86.66,0.4119495075702667,85.82,12.915372641000431
tune_verify_signmuon_unit-gain_0.07325_e75_t,0,verify,signmuon,unit-gain,tune,75,0.07325077946108408,51,0.31992317003673976,88.91777777777777,0.46157700476646424,85.64,0.46478631801605225,84.76,12.919838453999546
tune_verify_signmuon_unit-gain_0.07325_e75_t,0,verify,signmuon,unit-gain,tune,75,0.07325077946108408,52,0.30441491219732497,89.45555555555555,0.3930339728832245,87.3,0.4132039234638214,86.94,12.930003365003358
tune_verify_signmuon_unit-gain_0.07325_e75_t,0,verify,signmuon,unit-gain,tune,75,0.07325077946108408,53,0.294670429971483,89.89111111111112,0.39218889021873476,87.72999999999999,0.4074436496734619,86.28,12.918286346000968
tune_verify_signmuon_unit-gain_0.07325_e75_t,0,verify,signmuon,unit-gain,tune,75,0.07325077946108408,54,0.2818815633455912,90.13555555555556,0.4131193404197693,87.06,0.41454075337648394,86.52,12.921698684000148
tune_verify_signmuon_unit-gain_0.07325_e75_t,0,verify,signmuon,unit-gain,tune,75,0.07325077946108408,55,0.2612944369951884,90.98666666666666,0.3928428910255432,87.53999999999999,0.39385848252773287,87.88,12.918890315999306
tune_verify_signmuon_unit-gain_0.07325_e75_t,0,verify,signmuon,unit-gain,tune,75,0.07325077946108408,56,0.25118907365269133,91.37555555555555,0.36676588959693907,87.99,0.3773883377075195,87.82,12.921290635000332
tune_verify_signmuon_unit-gain_0.07325_e75_t,0,verify,signmuon,unit-gain,tune,75,0.07325077946108408,57,0.2363350751903322,91.73777777777778,0.3946105906486511,87.74,0.40707969379425046,87.56,12.921491244000208
tune_verify_signmuon_unit-gain_0.07325_e75_t,0,verify,signmuon,unit-gain,tune,75,0.07325077946108408,58,0.22418477246496413,92.08888888888889,0.38038891186714174,87.9,0.39848724374771116,87.68,12.91481995399954
tune_verify_signmuon_unit-gain_0.07325_e75_t,0,verify,signmuon,unit-gain,tune,75,0.07325077946108408,59,0.20270243142975702,92.91111111111111,0.3479103623867035,89.57000000000001,0.36208247137069705,88.94,12.91607232199749
tune_verify_signmuon_unit-gain_0.07325_e75_t,0,verify,signmuon,unit-gain,tune,75,0.07325077946108408,60,0.1862497630993525,93.4511111111111,0.3764621483802795,88.94999999999999,0.3841605001449585,88.75999999999999,12.91870653499791
tune_verify_signmuon_unit-gain_0.07325_e75_t,0,verify,signmuon,unit-gain,tune,75,0.07325077946108408,61,0.17431963011158838,94.00444444444445,0.33708651657104494,89.81,0.36382407112121584,89.08,12.92378104099771
tune_verify_signmuon_unit-gain_0.07325_e75_t,0,verify,signmuon,unit-gain,tune,75,0.07325077946108408,62,0.1594396370212237,94.4511111111111,0.3629609540462494,89.25999999999999,0.3712575011253357,89.12,12.916329526000482
tune_verify_signmuon_unit-gain_0.07325_e75_t,0,verify,signmuon,unit-gain,tune,75,0.07325077946108408,63,0.14804981116718716,94.84222222222223,0.3581683656215668,89.45,0.36882133477926254,89.56,12.911369884001033
tune_verify_signmuon_unit-gain_0.07325_e75_t,0,verify,signmuon,unit-gain,tune,75,0.07325077946108408,64,0.13300602748129103,95.32222222222222,0.3497430239200592,89.89,0.3744766662359238,89.7,12.912737643000582
tune_verify_signmuon_unit-gain_0.07325_e75_t,0,verify,signmuon,unit-gain,tune,75,0.07325077946108408,65,0.12106581762631734,95.62888888888888,0.33992230482101443,90.19,0.3518469360947609,90.10000000000001,12.918049863998021
tune_verify_signmuon_unit-gain_0.07325_e75_t,0,verify,signmuon,unit-gain,tune,75,0.07325077946108408,66,0.10693574295573764,96.30666666666666,0.3588979248046875,90.08,0.3706889077186584,90.28,12.913040471001295
tune_verify_signmuon_unit-gain_0.07325_e75_t,0,verify,signmuon,unit-gain,tune,75,0.07325077946108408,67,0.09723584498299492,96.67999999999999,0.35140584206581116,90.42999999999999,0.36339623727798465,90.46,12.917283667000447
tune_verify_signmuon_unit-gain_0.07325_e75_t,0,verify,signmuon,unit-gain,tune,75,0.07325077946108408,68,0.08515026567644543,97.05777777777777,0.36456512594223023,90.32,0.3687640447974205,90.5,12.915773654000077
tune_verify_signmuon_unit-gain_0.07325_e75_t,0,verify,signmuon,unit-gain,tune,75,0.07325077946108408,69,0.07538214472134908,97.47333333333333,0.374694345331192,90.68,0.3848478765666485,90.3,12.903169878998597
tune_verify_signmuon_unit-gain_0.07325_e75_t,0,verify,signmuon,unit-gain,tune,75,0.07325077946108408,70,0.06954590797689227,97.6511111111111,0.3720831297397614,90.79,0.3911411781311035,90.44,12.905755107000005
tune_verify_signmuon_unit-gain_0.07325_e75_t,0,verify,signmuon,unit-gain,tune,75,0.07325077946108408,71,0.06193000467088487,97.89777777777778,0.38334631834030153,90.81,0.4068353298783302,90.38000000000001,12.902674726999976
tune_verify_signmuon_unit-gain_0.07325_e75_t,0,verify,signmuon,unit-gain,tune,75,0.07325077946108408,72,0.05600391938421461,98.11555555555556,0.3898622373580933,90.96,0.4059723380714655,90.64,12.894986336999864
tune_verify_signmuon_unit-gain_0.07325_e75_t,0,verify,signmuon,unit-gain,tune,75,0.07325077946108408,73,0.053119424633185065,98.21777777777778,0.39550989236831663,90.99000000000001,0.4154434654593468,90.68,12.891988361996482
tune_verify_signmuon_unit-gain_0.07325_e75_t,0,verify,signmuon,unit-gain,tune,75,0.07325077946108408,74,0.05080272095070945,98.29333333333334,0.39908447914123535,91.03999999999999,0.41582711738944056,90.62,12.889756761000172
tune_verify_signmuon_unit-gain_0.07325_e75_t,0,verify,signmuon,unit-gain,tune,75,0.07325077946108408,75,0.04880779090060128,98.34888888888888,0.39654331073760984,91.07,0.41557528678178784,90.60000000000001,12.89321827400272
